unit_id,waveform_PT_ratio,waveform_amplitude,amplitude_cutoff,cumulative_drift,d_prime,waveform_duration,ecephys_channel_id,firing_rate,waveform_halfwidth,isi_violations,isolation_distance,L_ratio,max_drift,nn_hit_rate,nn_miss_rate,presence_ratio,waveform_recovery_slope,waveform_repolarization_slope,silhouette_score,snr,waveform_spread,waveform_velocity_above,waveform_velocity_below,ecephys_probe_id,local_index,probe_horizontal_position,probe_vertical_position,anterior_posterior_ccf_coordinate,dorsal_ventral_ccf_coordinate,left_right_ccf_coordinate,ecephys_structure_id,ecephys_structure_acronym,ecephys_session_id,lfp_sampling_rate,name,phase,sampling_rate,has_lfp_data,date_of_acquisition,published_at,specimen_id,session_type,age_in_days,sex,genotype,channel__ecephys_probe_id,channel__local_index,channel__probe_horizontal_position,channel__probe_vertical_position,channel__anterior_posterior_ccf_coordinate,channel__dorsal_ventral_ccf_coordinate,channel__left_right_ccf_coordinate,channel__ecephys_structure_id,channel__ecephys_structure_acronym,channel__ecephys_session_id,channel__lfp_sampling_rate,channel__phase,channel__sampling_rate,channel__has_lfp_data,channel__unit_count
951084160,0.511670583940423,117.207675,0.0517614081175209,88.53,6.01023416988356,0.233500837520938,849777148,34.2928777707088,0.1785594639866,0.0045369276530545,114.964477041365,0.0017641368579775,12.94,0.996,0.0163873370577281,0.99,-0.134293213513284,0.529501079974472,0.158649882015145,2.74445719660613,50.0,0.0,0.0,832810573,15,27,160,8291.0,2876.0,7069.0,313.0,MB,831882777,1249.99867930076,probeA,3a,29999.9683032182,True,2019-03-06T09:04:43Z,2019-10-03T00:00:00Z,803390291,functional_connectivity,137.0,M,Sst-IRES-Cre/wt;Ai32(RCL-ChR2(H134R)_EYFP)/wt,832810573,15,27,160,8291.0,2876.0,7069.0,313.0,MB,831882777,1249.99867930076,3a,29999.9683032182,True,1
951084185,0.518932410656136,121.890405,0.0660259173461347,98.64,6.71812991568571,0.343383584589615,849777160,14.8315839720157,0.192294807370184,0.009528604493256,128.829182133618,0.000219849098752,10.75,0.998,0.0032154340836012,0.99,-0.0962246831045599,0.50272924553398,0.153022510891611,2.99084974410515,60.0,0.0686767169179227,0.343383584589614,832810573,21,11,220,8274.0,2830.0,7078.0,1061.0,PPT,831882777,1249.99867930076,probeA,3a,29999.9683032182,True,2019-03-06T09:04:43Z,2019-10-03T00:00:00Z,803390291,functional_connectivity,137.0,M,Sst-IRES-Cre/wt;Ai32(RCL-ChR2(H134R)_EYFP)/wt,832810573,21,11,220,8274.0,2830.0,7078.0,1061.0,PPT,831882777,1249.99867930076,3a,29999.9683032182,True,1
951084256,0.585321478594389,139.727835,5.16655778518505e-05,123.77,9.01535294203642,0.398324958123953,849777180,3.94033217475748,0.274706867671692,0.0,130.783314941753,2.1375161165261e-06,19.29,1.0,0.0,0.99,-0.108417471906324,0.527717031709878,0.233822579660471,3.33720732084092,50.0,0.96147403685092,2.74706867671692,832810573,31,27,320,8245.0,2755.0,7091.0,1061.0,PPT,831882777,1249.99867930076,probeA,3a,29999.9683032182,True,2019-03-06T09:04:43Z,2019-10-03T00:00:00Z,803390291,functional_connectivity,137.0,M,Sst-IRES-Cre/wt;Ai32(RCL-ChR2(H134R)_EYFP)/wt,832810573,31,27,320,8245.0,2755.0,7091.0,1061.0,PPT,831882777,1249.99867930076,3a,29999.9683032182,True,1
951084266,0.766595039055178,155.557155,0.0019261359827013,84.14,8.34423878803218,0.343383584589615,849777186,14.8380913716798,0.15108877721943,0.0038080994353049,159.41597171722,1.3409973322034e-05,6.29,1.0,0.0004020908725371,0.99,-0.14117659752708,0.629699666549042,0.221461820572243,3.70916546585015,60.0,0.343383584589614,-0.686767169179229,832810573,34,59,360,8237.0,2734.0,7095.0,1061.0,PPT,831882777,1249.99867930076,probeA,3a,29999.9683032182,True,2019-03-06T09:04:43Z,2019-10-03T00:00:00Z,803390291,functional_connectivity,137.0,M,Sst-IRES-Cre/wt;Ai32(RCL-ChR2(H134R)_EYFP)/wt,832810573,34,59,360,8237.0,2734.0,7095.0,1061.0,PPT,831882777,1249.99867930076,3a,29999.9683032182,True,1
951084329,0.478359726351641,134.28324,0.0391236647744604,125.99,5.68738071829467,0.370854271356784,849777212,2.56818594870138,0.1785594639866,0.202235221347523,88.4617147420087,0.0008556445295178,15.34,0.952153110047847,0.0007149422939434,0.99,-0.0731617374391576,0.543121714750798,0.135823363639767,2.99774131646937,50.0,0.68676716917923,-0.343383584589615,832810573,47,27,480,8197.0,2637.0,7109.0,628.0,NOT,831882777,1249.99867930076,probeA,3a,29999.9683032182,True,2019-03-06T09:04:43Z,2019-10-03T00:00:00Z,803390291,functional_connectivity,137.0,M,Sst-IRES-Cre/wt;Ai32(RCL-ChR2(H134R)_EYFP)/wt,832810573,47,27,480,8197.0,2637.0,7109.0,628.0,NOT,831882777,1249.99867930076,3a,29999.9683032182,True,1
951084348,0.68547940914515,123.146985,0.0412566833853121,99.27,4.94498874019261,0.370854271356784,849777216,26.6812537260582,0.164824120603015,0.021360042448545,101.727726043765,0.0029061888944402,6.91,0.986666666666667,0.0058029689608637,0.99,-0.0988280062235307,0.460073317556901,0.137272841948474,2.83622343139353,70.0,0.68676716917923,-0.0185612748426818,832810573,49,11,500,8191.0,2624.0,7110.0,628.0,NOT,831882777,1249.99867930076,probeA,3a,29999.9683032182,True,2019-03-06T09:04:43Z,2019-10-03T00:00:00Z,803390291,functional_connectivity,137.0,M,Sst-IRES-Cre/wt;Ai32(RCL-ChR2(H134R)_EYFP)/wt,832810573,49,11,500,8191.0,2624.0,7110.0,628.0,NOT,831882777,1249.99867930076,3a,29999.9683032182,True,1
951084373,0.440616703218271,154.034595,0.0006946716205305,46.62,6.46912747500627,0.439530988274707,849777220,33.1413730645151,0.219765494137353,0.0057598181811259,107.564738635878,0.0002403563300408,10.05,0.997333333333333,0.0004151100041511,0.99,-0.122077247413449,0.516003251514987,0.202972949416992,3.18014268258244,60.0,0.755443886097153,0.0,832810573,51,27,520,8185.0,2610.0,7112.0,628.0,NOT,831882777,1249.99867930076,probeA,3a,29999.9683032182,True,2019-03-06T09:04:43Z,2019-10-03T00:00:00Z,803390291,functional_connectivity,137.0,M,Sst-IRES-Cre/wt;Ai32(RCL-ChR2(H134R)_EYFP)/wt,832810573,51,27,520,8185.0,2610.0,7112.0,628.0,NOT,831882777,1249.99867930076,3a,29999.9683032182,True,1
951084383,0.404778626624394,117.4368,0.0612535867689058,212.87,5.20779570529136,0.398324958123953,849777222,2.8060110708018,0.192294807370184,0.024200978473243,58.3095747115304,0.0012560046703322,16.86,0.936936936936937,0.000505612296491,0.99,-0.0868742688325199,0.454723903784761,0.0591403726700838,2.36825168857591,60.0,0.0,0.686767169179229,832810573,52,43,540,8182.0,2604.0,7113.0,628.0,NOT,831882777,1249.99867930076,probeA,3a,29999.9683032182,True,2019-03-06T09:04:43Z,2019-10-03T00:00:00Z,803390291,functional_connectivity,137.0,M,Sst-IRES-Cre/wt;Ai32(RCL-ChR2(H134R)_EYFP)/wt,832810573,52,43,540,8182.0,2604.0,7113.0,628.0,NOT,831882777,1249.99867930076,3a,29999.9683032182,True,1
951084417,0.41724292743693,135.23874,0.0016997902781228,171.45,5.80123514978033,0.233500837520938,849777224,10.2751840696796,0.15108877721943,0.0075802190334713,77.087067865805,0.0005520568956284,26.75,0.991100323624595,0.0002085940759282,0.99,-0.0878438010811992,0.592793995832129,0.0949115683041292,2.66942537121947,90.0,0.313950705910505,-0.618090452261307,832810573,53,11,540,8180.0,2597.0,7113.0,628.0,NOT,831882777,1249.99867930076,probeA,3a,29999.9683032182,True,2019-03-06T09:04:43Z,2019-10-03T00:00:00Z,803390291,functional_connectivity,137.0,M,Sst-IRES-Cre/wt;Ai32(RCL-ChR2(H134R)_EYFP)/wt,832810573,53,11,540,8180.0,2597.0,7113.0,628.0,NOT,831882777,1249.99867930076,3a,29999.9683032182,True,1
951084437,0.660735292168157,157.59705,0.0529470034802968,143.78,5.79207579127567,0.233500837520938,849777226,30.9264169038329,0.15108877721943,0.0114755882433732,97.6824813720062,0.0001949694552096,14.32,0.998,0.0030161776802851,0.99,-0.180215132852105,0.719800549787445,0.105295059806699,3.18459629395869,120.0,0.72764616734466,0.480737018425461,832810573,54,59,560,8177.0,2591.0,7114.0,628.0,NOT,831882777,1249.99867930076,probeA,3a,29999.9683032182,True,2019-03-06T09:04:43Z,2019-10-03T00:00:00Z,803390291,functional_connectivity,137.0,M,Sst-IRES-Cre/wt;Ai32(RCL-ChR2(H134R)_EYFP)/wt,832810573,54,59,560,8177.0,2591.0,7114.0,628.0,NOT,831882777,1249.99867930076,3a,29999.9683032182,True,1
951084469,0.50353926150045,283.967775,0.0007400199544352,61.88,6.85887911920997,0.343383584589615,849777232,18.8150276695481,0.137353433835846,0.0032296332929429,106.804679757678,0.0002419687473043,21.34,0.991333333333333,0.0003648747263439,0.99,-0.185189897438894,1.15374304713537,0.179683108717579,4.859288076925,40.0,0.0,-0.68676716917923,832810573,57,11,580,8168.0,2571.0,7116.0,628.0,NOT,831882777,1249.99867930076,probeA,3a,29999.9683032182,True,2019-03-06T09:04:43Z,2019-10-03T00:00:00Z,803390291,functional_connectivity,137.0,M,Sst-IRES-Cre/wt;Ai32(RCL-ChR2(H134R)_EYFP)/wt,832810573,57,11,580,8168.0,2571.0,7116.0,628.0,NOT,831882777,1249.99867930076,3a,29999.9683032182,True,1
951084484,0.650331157108845,127.47033,0.0116888930364953,145.77,4.75687367645556,0.206030150753769,849777238,41.9698808463601,0.123618090452261,0.0037862061583613,97.2883716357956,0.0004688129477159,19.04,0.995333333333333,0.0006773101112723,0.99,-0.0974189373145679,0.446081905360496,0.116171877591177,2.30706402933329,80.0,1.30485762144054,0.137353433835845,832810573,60,43,620,8157.0,2545.0,7118.0,628.0,NOT,831882777,1249.99867930076,probeA,3a,29999.9683032182,True,2019-03-06T09:04:43Z,2019-10-03T00:00:00Z,803390291,functional_connectivity,137.0,M,Sst-IRES-Cre/wt;Ai32(RCL-ChR2(H134R)_EYFP)/wt,832810573,60,43,620,8157.0,2545.0,7118.0,628.0,NOT,831882777,1249.99867930076,3a,29999.9683032182,True,1
951084501,0.584347439043249,244.56081,0.0001647240874485,65.78,6.74003293204135,0.219765494137353,849777240,74.565140729686,0.123618090452261,0.0005689159241621,148.406213999583,2.87186793945779e-05,18.08,0.998,0.0005437737901033,0.99,-0.273325581804026,1.09680117235388,0.175805545612868,4.21807458729566,50.0,-2.06030150753769,-0.961474036850921,832810573,61,11,620,8154.0,2539.0,7118.0,628.0,NOT,831882777,1249.99867930076,probeA,3a,29999.9683032182,True,2019-03-06T09:04:43Z,2019-10-03T00:00:00Z,803390291,functional_connectivity,137.0,M,Sst-IRES-Cre/wt;Ai32(RCL-ChR2(H134R)_EYFP)/wt,832810573,61,11,620,8154.0,2539.0,7118.0,628.0,NOT,831882777,1249.99867930076,3a,29999.9683032182,True,1
951084510,0.223497330780348,178.150635,0.0308680502183595,79.79,4.42986871995503,0.233500837520938,849777242,35.5357911065599,0.0961474036850922,0.0047683626447048,81.6170578811483,0.0007079429156136,13.61,0.996666666666667,0.0006631299734748,0.99,-0.0776008665955332,0.726453225538918,0.154082292351987,3.01507065250415,50.0,0.343383584589615,-1.03015075376885,832810573,62,59,640,8151.0,2532.0,7118.0,628.0,NOT,831882777,1249.99867930076,probeA,3a,29999.9683032182,True,2019-03-06T09:04:43Z,2019-10-03T00:00:00Z,803390291,functional_connectivity,137.0,M,Sst-IRES-Cre/wt;Ai32(RCL-ChR2(H134R)_EYFP)/wt,832810573,62,59,640,8151.0,2532.0,7118.0,628.0,NOT,831882777,1249.99867930076,3a,29999.9683032182,True,1
951084519,0.380334938309077,131.973855,0.0594566782794235,209.97,5.37780856464251,0.425795644891122,849777244,4.34724801000583,0.192294807370184,0.0060497036566327,61.2715132067393,0.0013316758860551,23.17,0.864406779661017,0.0003710449976388,0.99,-0.0894768953775798,0.568316772939248,0.108191136835551,2.42642968162265,60.0,0.0,-0.892797319932998,832810573,63,27,640,8148.0,2526.0,7119.0,628.0,NOT,831882777,1249.99867930076,probeA,3a,29999.9683032182,True,2019-03-06T09:04:43Z,2019-10-03T00:00:00Z,803390291,functional_connectivity,137.0,M,Sst-IRES-Cre/wt;Ai32(RCL-ChR2(H134R)_EYFP)/wt,832810573,63,27,640,8148.0,2526.0,7119.0,628.0,NOT,831882777,1249.99867930076,3a,29999.9683032182,True,1
951084572,0.727341228229787,116.6607,0.067594053809988,129.46,3.55708664467415,0.260971524288107,849777252,39.6361646418074,0.15108877721943,0.0120078667790909,72.5335375297127,0.0056218181692112,25.34,0.982666666666667,0.0116896918172157,0.99,-0.0979917137624194,0.536209002260166,0.0980783950446812,2.05272917439083,70.0,0.0,-0.824120603015075,832810573,67,27,680,8137.0,2500.0,7120.0,628.0,NOT,831882777,1249.99867930076,probeA,3a,29999.9683032182,True,2019-03-06T09:04:43Z,2019-10-03T00:00:00Z,803390291,functional_connectivity,137.0,M,Sst-IRES-Cre/wt;Ai32(RCL-ChR2(H134R)_EYFP)/wt,832810573,67,27,680,8137.0,2500.0,7120.0,628.0,NOT,831882777,1249.99867930076,3a,29999.9683032182,True,1
951084585,0.551566195893917,158.883075,5.05147921251481e-06,123.56,6.94469464111981,0.302177554438861,849777254,10.5287693003416,0.137353433835846,0.0,91.9228507334703,2.20051953349722e-05,27.86,0.998,3.92387679026879e-05,0.99,-0.155163083766552,0.674041055800137,0.176247697991987,3.01209471888413,70.0,2.4036850921273,-0.206030150753769,832810573,68,43,700,8134.0,2494.0,7120.0,628.0,NOT,831882777,1249.99867930076,probeA,3a,29999.9683032182,True,2019-03-06T09:04:43Z,2019-10-03T00:00:00Z,803390291,functional_connectivity,137.0,M,Sst-IRES-Cre/wt;Ai32(RCL-ChR2(H134R)_EYFP)/wt,832810573,68,43,700,8134.0,2494.0,7120.0,628.0,NOT,831882777,1249.99867930076,3a,29999.9683032182,True,1
951084650,0.439649521551764,80.6069550000001,0.0011506666157327,79.21,12.6297356467659,0.370854271356784,849777348,13.467877029899,0.123618090452261,0.0025213006900067,525.558550897387,0.0,23.46,1.0,0.0,0.99,-0.0551034181325894,0.336916111497108,0.185909204629232,2.73590376494296,30.0,0.0,,832810573,115,27,1160,8016.0,2154.0,7139.0,484682470.0,ProS,831882777,1249.99867930076,probeA,3a,29999.9683032182,True,2019-03-06T09:04:43Z,2019-10-03T00:00:00Z,803390291,functional_connectivity,137.0,M,Sst-IRES-Cre/wt;Ai32(RCL-ChR2(H134R)_EYFP)/wt,832810573,115,27,1160,8016.0,2154.0,7139.0,484682470.0,ProS,831882777,1249.99867930076,3a,29999.9683032182,True,1
951084661,1.12305832539092,94.609515,0.0001883188836199,78.89,12.5573394715196,0.315912897822446,849777350,5.55071023539301,0.15108877721943,0.0,212.331543279557,3.1802532103555e-14,25.14,1.0,0.0,0.98,-0.108778509589286,0.399341941516334,0.300252873445684,2.98811544370002,30.0,-3.43383584589615,,832810573,116,43,1180,8014.0,2146.0,7140.0,484682470.0,ProS,831882777,1249.99867930076,probeA,3a,29999.9683032182,True,2019-03-06T09:04:43Z,2019-10-03T00:00:00Z,803390291,functional_connectivity,137.0,M,Sst-IRES-Cre/wt;Ai32(RCL-ChR2(H134R)_EYFP)/wt,832810573,116,43,1180,8014.0,2146.0,7140.0,484682470.0,ProS,831882777,1249.99867930076,3a,29999.9683032182,True,1
951084687,0.397679631327631,142.32309,0.0147093943392404,102.71,10.193955750304,0.453266331658292,849777416,2.00926132442346,0.164824120603015,0.0,179.400449768164,1.1604266238850601e-10,16.14,0.999333333333333,0.0,0.99,-0.0558076207943449,0.501204651147474,0.284281602778033,3.74474440502532,20.0,,-1.37353433835846,832810573,149,11,1500,7943.0,1840.0,7219.0,382.0,CA1,831882777,1249.99867930076,probeA,3a,29999.9683032182,True,2019-03-06T09:04:43Z,2019-10-03T00:00:00Z,803390291,functional_connectivity,137.0,M,Sst-IRES-Cre/wt;Ai32(RCL-ChR2(H134R)_EYFP)/wt,832810573,149,11,1500,7943.0,1840.0,7219.0,382.0,CA1,831882777,1249.99867930076,3a,29999.9683032182,True,1
951084745,0.852647331526117,65.3803799999999,0.0743830522149291,260.18,3.48651121239323,0.535678391959799,849777438,3.27017168747065,0.1785594639866,0.0534554305704873,64.0215102193728,0.0089328940491065,39.79,0.939333333333333,0.0097543087642097,0.99,-0.0187737061374149,0.168245521859447,0.044489120482635,2.04612410475664,70.0,-0.618090452261307,-1.37353433835846,832810573,160,43,1620,7919.0,1735.0,7256.0,382.0,CA1,831882777,1249.99867930076,probeA,3a,29999.9683032182,True,2019-03-06T09:04:43Z,2019-10-03T00:00:00Z,803390291,functional_connectivity,137.0,M,Sst-IRES-Cre/wt;Ai32(RCL-ChR2(H134R)_EYFP)/wt,832810573,160,43,1620,7919.0,1735.0,7256.0,382.0,CA1,831882777,1249.99867930076,3a,29999.9683032182,True,1
951084827,0.550941693464138,68.357445,0.0274130878091365,101.1,4.18106298879534,0.467001675041876,849777444,8.93618491066267,0.123618090452261,0.0100220527095055,87.4598043336949,0.0058174371260056,34.33,0.984,0.0212595266746891,0.99,-0.0122593540063496,0.235732905605629,0.0837539692557659,2.14142439774862,70.0,0.618090452261306,-0.206030150753768,832810573,163,27,1640,7913.0,1706.0,7266.0,382.0,CA1,831882777,1249.99867930076,probeA,3a,29999.9683032182,True,2019-03-06T09:04:43Z,2019-10-03T00:00:00Z,803390291,functional_connectivity,137.0,M,Sst-IRES-Cre/wt;Ai32(RCL-ChR2(H134R)_EYFP)/wt,832810573,163,27,1640,7913.0,1706.0,7266.0,382.0,CA1,831882777,1249.99867930076,3a,29999.9683032182,True,1
951084844,0.423291346535113,73.29621,0.0657535904213009,224.18,4.49030962442638,0.714237855946399,849777448,0.844538462661874,0.357118927973199,0.320593021784627,47.3033310154678,0.012226221582853,24.86,0.891156462585034,0.002141982864137,0.98,-0.0132141128941479,0.153562416863125,0.114526021207846,2.13472271917731,110.0,-1.40967997884158,-1.71691792294807,832810573,165,11,1660,7908.0,1686.0,7273.0,382.0,CA1,831882777,1249.99867930076,probeA,3a,29999.9683032182,True,2019-03-06T09:04:43Z,2019-10-03T00:00:00Z,803390291,functional_connectivity,137.0,M,Sst-IRES-Cre/wt;Ai32(RCL-ChR2(H134R)_EYFP)/wt,832810573,165,11,1660,7908.0,1686.0,7273.0,382.0,CA1,831882777,1249.99867930076,3a,29999.9683032182,True,1
951084872,0.722778154013905,60.0561,0.035594321279925,156.44,4.29828420850205,0.425795644891122,849777452,4.81344218906972,0.15108877721943,0.0592151265501123,67.1170426715668,0.0054350393341915,29.94,0.975333333333333,0.0059705839522353,0.99,-0.0337063826909698,0.225125382328579,0.0880196568611813,1.70577485099956,70.0,0.0686767169179227,-2.12897822445561,832810573,167,27,1680,7903.0,1667.0,7280.0,382.0,CA1,831882777,1249.99867930076,probeA,3a,29999.9683032182,True,2019-03-06T09:04:43Z,2019-10-03T00:00:00Z,803390291,functional_connectivity,137.0,M,Sst-IRES-Cre/wt;Ai32(RCL-ChR2(H134R)_EYFP)/wt,832810573,167,27,1680,7903.0,1667.0,7280.0,382.0,CA1,831882777,1249.99867930076,3a,29999.9683032182,True,2
951084891,0.372075828072936,83.5752450000001,0.0057261214689087,148.12,4.68580169877622,0.549413735343384,849777452,0.377632536759716,0.247236180904523,0.0,51.2060868017071,0.0029942742780048,32.39,0.891774891774892,0.0002351439416843,0.99,-0.0223808230738625,0.27930514759851,-0.0715447800404484,2.1657935438727,60.0,-0.686767169179229,-1.99162479061977,832810573,167,27,1680,7903.0,1667.0,7280.0,382.0,CA1,831882777,1249.99867930076,probeA,3a,29999.9683032182,True,2019-03-06T09:04:43Z,2019-10-03T00:00:00Z,803390291,functional_connectivity,137.0,M,Sst-IRES-Cre/wt;Ai32(RCL-ChR2(H134R)_EYFP)/wt,832810573,167,27,1680,7903.0,1667.0,7280.0,382.0,CA1,831882777,1249.99867930076,3a,29999.9683032182,True,2
951084949,0.247757870931171,187.782855,0.0002723522187511,106.88,7.10730706946,0.727973199329983,849777458,2.80336743968824,0.219765494137353,0.0193973152004197,172.71741869514,0.0001584810186521,31.53,0.992666666666667,0.0009140245644101,0.99,-0.052173474600807,0.552890511417142,0.313929261075387,4.85414313952467,70.0,-0.343383584589615,-1.23618090452261,832810573,170,59,1720,7896.0,1638.0,7289.0,382.0,CA1,831882777,1249.99867930076,probeA,3a,29999.9683032182,True,2019-03-06T09:04:43Z,2019-10-03T00:00:00Z,803390291,functional_connectivity,137.0,M,Sst-IRES-Cre/wt;Ai32(RCL-ChR2(H134R)_EYFP)/wt,832810573,170,59,1720,7896.0,1638.0,7289.0,382.0,CA1,831882777,1249.99867930076,3a,29999.9683032182,True,1
951084990,0.0991620984932501,135.658965,0.0010291229044525,106.62,4.12952873118673,0.645561139028476,849777466,6.15935546022976,0.219765494137353,0.0080363923559133,96.1388718858461,0.0070104690549136,36.28,0.978666666666667,0.0026350461133069,0.99,-0.0012459380847551,0.366128251053784,0.168640668518435,2.36156447914677,70.0,0.618090452261306,-2.47236180904523,832810573,174,59,1760,7886.0,1600.0,7302.0,382.0,CA1,831882777,1249.99867930076,probeA,3a,29999.9683032182,True,2019-03-06T09:04:43Z,2019-10-03T00:00:00Z,803390291,functional_connectivity,137.0,M,Sst-IRES-Cre/wt;Ai32(RCL-ChR2(H134R)_EYFP)/wt,832810573,174,59,1760,7886.0,1600.0,7302.0,382.0,CA1,831882777,1249.99867930076,3a,29999.9683032182,True,1
951085048,0.153192658136718,92.7024150000001,0.0083318151579626,152.35,3.0709763208608,0.920268006700167,849777462,5.89468731451475,0.302177554438861,0.307098833753465,70.4971108421874,0.0152871747887787,43.39,0.961333333333333,0.005705444347742,0.99,-0.0098338551850156,0.190793441027455,0.133146917621903,1.86676388929379,90.0,-0.0981095955970328,-3.43383584589615,832810573,172,43,1740,7891.0,1619.0,7296.0,382.0,CA1,831882777,1249.99867930076,probeA,3a,29999.9683032182,True,2019-03-06T09:04:43Z,2019-10-03T00:00:00Z,803390291,functional_connectivity,137.0,M,Sst-IRES-Cre/wt;Ai32(RCL-ChR2(H134R)_EYFP)/wt,832810573,172,43,1740,7891.0,1619.0,7296.0,382.0,CA1,831882777,1249.99867930076,3a,29999.9683032182,True,1
951085066,0.239125917541722,120.920085,0.0014283616990018,136.61,4.73467607349111,0.576884422110553,849777472,2.46904978194297,0.219765494137353,0.0687661442014874,61.8681325826875,0.0076488208689689,39.53,0.967333333333333,0.0033602986932171,0.99,-0.0271246401013611,0.389203854820378,0.0977922678081318,2.37922635826671,80.0,-0.068676716917923,-2.26633165829146,832810573,177,11,1780,7878.0,1571.0,7312.0,382.0,CA1,831882777,1249.99867930076,probeA,3a,29999.9683032182,True,2019-03-06T09:04:43Z,2019-10-03T00:00:00Z,803390291,functional_connectivity,137.0,M,Sst-IRES-Cre/wt;Ai32(RCL-ChR2(H134R)_EYFP)/wt,832810573,177,11,1780,7878.0,1571.0,7312.0,382.0,CA1,831882777,1249.99867930076,3a,29999.9683032182,True,1
951085084,0.233511635168076,146.425695,0.0011935473799624,134.49,3.74573570250712,0.686767169179229,849777480,2.93463389228835,0.206030150753769,0.185858793613132,50.3828396735676,0.0158127028292458,38.47,0.924355777223608,0.0036462131472028,0.99,-0.0409668921534267,0.358376473628182,0.166244280997327,2.13137830421302,90.0,-0.137353433835846,-1.33429050011965,832810573,181,11,1820,7868.0,1533.0,7323.0,382.0,CA1,831882777,1249.99867930076,probeA,3a,29999.9683032182,True,2019-03-06T09:04:43Z,2019-10-03T00:00:00Z,803390291,functional_connectivity,137.0,M,Sst-IRES-Cre/wt;Ai32(RCL-ChR2(H134R)_EYFP)/wt,832810573,181,11,1820,7868.0,1533.0,7323.0,382.0,CA1,831882777,1249.99867930076,3a,29999.9683032182,True,3
951085194,0.186698113786477,231.809175,0.0022868476489688,82.35,4.94554784899896,0.755443886097152,849777480,3.5483630231127,0.1785594639866,0.233077959006251,64.3393496065763,0.0043005734417737,13.5,0.947873799725652,0.0023474178403755,0.98,-0.0422510534356935,0.767167909265598,0.139885054738685,4.11993321002546,50.0,0.0,-1.71691792294807,832810573,181,11,1820,7868.0,1533.0,7323.0,382.0,CA1,831882777,1249.99867930076,probeA,3a,29999.9683032182,True,2019-03-06T09:04:43Z,2019-10-03T00:00:00Z,803390291,functional_connectivity,137.0,M,Sst-IRES-Cre/wt;Ai32(RCL-ChR2(H134R)_EYFP)/wt,832810573,181,11,1820,7868.0,1533.0,7323.0,382.0,CA1,831882777,1249.99867930076,3a,29999.9683032182,True,3
951085204,0.275938462506177,92.356485,0.098424259058451,259.08,1.53623967149042,0.769179229480737,849777480,6.61344994304314,0.357118927973199,0.406913801632317,40.4931249583137,0.0900551012322074,46.4,0.674,0.0241668071713595,0.99,-0.0270751974713608,0.145706048749374,0.0712264013755911,1.25278680254944,90.0,-0.206030150753769,-1.5108877721943,832810573,181,11,1820,7868.0,1533.0,7323.0,382.0,CA1,831882777,1249.99867930076,probeA,3a,29999.9683032182,True,2019-03-06T09:04:43Z,2019-10-03T00:00:00Z,803390291,functional_connectivity,137.0,M,Sst-IRES-Cre/wt;Ai32(RCL-ChR2(H134R)_EYFP)/wt,832810573,181,11,1820,7868.0,1533.0,7323.0,382.0,CA1,831882777,1249.99867930076,3a,29999.9683032182,True,3
951085151,0.216158841041812,67.7381250000001,0.03387139522117,132.35,3.4126735444775,0.700502512562814,849777474,1.39299024060531,0.247236180904523,0.373163480263704,53.8272177305754,0.0096386073041703,11.56,0.817171717171717,0.0079283005860048,0.99,-0.0153119654419401,0.199960398294102,0.128374674895139,1.85159449633526,60.0,-0.343383584589615,-2.4036850921273,832810573,178,59,1800,7876.0,1562.0,7315.0,382.0,CA1,831882777,1249.99867930076,probeA,3a,29999.9683032182,True,2019-03-06T09:04:43Z,2019-10-03T00:00:00Z,803390291,functional_connectivity,137.0,M,Sst-IRES-Cre/wt;Ai32(RCL-ChR2(H134R)_EYFP)/wt,832810573,178,59,1800,7876.0,1562.0,7315.0,382.0,CA1,831882777,1249.99867930076,3a,29999.9683032182,True,2
951085183,0.3452437993939,160.882995,0.000608045159268,126.21,6.25819729703568,0.686767169179229,849777474,2.52883651635727,0.219765494137353,0.0536343081191024,94.4457385051255,0.000295399262743,36.21,0.985333333333333,0.0004681647940074,0.99,-0.0618875072088318,0.431862130586036,0.188868206892293,4.18213834444075,90.0,-0.343383584589614,-2.54103852596315,832810573,178,59,1800,7876.0,1562.0,7315.0,382.0,CA1,831882777,1249.99867930076,probeA,3a,29999.9683032182,True,2019-03-06T09:04:43Z,2019-10-03T00:00:00Z,803390291,functional_connectivity,137.0,M,Sst-IRES-Cre/wt;Ai32(RCL-ChR2(H134R)_EYFP)/wt,832810573,178,59,1800,7876.0,1562.0,7315.0,382.0,CA1,831882777,1249.99867930076,3a,29999.9683032182,True,2
951085241,0.217397134201747,128.52138,0.0009235761517073,65.88,5.69330396720245,0.851591289782244,849777484,1.94500075274007,0.192294807370184,0.0100740043454366,83.7166406276116,0.0001632669554162,25.26,0.984962406015038,0.0006163961372508,0.98,-0.0117425891072155,0.218630251748555,0.149346422561968,1.79100447051071,80.0,0.0,-1.4912658530749,832810573,183,27,1840,7862.0,1514.0,7329.0,382.0,CA1,831882777,1249.99867930076,probeA,3a,29999.9683032182,True,2019-03-06T09:04:43Z,2019-10-03T00:00:00Z,803390291,functional_connectivity,137.0,M,Sst-IRES-Cre/wt;Ai32(RCL-ChR2(H134R)_EYFP)/wt,832810573,183,27,1840,7862.0,1514.0,7329.0,382.0,CA1,831882777,1249.99867930076,3a,29999.9683032182,True,1
951085256,0.253640816666535,98.754825,0.0243326813966674,92.09,2.03568978184271,0.686767169179229,849777488,12.8863798630361,0.233500837520938,0.167074897014712,63.3606733385594,0.041347898420196,36.32,0.849333333333333,0.0304114490161002,0.99,-0.0323290876712934,0.297547360939905,0.0597545188935843,2.23257448517092,50.0,0.686767169179227,-1.64824120603015,832810573,185,11,1860,7856.0,1496.0,7335.0,382.0,CA1,831882777,1249.99867930076,probeA,3a,29999.9683032182,True,2019-03-06T09:04:43Z,2019-10-03T00:00:00Z,803390291,functional_connectivity,137.0,M,Sst-IRES-Cre/wt;Ai32(RCL-ChR2(H134R)_EYFP)/wt,832810573,185,11,1860,7856.0,1496.0,7335.0,382.0,CA1,831882777,1249.99867930076,3a,29999.9683032182,True,2
951085267,0.286740068388787,127.432695,0.0029704147807423,142.52,1.87916340323561,0.700502512562814,849777488,8.44030072063113,0.164824120603015,0.384640252284083,42.0591831712102,0.0984448115026131,34.99,0.686,0.0335905916942301,0.99,-0.0281961019949471,0.368433117585828,0.0638186636265492,2.78102043398754,70.0,0.343383584589614,-1.44221105527638,832810573,185,11,1860,7856.0,1496.0,7335.0,382.0,CA1,831882777,1249.99867930076,probeA,3a,29999.9683032182,True,2019-03-06T09:04:43Z,2019-10-03T00:00:00Z,803390291,functional_connectivity,137.0,M,Sst-IRES-Cre/wt;Ai32(RCL-ChR2(H134R)_EYFP)/wt,832810573,185,11,1860,7856.0,1496.0,7335.0,382.0,CA1,831882777,1249.99867930076,3a,29999.9683032182,True,2
951085314,0.344412788570455,113.04852,0.0050468020090853,122.53,3.50823658888752,0.947738693467337,849777492,0.990243208266794,0.15108877721943,0.116594802532047,53.0426481339054,0.0030589903387211,41.81,0.925287356321839,0.0002697963037906,0.99,-0.0297300301247013,0.357000013870078,0.121529256726177,2.2683243538044,80.0,0.686767169179227,-1.10373295046662,832810573,187,27,1880,7851.0,1477.0,7340.0,382.0,CA1,831882777,1249.99867930076,probeA,3a,29999.9683032182,True,2019-03-06T09:04:43Z,2019-10-03T00:00:00Z,803390291,functional_connectivity,137.0,M,Sst-IRES-Cre/wt;Ai32(RCL-ChR2(H134R)_EYFP)/wt,832810573,187,27,1880,7851.0,1477.0,7340.0,382.0,CA1,831882777,1249.99867930076,3a,29999.9683032182,True,1
951085330,0.318581285508473,184.230345,0.0003384152121509,70.18,3.7841704439308,0.810385259631491,849777496,3.47566316748987,0.164824120603015,0.0410142789450121,51.3154874397815,0.0146189518551223,30.03,0.965686274509804,0.0009382819015846,0.99,-0.0461066719732563,0.663016542711871,0.10037731700367,2.2486838272735,70.0,0.0,-1.12826034936588,832810573,189,11,1900,7845.0,1458.0,7345.0,382.0,CA1,831882777,1249.99867930076,probeA,3a,29999.9683032182,True,2019-03-06T09:04:43Z,2019-10-03T00:00:00Z,803390291,functional_connectivity,137.0,M,Sst-IRES-Cre/wt;Ai32(RCL-ChR2(H134R)_EYFP)/wt,832810573,189,11,1900,7845.0,1458.0,7345.0,382.0,CA1,831882777,1249.99867930076,3a,29999.9683032182,True,2
951085392,0.316748847669105,117.627705,0.0482788618236041,162.15,1.9275721423644,0.961474036850921,849777496,4.7022063260608,0.1785594639866,0.468821178792953,35.7370554889379,0.129074694566213,27.91,0.571333333333333,0.0198646583715346,0.99,-0.0202165695744592,0.401184191919127,0.0452953384622762,1.98110656454554,70.0,0.343383584589614,-0.824120603015075,832810573,189,11,1900,7845.0,1458.0,7345.0,382.0,CA1,831882777,1249.99867930076,probeA,3a,29999.9683032182,True,2019-03-06T09:04:43Z,2019-10-03T00:00:00Z,803390291,functional_connectivity,137.0,M,Sst-IRES-Cre/wt;Ai32(RCL-ChR2(H134R)_EYFP)/wt,832810573,189,11,1900,7845.0,1458.0,7345.0,382.0,CA1,831882777,1249.99867930076,3a,29999.9683032182,True,2
951085485,0.183388286299334,211.3722,0.0061921672077721,61.67,4.61861435300958,1.08509212730318,849777510,1.36106331100311,0.192294807370184,0.14404986389756,79.0205128756439,0.0007499875960593,33.31,0.979695431472081,0.0001360127852018,0.97,-0.0226368039254205,0.670203818179451,0.300638829430226,3.96557788892536,50.0,1.44221105527638,0.0,832810573,196,43,1980,7823.0,1394.0,7361.0,382.0,CA1,831882777,1249.99867930076,probeA,3a,29999.9683032182,True,2019-03-06T09:04:43Z,2019-10-03T00:00:00Z,803390291,functional_connectivity,137.0,M,Sst-IRES-Cre/wt;Ai32(RCL-ChR2(H134R)_EYFP)/wt,832810573,196,43,1980,7823.0,1394.0,7361.0,382.0,CA1,831882777,1249.99867930076,3a,29999.9683032182,True,1
951085504,0.466727464944587,248.737125,0.0001442717945828,97.44,7.62157941083114,0.219765494137353,849777512,30.7209254238136,0.123618090452261,0.0064205202128883,265.623923911754,3.79276299087464e-05,46.32,1.0,0.0016583747927031,0.99,-0.215401587560146,1.07847616892029,0.210513181794338,4.96177979426908,70.0,0.0,0.0,832810573,197,11,1980,7820.0,1384.0,7364.0,382.0,CA1,831882777,1249.99867930076,probeA,3a,29999.9683032182,True,2019-03-06T09:04:43Z,2019-10-03T00:00:00Z,803390291,functional_connectivity,137.0,M,Sst-IRES-Cre/wt;Ai32(RCL-ChR2(H134R)_EYFP)/wt,832810573,197,11,1980,7820.0,1384.0,7364.0,382.0,CA1,831882777,1249.99867930076,3a,29999.9683032182,True,2
951085556,0.231027138976868,122.35938,0.0151437016837509,217.53,3.77802962523929,0.714237855946399,849777512,1.19380280401072,0.15108877721943,0.240668361647394,55.2929363470197,0.0033101011260301,31.5,0.92952380952381,0.0006106870229007,0.99,-0.0389235505672934,0.454804407645585,0.145412962668114,2.13510811868925,80.0,0.824120603015075,0.0,832810573,197,11,1980,7820.0,1384.0,7364.0,382.0,CA1,831882777,1249.99867930076,probeA,3a,29999.9683032182,True,2019-03-06T09:04:43Z,2019-10-03T00:00:00Z,803390291,functional_connectivity,137.0,M,Sst-IRES-Cre/wt;Ai32(RCL-ChR2(H134R)_EYFP)/wt,832810573,197,11,1980,7820.0,1384.0,7364.0,382.0,CA1,831882777,1249.99867930076,3a,29999.9683032182,True,2
951085638,0.226337608726411,165.065745,0.0005348640439069,80.62,7.96019124956886,0.824120603015075,849777520,1.15048792499628,0.164824120603015,0.0575847581598693,83.1721045930574,0.0001073142280056,25.31,0.984,0.000337552742616,0.99,-0.0475198040218313,0.496214021557513,0.271813467515077,3.41188961886963,80.0,0.892797319932998,-0.480737018425461,832810573,201,11,2020,7807.0,1348.0,7372.0,382.0,CA1,831882777,1249.99867930076,probeA,3a,29999.9683032182,True,2019-03-06T09:04:43Z,2019-10-03T00:00:00Z,803390291,functional_connectivity,137.0,M,Sst-IRES-Cre/wt;Ai32(RCL-ChR2(H134R)_EYFP)/wt,832810573,201,11,2020,7807.0,1348.0,7372.0,382.0,CA1,831882777,1249.99867930076,3a,29999.9683032182,True,1
951085669,0.268989340368204,51.997725,0.0417771144001942,224.87,3.23739262635728,0.810385259631491,849777524,4.82208482924866,0.398324958123953,0.0131117897325692,72.9679804669696,0.0024481792600469,32.56,0.959333333333333,0.0075428231709582,0.97,-0.022573288078279,0.0880037562749255,0.0710135178696163,1.1754407297321,100.0,8.17252931323283,-0.392438382388131,832810573,203,27,2040,7800.0,1329.0,7376.0,382.0,CA1,831882777,1249.99867930076,probeA,3a,29999.9683032182,True,2019-03-06T09:04:43Z,2019-10-03T00:00:00Z,803390291,functional_connectivity,137.0,M,Sst-IRES-Cre/wt;Ai32(RCL-ChR2(H134R)_EYFP)/wt,832810573,203,27,2040,7800.0,1329.0,7376.0,382.0,CA1,831882777,1249.99867930076,3a,29999.9683032182,True,1
951085713,0.433361384880562,111.19368,0.0063757408170092,146.8,4.70548733590377,0.824120603015076,849777526,0.93808233283391,0.219765494137353,0.129921498895626,69.0610020078749,0.000296864178576,31.46,0.961538461538462,0.0005711214136934,0.97,-0.0414713297848835,0.311707886563846,0.149149550880008,2.60394216765519,80.0,-0.343383584589615,-0.412060301507537,832810573,204,43,2060,7797.0,1320.0,7378.0,382.0,CA1,831882777,1249.99867930076,probeA,3a,29999.9683032182,True,2019-03-06T09:04:43Z,2019-10-03T00:00:00Z,803390291,functional_connectivity,137.0,M,Sst-IRES-Cre/wt;Ai32(RCL-ChR2(H134R)_EYFP)/wt,832810573,204,43,2060,7797.0,1320.0,7378.0,382.0,CA1,831882777,1249.99867930076,3a,29999.9683032182,True,1
951085725,0.156061472136955,352.08342,3.10484381162246e-06,55.16,7.19862841802552,0.631825795644891,849777530,8.47466792510738,0.0961474036850922,0.0,174.301360237849,9.68594701750839e-07,43.35,1.0,0.0,0.99,-0.0767697568634779,1.21690406473928,0.165911409176279,4.45117255046799,50.0,0.0,0.343383584589614,832810573,206,59,2080,7790.0,1302.0,7382.0,382.0,CA1,831882777,1249.99867930076,probeA,3a,29999.9683032182,True,2019-03-06T09:04:43Z,2019-10-03T00:00:00Z,803390291,functional_connectivity,137.0,M,Sst-IRES-Cre/wt;Ai32(RCL-ChR2(H134R)_EYFP)/wt,832810573,206,59,2080,7790.0,1302.0,7382.0,382.0,CA1,831882777,1249.99867930076,3a,29999.9683032182,True,1
951085802,0.615629317765525,268.76811,0.0005832129792635,88.53,5.65091638472858,0.15108877721943,849777536,15.7677344205743,0.0961474036850922,0.118031904515737,94.9324642927771,0.0055116994538675,43.06,0.981333333333333,0.0004836525440123,0.99,-0.315794876942628,0.968472305544059,0.197442509122938,4.21881293726452,90.0,0.0,-0.122636994496291,832810573,209,11,2100,7779.0,1274.0,7388.0,382.0,CA1,831882777,1249.99867930076,probeA,3a,29999.9683032182,True,2019-03-06T09:04:43Z,2019-10-03T00:00:00Z,803390291,functional_connectivity,137.0,M,Sst-IRES-Cre/wt;Ai32(RCL-ChR2(H134R)_EYFP)/wt,832810573,209,11,2100,7779.0,1274.0,7388.0,382.0,CA1,831882777,1249.99867930076,3a,29999.9683032182,True,3
951085818,0.592428894339257,176.78115,0.0011362342672587,57.82,6.54414014745493,0.357118927973199,849777536,23.0812382181114,0.164824120603015,0.0174547366626962,127.59941214225,0.0004205655627194,43.77,0.99,0.00334092634776,0.99,-0.103496931251633,0.691357557134076,0.145207163325864,3.41621637827093,80.0,0.343383584589614,-0.0981095955970325,832810573,209,11,2100,7779.0,1274.0,7388.0,382.0,CA1,831882777,1249.99867930076,probeA,3a,29999.9683032182,True,2019-03-06T09:04:43Z,2019-10-03T00:00:00Z,803390291,functional_connectivity,137.0,M,Sst-IRES-Cre/wt;Ai32(RCL-ChR2(H134R)_EYFP)/wt,832810573,209,11,2100,7779.0,1274.0,7388.0,382.0,CA1,831882777,1249.99867930076,3a,29999.9683032182,True,3
951085828,0.761909318125196,207.51666,0.004137121310214,126.08,2.99547646868739,0.1785594639866,849777536,9.99882294019304,0.0961474036850922,0.0343100828195154,79.7664718796514,0.0020784962600888,39.92,0.982,0.003725695657236,0.99,-0.287394007187943,0.807966397221138,0.0681402963212278,3.55580853871051,50.0,0.0,0.0,832810573,209,11,2100,7779.0,1274.0,7388.0,382.0,CA1,831882777,1249.99867930076,probeA,3a,29999.9683032182,True,2019-03-06T09:04:43Z,2019-10-03T00:00:00Z,803390291,functional_connectivity,137.0,M,Sst-IRES-Cre/wt;Ai32(RCL-ChR2(H134R)_EYFP)/wt,832810573,209,11,2100,7779.0,1274.0,7388.0,382.0,CA1,831882777,1249.99867930076,3a,29999.9683032182,True,3
951085837,0.469047963265191,118.978665,0.0009448494754385,57.61,4.72686736568325,0.467001675041876,849777538,18.5403950680974,0.192294807370184,0.0050998986428992,115.286735780009,0.0010369621722252,37.69,0.994666666666667,0.0019751365167886,0.99,-0.0696675313967959,0.438266312395677,0.138781134941188,2.98587823162987,70.0,1.03015075376885,0.0,832810573,210,59,2120,7775.0,1265.0,7390.0,382.0,CA1,831882777,1249.99867930076,probeA,3a,29999.9683032182,True,2019-03-06T09:04:43Z,2019-10-03T00:00:00Z,803390291,functional_connectivity,137.0,M,Sst-IRES-Cre/wt;Ai32(RCL-ChR2(H134R)_EYFP)/wt,832810573,210,59,2120,7775.0,1265.0,7390.0,382.0,CA1,831882777,1249.99867930076,3a,29999.9683032182,True,2
951085849,1.22984300699078,99.122205,0.0875695826537031,516.67,5.22110202693131,0.260971524288107,849777538,8.20766118263807,0.137353433835846,0.018668816237021,103.449303957808,0.0002718876108141,17.93,0.996666666666667,5.67762448191677e-05,0.99,-0.159304975168427,0.43209809019462,0.115261542686617,2.51997213039972,60.0,-0.343383584589615,0.48073701842546,832810573,210,59,2120,7775.0,1265.0,7390.0,382.0,CA1,831882777,1249.99867930076,probeA,3a,29999.9683032182,True,2019-03-06T09:04:43Z,2019-10-03T00:00:00Z,803390291,functional_connectivity,137.0,M,Sst-IRES-Cre/wt;Ai32(RCL-ChR2(H134R)_EYFP)/wt,832810573,210,59,2120,7775.0,1265.0,7390.0,382.0,CA1,831882777,1249.99867930076,3a,29999.9683032182,True,2
951085984,0.426554443716021,101.111595,0.0179737585955421,177.7,2.25621831797075,0.494472361809045,849777564,5.4326619383607,0.206030150753769,0.271166237085636,69.3494217023679,0.0055828599348713,36.41,0.937333333333333,0.0056790836461642,0.99,-0.0130251893230045,0.248522220553294,0.098911389558162,2.39396740656605,40.0,-0.68676716917923,-0.686767169179229,832810573,223,27,2240,7722.0,1136.0,7415.0,394.0,VISam,831882777,1249.99867930076,probeA,3a,29999.9683032182,True,2019-03-06T09:04:43Z,2019-10-03T00:00:00Z,803390291,functional_connectivity,137.0,M,Sst-IRES-Cre/wt;Ai32(RCL-ChR2(H134R)_EYFP)/wt,832810573,223,27,2240,7722.0,1136.0,7415.0,394.0,VISam,831882777,1249.99867930076,3a,29999.9683032182,True,2
951085999,0.217890438588779,195.231465,0.0003234065691596,55.44,4.19083777688275,0.824120603015075,849777564,6.32976798893446,0.192294807370184,0.0066583119413265,64.827510292447,0.00895009056806,41.03,0.980666666666667,0.0016465110997558,0.99,-0.0141335451006933,0.616990566520505,0.130323076577331,4.29745879132279,40.0,0.0,0.0,832810573,223,27,2240,7722.0,1136.0,7415.0,394.0,VISam,831882777,1249.99867930076,probeA,3a,29999.9683032182,True,2019-03-06T09:04:43Z,2019-10-03T00:00:00Z,803390291,functional_connectivity,137.0,M,Sst-IRES-Cre/wt;Ai32(RCL-ChR2(H134R)_EYFP)/wt,832810573,223,27,2240,7722.0,1136.0,7415.0,394.0,VISam,831882777,1249.99867930076,3a,29999.9683032182,True,2
951086016,0.449895435533597,92.213745,0.0332411214773681,101.42,2.65432648582654,0.851591289782245,849777568,8.80125804575149,0.206030150753769,0.138247883927272,73.1981777299564,0.0093341709628833,37.29,0.911333333333333,0.0083353763177249,0.99,-0.0144222230563647,0.204261781593207,0.0807371020767092,2.00408027920739,50.0,0.686767169179227,-0.274706867671691,832810573,225,11,2260,7713.0,1117.0,7418.0,394.0,VISam,831882777,1249.99867930076,probeA,3a,29999.9683032182,True,2019-03-06T09:04:43Z,2019-10-03T00:00:00Z,803390291,functional_connectivity,137.0,M,Sst-IRES-Cre/wt;Ai32(RCL-ChR2(H134R)_EYFP)/wt,832810573,225,11,2260,7713.0,1117.0,7418.0,394.0,VISam,831882777,1249.99867930076,3a,29999.9683032182,True,2
951086045,0.566703672957568,81.544905,0.0097849243206918,176.43,2.27167901798001,0.83785594639866,849777568,5.63540810914661,0.219765494137353,0.132002945262023,55.079229374732,0.0232074192055376,36.24,0.863333333333333,0.0070909719820131,0.99,-0.0182360079844796,0.121998817327473,0.0665387707688004,1.16340226089621,50.0,2.74706867671692,-0.892797319932998,832810573,225,11,2260,7713.0,1117.0,7418.0,394.0,VISam,831882777,1249.99867930076,probeA,3a,29999.9683032182,True,2019-03-06T09:04:43Z,2019-10-03T00:00:00Z,803390291,functional_connectivity,137.0,M,Sst-IRES-Cre/wt;Ai32(RCL-ChR2(H134R)_EYFP)/wt,832810573,225,11,2260,7713.0,1117.0,7418.0,394.0,VISam,831882777,1249.99867930076,3a,29999.9683032182,True,2
951086064,0.485984255788925,216.328125,0.0017994159157003,104.67,5.94466872616503,0.631825795644891,849777570,1.93544300948336,0.15108877721943,0.0203474927092483,67.138241622828,0.0011794670980767,34.46,0.954710144927536,0.0002716653083401,0.99,-0.127104249677118,0.639653342385901,0.259648091211258,4.81697121781177,40.0,4.12060301507538,0.0,832810573,226,59,2280,7709.0,1108.0,7420.0,394.0,VISam,831882777,1249.99867930076,probeA,3a,29999.9683032182,True,2019-03-06T09:04:43Z,2019-10-03T00:00:00Z,803390291,functional_connectivity,137.0,M,Sst-IRES-Cre/wt;Ai32(RCL-ChR2(H134R)_EYFP)/wt,832810573,226,59,2280,7709.0,1108.0,7420.0,394.0,VISam,831882777,1249.99867930076,3a,29999.9683032182,True,2
951086097,0.530178997000187,109.55295,0.0129794910872172,183.53,3.32924725746473,0.631825795644891,849777570,2.8406833096373,0.192294807370184,0.0566731416458685,56.1082167494924,0.007000105250202,40.49,0.851168511685117,0.0043512522698461,0.99,-0.0509466109562582,0.272245607860253,0.1080371118189,2.86843202464197,60.0,0.686767169179229,0.0,832810573,226,59,2280,7709.0,1108.0,7420.0,394.0,VISam,831882777,1249.99867930076,probeA,3a,29999.9683032182,True,2019-03-06T09:04:43Z,2019-10-03T00:00:00Z,803390291,functional_connectivity,137.0,M,Sst-IRES-Cre/wt;Ai32(RCL-ChR2(H134R)_EYFP)/wt,832810573,226,59,2280,7709.0,1108.0,7420.0,394.0,VISam,831882777,1249.99867930076,3a,29999.9683032182,True,2
951086118,0.171041575532125,118.0179,0.0005497022316795,59.73,4.79129392809254,0.467001675041876,849777574,12.3827681359034,0.164824120603015,0.0042252763694541,102.738796541399,0.0013466234356246,33.14,0.997333333333333,0.0009307737056428,0.99,-0.0151680614480014,0.405535379594217,0.119360732656924,2.53435881510412,60.0,0.343383584589615,0.618090452261306,832810573,228,43,2300,7697.0,1080.0,7425.0,394.0,VISam,831882777,1249.99867930076,probeA,3a,29999.9683032182,True,2019-03-06T09:04:43Z,2019-10-03T00:00:00Z,803390291,functional_connectivity,137.0,M,Sst-IRES-Cre/wt;Ai32(RCL-ChR2(H134R)_EYFP)/wt,832810573,228,43,2300,7697.0,1080.0,7425.0,394.0,VISam,831882777,1249.99867930076,3a,29999.9683032182,True,1
951086189,0.37329369086508,122.00097,0.0001727952344212,65.52,4.84346926882972,0.576884422110553,849777580,7.08716830296869,0.1785594639866,0.0007587456054129,88.9302591049866,0.0003795353403832,27.91,0.996,0.0007776049766718,0.99,-0.0489513107971973,0.364406289375068,0.110719417558111,3.1094190770058,60.0,0.343383584589615,-0.343383584589615,832810573,231,27,2320,7685.0,1052.0,7430.0,394.0,VISam,831882777,1249.99867930076,probeA,3a,29999.9683032182,True,2019-03-06T09:04:43Z,2019-10-03T00:00:00Z,803390291,functional_connectivity,137.0,M,Sst-IRES-Cre/wt;Ai32(RCL-ChR2(H134R)_EYFP)/wt,832810573,231,27,2320,7685.0,1052.0,7430.0,394.0,VISam,831882777,1249.99867930076,3a,29999.9683032182,True,1
951086248,0.40233592111853,116.327835,0.0004088180036997,275.69,5.41010550650966,0.618090452261307,849777582,3.29599792988771,0.164824120603015,0.0526209979147997,78.52985493358,0.0005908951542803,31.97,0.973829201101928,0.000683200109312,0.99,-0.0692364704553939,0.333058734566772,0.164905175327999,3.14343505475471,70.0,1.5108877721943,0.686767169179229,832810573,232,43,2340,7681.0,1042.0,7432.0,394.0,VISam,831882777,1249.99867930076,probeA,3a,29999.9683032182,True,2019-03-06T09:04:43Z,2019-10-03T00:00:00Z,803390291,functional_connectivity,137.0,M,Sst-IRES-Cre/wt;Ai32(RCL-ChR2(H134R)_EYFP)/wt,832810573,232,43,2340,7681.0,1042.0,7432.0,394.0,VISam,831882777,1249.99867930076,3a,29999.9683032182,True,1
951086270,0.279820047961739,81.95616,0.0034009961022068,85.82,4.02998156509211,0.467001675041876,849777586,7.26744360928937,0.274706867671692,0.0266980820967428,62.5993283176991,0.0073050338227335,37.13,0.956666666666667,0.0019646365422396,0.99,-0.039255018038041,0.27975377942227,0.0952263208294487,2.10978439086003,60.0,0.686767169179229,-0.412060301507537,832810573,234,59,2360,7668.0,1014.0,7437.0,394.0,VISam,831882777,1249.99867930076,probeA,3a,29999.9683032182,True,2019-03-06T09:04:43Z,2019-10-03T00:00:00Z,803390291,functional_connectivity,137.0,M,Sst-IRES-Cre/wt;Ai32(RCL-ChR2(H134R)_EYFP)/wt,832810573,234,59,2360,7668.0,1014.0,7437.0,394.0,VISam,831882777,1249.99867930076,3a,29999.9683032182,True,2
951086288,0.239495295444387,86.9957400000001,0.0350974312636332,285.63,3.95508764448214,0.618090452261307,849777586,6.01700609257666,0.219765494137353,0.0978957250805085,66.6001519436223,0.0066216157803265,35.32,0.934,0.0039791857973676,0.99,-0.0307815081073386,0.243600053366961,0.0745267975623806,2.27069809450517,70.0,1.92294807370184,0.549413735343383,832810573,234,59,2360,7668.0,1014.0,7437.0,394.0,VISam,831882777,1249.99867930076,probeA,3a,29999.9683032182,True,2019-03-06T09:04:43Z,2019-10-03T00:00:00Z,803390291,functional_connectivity,137.0,M,Sst-IRES-Cre/wt;Ai32(RCL-ChR2(H134R)_EYFP)/wt,832810573,234,59,2360,7668.0,1014.0,7437.0,394.0,VISam,831882777,1249.99867930076,3a,29999.9683032182,True,2
951086326,0.268540038038234,100.67694,0.0093343773042291,82.97,4.56030728301677,0.467001675041876,849777588,12.9618250278923,0.865326633165829,0.0381082191320537,88.1534184056524,0.0022442995149168,35.07,0.986,0.0046006944444444,0.99,-0.0551263933130386,0.328289051081959,0.179160731878394,0.63914189743548,80.0,0.274706867671692,-0.412060301507537,832810573,235,27,2360,7664.0,1005.0,7438.0,394.0,VISam,831882777,1249.99867930076,probeA,3a,29999.9683032182,True,2019-03-06T09:04:43Z,2019-10-03T00:00:00Z,803390291,functional_connectivity,137.0,M,Sst-IRES-Cre/wt;Ai32(RCL-ChR2(H134R)_EYFP)/wt,832810573,235,27,2360,7664.0,1005.0,7438.0,394.0,VISam,831882777,1249.99867930076,3a,29999.9683032182,True,1
951086471,0.554408471892731,115.014705,0.0521466184305196,382.2,4.6828763447919,0.576884422110553,849777592,2.62227870840955,0.1785594639866,0.243857805029844,53.7696354405792,0.0061818318833073,24.97,0.732484076433121,0.0028785261945883,0.99,-0.0479328385707256,0.350047841969617,0.128750661479199,3.06161210123475,60.0,1.03015075376885,0.137353433835846,832810573,237,11,2380,7656.0,986.0,7442.0,394.0,VISam,831882777,1249.99867930076,probeA,3a,29999.9683032182,True,2019-03-06T09:04:43Z,2019-10-03T00:00:00Z,803390291,functional_connectivity,137.0,M,Sst-IRES-Cre/wt;Ai32(RCL-ChR2(H134R)_EYFP)/wt,832810573,237,11,2380,7656.0,986.0,7442.0,394.0,VISam,831882777,1249.99867930076,3a,29999.9683032182,True,1
951086580,0.512263901600485,121.455555,0.0061789737400408,133.23,5.45533084521026,0.370854271356784,849777598,4.87505912963957,0.192294807370184,0.0160354778440941,78.5995024770317,0.0004038957008196,23.34,0.966666666666667,0.000545888775162,0.99,-0.0789544459420813,0.451085048745966,0.0850044876584078,3.19171691264652,70.0,-0.48073701842546,-0.480737018425461,832810573,240,43,2420,7644.0,957.0,7447.0,394.0,VISam,831882777,1249.99867930076,probeA,3a,29999.9683032182,True,2019-03-06T09:04:43Z,2019-10-03T00:00:00Z,803390291,functional_connectivity,137.0,M,Sst-IRES-Cre/wt;Ai32(RCL-ChR2(H134R)_EYFP)/wt,832810573,240,43,2420,7644.0,957.0,7447.0,394.0,VISam,831882777,1249.99867930076,3a,29999.9683032182,True,1
951086605,0.618831305352959,144.40023,0.00368340634492,73.08,5.62834735082851,0.233500837520938,849777600,17.5152762647556,0.137353433835846,0.0109318940080358,85.1580625607439,0.0015360238057666,33.2,0.976666666666667,0.0010259917920656,0.99,-0.147023475473792,0.648809959353043,0.151323282047705,3.46833099332522,70.0,0.0,-0.412060301507538,832810573,241,11,2420,7636.0,938.0,7450.0,394.0,VISam,831882777,1249.99867930076,probeA,3a,29999.9683032182,True,2019-03-06T09:04:43Z,2019-10-03T00:00:00Z,803390291,functional_connectivity,137.0,M,Sst-IRES-Cre/wt;Ai32(RCL-ChR2(H134R)_EYFP)/wt,832810573,241,11,2420,7636.0,938.0,7450.0,394.0,VISam,831882777,1249.99867930076,3a,29999.9683032182,True,2
951086662,0.696060630397426,131.632215,0.0184040621613324,67.86,3.48725605984165,0.384589614740368,849777600,26.3666616235449,0.219765494137353,0.0728544981339131,77.7233878730949,0.0092836766104266,25.65,0.963333333333333,0.0100520552863041,0.99,-0.105035736131932,0.444027707040216,0.0315283496901614,2.9954955398925,60.0,0.686767169179229,-0.686767169179229,832810573,241,11,2420,7636.0,938.0,7450.0,394.0,VISam,831882777,1249.99867930076,probeA,3a,29999.9683032182,True,2019-03-06T09:04:43Z,2019-10-03T00:00:00Z,803390291,functional_connectivity,137.0,M,Sst-IRES-Cre/wt;Ai32(RCL-ChR2(H134R)_EYFP)/wt,832810573,241,11,2420,7636.0,938.0,7450.0,394.0,VISam,831882777,1249.99867930076,3a,29999.9683032182,True,2
951086687,0.628327384491254,90.842895,0.0411962914579022,178.55,3.03488236449337,0.631825795644891,849777602,3.22736519905497,0.206030150753769,0.204896002302748,48.7040367575887,0.0079351029374152,38.43,0.944444444444444,0.0016941112692281,0.99,-0.036423672413004,0.177279530870747,0.0324923488040856,1.44362236055968,80.0,0.343383584589615,0.333572625029911,832810573,242,59,2440,7632.0,928.0,7452.0,394.0,VISam,831882777,1249.99867930076,probeA,3a,29999.9683032182,True,2019-03-06T09:04:43Z,2019-10-03T00:00:00Z,803390291,functional_connectivity,137.0,M,Sst-IRES-Cre/wt;Ai32(RCL-ChR2(H134R)_EYFP)/wt,832810573,242,59,2440,7632.0,928.0,7452.0,394.0,VISam,831882777,1249.99867930076,3a,29999.9683032182,True,2
951086712,0.564409195893617,291.960825,0.0012619607730864,150.63,7.84914060495664,0.590619765494137,849777602,3.75293940005415,0.164824120603015,0.010823271906821,99.9939200137367,2.51612827299075e-05,34.23,0.979166666666667,0.0002032520325203,0.99,-0.164739407254844,0.774189600214036,0.31399814281036,6.27963822141806,80.0,0.755443886097153,0.549413735343383,832810573,242,59,2440,7632.0,928.0,7452.0,394.0,VISam,831882777,1249.99867930076,probeA,3a,29999.9683032182,True,2019-03-06T09:04:43Z,2019-10-03T00:00:00Z,803390291,functional_connectivity,137.0,M,Sst-IRES-Cre/wt;Ai32(RCL-ChR2(H134R)_EYFP)/wt,832810573,242,59,2440,7632.0,928.0,7452.0,394.0,VISam,831882777,1249.99867930076,3a,29999.9683032182,True,2
951086776,0.461707015124518,211.39131,0.0004553244259059,212.97,6.66264121382019,0.618090452261307,849777612,5.46550397104066,0.1785594639866,0.002551592098684,95.0433577964102,0.0001262230856493,40.29,0.981308411214953,0.0002384358607534,0.99,-0.0776065016401035,0.544832980717227,0.254634230524469,3.34244564615718,80.0,0.68676716917923,0.343383584589614,832810573,247,27,2480,7612.0,879.0,7461.0,394.0,VISam,831882777,1249.99867930076,probeA,3a,29999.9683032182,True,2019-03-06T09:04:43Z,2019-10-03T00:00:00Z,803390291,functional_connectivity,137.0,M,Sst-IRES-Cre/wt;Ai32(RCL-ChR2(H134R)_EYFP)/wt,832810573,247,27,2480,7612.0,879.0,7461.0,394.0,VISam,831882777,1249.99867930076,3a,29999.9683032182,True,3
951086886,0.483610856035646,113.120865,0.042712623699388,349.4,2.47012084634605,0.673031825795645,849777612,2.8430219063916,0.206030150753769,0.287614716618924,41.122312464354,0.0154021676325129,37.53,0.703389830508475,0.0019564190784591,0.99,-0.0382194536012181,0.249979204906744,0.0409430687795819,1.588314061095,90.0,0.549413735343384,0.480737018425461,832810573,247,27,2480,7612.0,879.0,7461.0,394.0,VISam,831882777,1249.99867930076,probeA,3a,29999.9683032182,True,2019-03-06T09:04:43Z,2019-10-03T00:00:00Z,803390291,functional_connectivity,137.0,M,Sst-IRES-Cre/wt;Ai32(RCL-ChR2(H134R)_EYFP)/wt,832810573,247,27,2480,7612.0,879.0,7461.0,394.0,VISam,831882777,1249.99867930076,3a,29999.9683032182,True,3
951087046,0.49703406102403,137.224815,0.0069855013147542,178.91,2.79734333334767,0.631825795644891,849777612,5.79107731048725,0.233500837520938,0.0488642695819483,68.7514695938953,0.0013519213200572,35.36,0.954372623574144,0.0022936564992639,0.99,-0.0579099771339435,0.316795152381337,0.110727335587958,2.53116696087782,120.0,0.923865358538725,1.6940658945086e-17,832810573,247,27,2480,7612.0,879.0,7461.0,394.0,VISam,831882777,1249.99867930076,probeA,3a,29999.9683032182,True,2019-03-06T09:04:43Z,2019-10-03T00:00:00Z,803390291,functional_connectivity,137.0,M,Sst-IRES-Cre/wt;Ai32(RCL-ChR2(H134R)_EYFP)/wt,832810573,247,27,2480,7612.0,879.0,7461.0,394.0,VISam,831882777,1249.99867930076,3a,29999.9683032182,True,3
951086853,0.570513142128122,99.57675,0.0908374683362395,103.2,4.21404555569898,0.343383584589615,849777608,16.2148131131248,0.15108877721943,0.0311642189037137,85.6649480457551,0.0008092851727768,10.77,0.978,0.003139641597836,0.99,-0.0485771157232192,0.421304376866469,0.10897538067574,2.16652118011228,50.0,0.0,0.0,832810573,245,11,2460,7620.0,899.0,7457.0,394.0,VISam,831882777,1249.99867930076,probeA,3a,29999.9683032182,True,2019-03-06T09:04:43Z,2019-10-03T00:00:00Z,803390291,functional_connectivity,137.0,M,Sst-IRES-Cre/wt;Ai32(RCL-ChR2(H134R)_EYFP)/wt,832810573,245,11,2460,7620.0,899.0,7457.0,394.0,VISam,831882777,1249.99867930076,3a,29999.9683032182,True,1
951086912,0.759854846489395,77.0866199999999,0.004863779733326,305.47,3.1235160357992,0.700502512562814,849777610,18.8593593297601,0.274706867671692,0.0052502972354416,86.0407102760422,0.0029306436495128,29.68,0.994666666666667,0.0002667947281361,0.99,-0.0311354979146919,0.122166463273432,0.0625894442660125,1.49489542660623,90.0,0.206030150753769,0.510169897104571,832810573,246,59,2480,7616.0,889.0,7459.0,394.0,VISam,831882777,1249.99867930076,probeA,3a,29999.9683032182,True,2019-03-06T09:04:43Z,2019-10-03T00:00:00Z,803390291,functional_connectivity,137.0,M,Sst-IRES-Cre/wt;Ai32(RCL-ChR2(H134R)_EYFP)/wt,832810573,246,59,2480,7616.0,889.0,7459.0,394.0,VISam,831882777,1249.99867930076,3a,29999.9683032182,True,3
951086935,0.424781777973184,170.994135,0.0014909491519949,184.37,4.55027730859634,0.65929648241206,849777610,3.32223088478378,0.1785594639866,0.0552461529465672,66.4983450672653,0.0006702337073285,30.98,0.943589743589744,0.0006079027355623,0.99,-0.065038075185229,0.477440661932355,0.112324463096462,3.24649359274735,70.0,0.480737018425461,0.412060301507537,832810573,246,59,2480,7616.0,889.0,7459.0,394.0,VISam,831882777,1249.99867930076,probeA,3a,29999.9683032182,True,2019-03-06T09:04:43Z,2019-10-03T00:00:00Z,803390291,functional_connectivity,137.0,M,Sst-IRES-Cre/wt;Ai32(RCL-ChR2(H134R)_EYFP)/wt,832810573,246,59,2480,7616.0,889.0,7459.0,394.0,VISam,831882777,1249.99867930076,3a,29999.9683032182,True,3
951086960,0.462133467249828,231.754575,0.0031317890296612,103.4,4.3183504857105,0.631825795644891,849777610,6.17440382195308,0.192294807370184,0.287901620235914,74.9705312792431,0.0006010071234879,31.74,0.975903614457831,0.0004443988650736,0.99,-0.110427501575911,0.613866759028171,0.195858023094118,3.96417239356939,70.0,0.343383584589615,0.343383584589615,832810573,246,59,2480,7616.0,889.0,7459.0,394.0,VISam,831882777,1249.99867930076,probeA,3a,29999.9683032182,True,2019-03-06T09:04:43Z,2019-10-03T00:00:00Z,803390291,functional_connectivity,137.0,M,Sst-IRES-Cre/wt;Ai32(RCL-ChR2(H134R)_EYFP)/wt,832810573,246,59,2480,7616.0,889.0,7459.0,394.0,VISam,831882777,1249.99867930076,3a,29999.9683032182,True,3
951086988,0.596631473546096,194.4774,0.0003105902210738,281.88,4.57710350254943,0.604355108877722,849777614,8.24284181207234,0.219765494137353,0.0028045149204558,94.0321695076703,0.0006972505292773,43.21,0.986742424242424,0.0002418463239358,0.99,-0.0941291058707092,0.482186093300559,0.290662201241012,4.12082321139562,110.0,0.466020579085906,0.343383584589615,832810573,248,43,2500,7605.0,859.0,7464.0,394.0,VISam,831882777,1249.99867930076,probeA,3a,29999.9683032182,True,2019-03-06T09:04:43Z,2019-10-03T00:00:00Z,803390291,functional_connectivity,137.0,M,Sst-IRES-Cre/wt;Ai32(RCL-ChR2(H134R)_EYFP)/wt,832810573,248,43,2500,7605.0,859.0,7464.0,394.0,VISam,831882777,1249.99867930076,3a,29999.9683032182,True,1
951087017,0.614721990490095,209.312025,0.0002127142407859,151.01,5.41435933399216,0.590619765494137,849777618,6.13047887422013,0.206030150753769,0.0081122788006743,83.1471900453427,4.92934253894167e-05,36.09,1.0,0.0001711508181009,0.99,-0.111387696785947,0.518229282324847,0.253347988052744,3.76621994523805,100.0,0.588657573582197,-0.755443886097152,832810573,250,59,2520,7597.0,840.0,7468.0,394.0,VISam,831882777,1249.99867930076,probeA,3a,29999.9683032182,True,2019-03-06T09:04:43Z,2019-10-03T00:00:00Z,803390291,functional_connectivity,137.0,M,Sst-IRES-Cre/wt;Ai32(RCL-ChR2(H134R)_EYFP)/wt,832810573,250,59,2520,7597.0,840.0,7468.0,394.0,VISam,831882777,1249.99867930076,3a,29999.9683032182,True,3
951087135,0.712557327657421,144.0309,0.0023377061374228,126.49,3.80844311558699,0.412060301507538,849777618,4.59940974699132,0.206030150753769,0.0252211865567607,62.9105488505799,0.0019106217459298,33.15,0.982200647249191,0.0003403444285617,0.99,-0.09091264688566,0.410001352724907,0.183068706770249,2.65471419830293,60.0,0.0,-0.892797319932998,832810573,250,59,2520,7597.0,840.0,7468.0,394.0,VISam,831882777,1249.99867930076,probeA,3a,29999.9683032182,True,2019-03-06T09:04:43Z,2019-10-03T00:00:00Z,803390291,functional_connectivity,137.0,M,Sst-IRES-Cre/wt;Ai32(RCL-ChR2(H134R)_EYFP)/wt,832810573,250,59,2520,7597.0,840.0,7468.0,394.0,VISam,831882777,1249.99867930076,3a,29999.9683032182,True,3
951087160,0.691436193691546,186.961905,0.0009341474131371,113.57,5.80072283292473,0.631825795644891,849777618,2.608552162243,0.233500837520938,0.011201408247582,65.680999253022,0.0006332723864959,41.78,0.968390804597701,0.0004721435316336,0.98,-0.0857836888131138,0.411624605483873,0.151802039629143,3.27028948431909,80.0,0.755443886097152,0.137353433835846,832810573,250,59,2520,7597.0,840.0,7468.0,394.0,VISam,831882777,1249.99867930076,probeA,3a,29999.9683032182,True,2019-03-06T09:04:43Z,2019-10-03T00:00:00Z,803390291,functional_connectivity,137.0,M,Sst-IRES-Cre/wt;Ai32(RCL-ChR2(H134R)_EYFP)/wt,832810573,250,59,2520,7597.0,840.0,7468.0,394.0,VISam,831882777,1249.99867930076,3a,29999.9683032182,True,3
951087088,0.650933727520997,145.060695,0.014574188241594,231.27,3.41577836678296,0.618090452261306,849777616,1.95832058642761,0.206030150753769,0.447184370725032,33.9427674429149,0.0235688484662846,39.66,0.621399176954732,0.0039990590449306,0.99,-0.045884097768396,0.235882993669088,0.0147491848485364,1.68688989375176,80.0,0.68676716917923,0.549413735343383,832810573,249,11,2500,7601.0,850.0,7466.0,394.0,VISam,831882777,1249.99867930076,probeA,3a,29999.9683032182,True,2019-03-06T09:04:43Z,2019-10-03T00:00:00Z,803390291,functional_connectivity,137.0,M,Sst-IRES-Cre/wt;Ai32(RCL-ChR2(H134R)_EYFP)/wt,832810573,249,11,2500,7601.0,850.0,7466.0,394.0,VISam,831882777,1249.99867930076,3a,29999.9683032182,True,4
951087114,0.664522497812882,222.6159,4.92142131857142e-05,45.35,7.24654698218497,0.315912897822446,849777616,43.7975450489061,0.1785594639866,0.0,182.3105853226,1.65384661600372e-05,28.25,1.0,0.0,0.99,-0.119692322306133,0.634666577246281,0.1115058957155,3.17607544685777,40.0,0.0,-0.68676716917923,832810573,249,11,2500,7601.0,850.0,7466.0,394.0,VISam,831882777,1249.99867930076,probeA,3a,29999.9683032182,True,2019-03-06T09:04:43Z,2019-10-03T00:00:00Z,803390291,functional_connectivity,137.0,M,Sst-IRES-Cre/wt;Ai32(RCL-ChR2(H134R)_EYFP)/wt,832810573,249,11,2500,7601.0,850.0,7466.0,394.0,VISam,831882777,1249.99867930076,3a,29999.9683032182,True,4
951087285,0.575493841691024,128.69805,0.0066826840293684,228.96,3.02954416873962,0.645561139028476,849777616,2.30270437802835,0.219765494137353,0.0503110461528383,52.4460959385094,0.0028901023304286,24.5,0.764912280701754,0.0029278142352347,0.99,-0.0587661067660566,0.329127038209263,0.0518880389988627,2.53237362366862,100.0,0.760349365877004,-0.274706867671692,832810573,249,11,2500,7601.0,850.0,7466.0,394.0,VISam,831882777,1249.99867930076,probeA,3a,29999.9683032182,True,2019-03-06T09:04:43Z,2019-10-03T00:00:00Z,803390291,functional_connectivity,137.0,M,Sst-IRES-Cre/wt;Ai32(RCL-ChR2(H134R)_EYFP)/wt,832810573,249,11,2500,7601.0,850.0,7466.0,394.0,VISam,831882777,1249.99867930076,3a,29999.9683032182,True,4
951088826,0.543448420863492,95.8409400000001,0.0677769983888952,222.94,3.84148149750098,0.755443886097153,849777616,3.75598974364672,0.247236180904523,0.299858155182827,50.5940762266112,0.00596425346523,31.09,0.724358974358974,0.0035554652580251,0.99,-0.0329271800916011,0.256645167739252,0.0261949159517169,1.80194230371161,90.0,0.416965781287389,1.37353433835846,832810573,249,11,2500,7601.0,850.0,7466.0,394.0,VISam,831882777,1249.99867930076,probeA,3a,29999.9683032182,True,2019-03-06T09:04:43Z,2019-10-03T00:00:00Z,803390291,functional_connectivity,137.0,M,Sst-IRES-Cre/wt;Ai32(RCL-ChR2(H134R)_EYFP)/wt,832810573,249,11,2500,7601.0,850.0,7466.0,394.0,VISam,831882777,1249.99867930076,3a,29999.9683032182,True,4
951087205,0.465065896499152,121.093245,0.0029236276193382,174.47,3.98470655649485,0.755443886097152,849777624,4.03926498527638,0.206030150753769,0.0537235654582374,62.3098627818312,0.0014258570664828,32.3,0.958105646630237,0.0004074564530915,0.99,-0.0362641860274532,0.297111104927279,0.172584572472434,2.21059397543411,70.0,1.03015075376885,0.412060301507537,832810573,253,11,2540,7586.0,810.0,7473.0,394.0,VISam,831882777,1249.99867930076,probeA,3a,29999.9683032182,True,2019-03-06T09:04:43Z,2019-10-03T00:00:00Z,803390291,functional_connectivity,137.0,M,Sst-IRES-Cre/wt;Ai32(RCL-ChR2(H134R)_EYFP)/wt,832810573,253,11,2540,7586.0,810.0,7473.0,394.0,VISam,831882777,1249.99867930076,3a,29999.9683032182,True,3
951087326,0.482204173633904,393.45579,0.0008881095225903,102.4,8.23849500951511,0.604355108877722,849777624,5.7662678492677,0.164824120603015,0.0,160.765956299104,8.31136767270117e-07,28.77,1.0,0.0001033164583118,0.99,-0.204519367093607,1.05725911789528,0.327188777339526,7.80704093100995,80.0,0.480737018425461,0.206030150753769,832810573,253,11,2540,7586.0,810.0,7473.0,394.0,VISam,831882777,1249.99867930076,probeA,3a,29999.9683032182,True,2019-03-06T09:04:43Z,2019-10-03T00:00:00Z,803390291,functional_connectivity,137.0,M,Sst-IRES-Cre/wt;Ai32(RCL-ChR2(H134R)_EYFP)/wt,832810573,253,11,2540,7586.0,810.0,7473.0,394.0,VISam,831882777,1249.99867930076,3a,29999.9683032182,True,3
951087356,0.471187488155631,157.214265,0.0009379584700684,124.62,4.59140438798859,0.755443886097152,849777624,2.86406927718031,0.247236180904523,0.0139378536094298,62.31253673463,0.0020231455397298,38.48,0.926624737945493,0.0007790536192121,0.99,-0.0536625778626696,0.376585689114029,0.0706865377329753,2.89277866084897,70.0,1.37353433835846,0.549413735343383,832810573,253,11,2540,7586.0,810.0,7473.0,394.0,VISam,831882777,1249.99867930076,probeA,3a,29999.9683032182,True,2019-03-06T09:04:43Z,2019-10-03T00:00:00Z,803390291,functional_connectivity,137.0,M,Sst-IRES-Cre/wt;Ai32(RCL-ChR2(H134R)_EYFP)/wt,832810573,253,11,2540,7586.0,810.0,7473.0,394.0,VISam,831882777,1249.99867930076,3a,29999.9683032182,True,3
951087232,0.383780976195155,108.364425,0.0151703012037459,330.88,4.74993976007461,0.604355108877722,849777622,0.635589926571078,0.1785594639866,0.0,49.1631622973946,0.0017434961044543,32.81,0.754901960784314,0.0002675764265168,0.99,-0.0514246090064021,0.324635414175386,0.10285717444382,2.09028860892854,60.0,0.686767169179229,-0.824120603015075,832810573,252,43,2540,7590.0,820.0,7471.0,394.0,VISam,831882777,1249.99867930076,probeA,3a,29999.9683032182,True,2019-03-06T09:04:43Z,2019-10-03T00:00:00Z,803390291,functional_connectivity,137.0,M,Sst-IRES-Cre/wt;Ai32(RCL-ChR2(H134R)_EYFP)/wt,832810573,252,43,2540,7590.0,820.0,7471.0,394.0,VISam,831882777,1249.99867930076,3a,29999.9683032182,True,3
951087256,0.305003425997288,100.851855,0.0053324060007358,250.35,2.67816048360458,0.618090452261307,849777622,3.94267077151178,0.247236180904523,0.0269682856680494,50.1056779826494,0.0087508760600425,26.1,0.781446540880503,0.0043590791445307,0.99,-0.0261377988962258,0.258170907968599,0.0846246915873982,1.96542409441798,150.0,1.23618090452261,-1.54281001107033e-16,832810573,252,43,2540,7590.0,820.0,7471.0,394.0,VISam,831882777,1249.99867930076,probeA,3a,29999.9683032182,True,2019-03-06T09:04:43Z,2019-10-03T00:00:00Z,803390291,functional_connectivity,137.0,M,Sst-IRES-Cre/wt;Ai32(RCL-ChR2(H134R)_EYFP)/wt,832810573,252,43,2540,7590.0,820.0,7471.0,394.0,VISam,831882777,1249.99867930076,3a,29999.9683032182,True,3
951088810,0.376625694302057,115.73328,0.0119538098241307,212.85,3.12518344068828,0.700502512562814,849777622,2.7506981736566,0.219765494137353,0.0402945017623903,47.6777251808021,0.0081138820214616,30.45,0.831081081081081,0.0023007172824468,0.99,-0.0563011211865469,0.316655562113146,0.0197324474396191,2.33004843818682,80.0,0.480737018425461,0.755443886097152,832810573,252,43,2540,7590.0,820.0,7471.0,394.0,VISam,831882777,1249.99867930076,probeA,3a,29999.9683032182,True,2019-03-06T09:04:43Z,2019-10-03T00:00:00Z,803390291,functional_connectivity,137.0,M,Sst-IRES-Cre/wt;Ai32(RCL-ChR2(H134R)_EYFP)/wt,832810573,252,43,2540,7590.0,820.0,7471.0,394.0,VISam,831882777,1249.99867930076,3a,29999.9683032182,True,3
951087386,0.189364715495273,120.954405,0.0059663406232657,193.66,3.53131388690414,0.618090452261307,849777628,5.16575687401114,0.370854271356784,0.302767752987035,64.7363857384666,0.0026237928706477,12.87,0.931712962962963,0.0032262493135639,0.99,-0.0105339597076501,0.176487057306896,0.156843106417624,1.11486993896774,60.0,0.0,0.549413735343383,832810573,255,27,2560,7576.0,780.0,7478.0,394.0,VISam,831882777,1249.99867930076,probeA,3a,29999.9683032182,True,2019-03-06T09:04:43Z,2019-10-03T00:00:00Z,803390291,functional_connectivity,137.0,M,Sst-IRES-Cre/wt;Ai32(RCL-ChR2(H134R)_EYFP)/wt,832810573,255,27,2560,7576.0,780.0,7478.0,394.0,VISam,831882777,1249.99867930076,3a,29999.9683032182,True,1
951087449,0.281777429595174,107.017755,0.0239965224029416,147.21,3.01185999853665,0.645561139028476,849777626,9.52073242111814,0.260971524288107,0.0567589994047948,57.1399304853543,0.0132259002784093,30.8,0.814553990610329,0.0096093586797576,0.99,-0.0383248034536454,0.265359691399026,0.144571088025258,1.96271647380714,110.0,1.16750418760469,0.416965781287389,832810573,254,59,2560,7583.0,800.0,7475.0,394.0,VISam,831882777,1249.99867930076,probeA,3a,29999.9683032182,True,2019-03-06T09:04:43Z,2019-10-03T00:00:00Z,803390291,functional_connectivity,137.0,M,Sst-IRES-Cre/wt;Ai32(RCL-ChR2(H134R)_EYFP)/wt,832810573,254,59,2560,7583.0,800.0,7475.0,394.0,VISam,831882777,1249.99867930076,3a,29999.9683032182,True,2
951087554,0.318882408892334,80.36223,0.0726864022172355,251.59,3.53969335075836,0.65929648241206,849777626,3.44780336267776,0.233500837520938,0.150679635678631,45.6205377220759,0.0101769367536552,35.09,0.859307359307359,0.0011172049563274,0.99,-0.0342586381917385,0.176731321526787,0.0757461387670861,1.35013912786082,90.0,0.343383584589615,-0.294328786791099,832810573,254,59,2560,7583.0,800.0,7475.0,394.0,VISam,831882777,1249.99867930076,probeA,3a,29999.9683032182,True,2019-03-06T09:04:43Z,2019-10-03T00:00:00Z,803390291,functional_connectivity,137.0,M,Sst-IRES-Cre/wt;Ai32(RCL-ChR2(H134R)_EYFP)/wt,832810573,254,59,2560,7583.0,800.0,7475.0,394.0,VISam,831882777,1249.99867930076,3a,29999.9683032182,True,2
951087656,0.395726330579526,47.759985,0.0523174372751962,346.67,3.07709255810943,0.618090452261306,849777604,6.67415178053521,0.343383584589615,0.006844465053432,84.2937242916267,0.0013495192984844,29.96,0.975333333333333,0.009009009009009,0.99,-0.0114238009684509,0.0794455172108104,0.12041729029605,0.814890924423066,150.0,1.13316582914573,0.784876764776262,832810573,243,27,2440,7628.0,918.0,7454.0,394.0,VISam,831882777,1249.99867930076,probeA,3a,29999.9683032182,True,2019-03-06T09:04:43Z,2019-10-03T00:00:00Z,803390291,functional_connectivity,137.0,M,Sst-IRES-Cre/wt;Ai32(RCL-ChR2(H134R)_EYFP)/wt,832810573,243,27,2440,7628.0,918.0,7454.0,394.0,VISam,831882777,1249.99867930076,3a,29999.9683032182,True,1
951087718,0.509639614594029,117.185445,0.0006600348054887,207.26,3.93522043162516,0.769179229480737,849777636,2.14612007360994,0.164824120603015,0.0,66.2604492801576,0.0011999609680076,32.0,0.988584474885845,0.0,0.99,-0.0439154169279132,0.302732540119663,0.166972801873191,2.68428709744696,60.0,0.343383584589615,0.48073701842546,832810573,259,27,2600,7562.0,740.0,7485.0,394.0,VISam,831882777,1249.99867930076,probeA,3a,29999.9683032182,True,2019-03-06T09:04:43Z,2019-10-03T00:00:00Z,803390291,functional_connectivity,137.0,M,Sst-IRES-Cre/wt;Ai32(RCL-ChR2(H134R)_EYFP)/wt,832810573,259,27,2600,7562.0,740.0,7485.0,394.0,VISam,831882777,1249.99867930076,3a,29999.9683032182,True,1
951087820,0.340860810376756,241.927725,0.000759320433611,97.84,4.89699531328589,0.782914572864322,849777632,1.33462699986754,0.1785594639866,0.0,81.7264581794272,3.48486673757932e-05,28.48,1.0,0.0001008979921299,0.99,-0.0806735776316763,0.641514189387731,0.274421799494486,4.45186411357787,50.0,0.343383584589615,0.686767169179229,832810573,257,11,2580,7569.0,760.0,7482.0,394.0,VISam,831882777,1249.99867930076,probeA,3a,29999.9683032182,True,2019-03-06T09:04:43Z,2019-10-03T00:00:00Z,803390291,functional_connectivity,137.0,M,Sst-IRES-Cre/wt;Ai32(RCL-ChR2(H134R)_EYFP)/wt,832810573,257,11,2580,7569.0,760.0,7482.0,394.0,VISam,831882777,1249.99867930076,3a,29999.9683032182,True,2
951087854,0.300212242563298,205.92234,0.0007534671487853,68.87,5.45496067960404,0.714237855946399,849777632,3.67962947571281,0.15108877721943,0.0112588360342629,74.7532721460024,0.0005049583186293,15.4,0.975260416666667,0.0001026272577996,0.99,-0.0883994232732393,0.624549610005468,0.277832499576248,4.37282370415785,40.0,0.68676716917923,2.06030150753769,832810573,257,11,2580,7569.0,760.0,7482.0,394.0,VISam,831882777,1249.99867930076,probeA,3a,29999.9683032182,True,2019-03-06T09:04:43Z,2019-10-03T00:00:00Z,803390291,functional_connectivity,137.0,M,Sst-IRES-Cre/wt;Ai32(RCL-ChR2(H134R)_EYFP)/wt,832810573,257,11,2580,7569.0,760.0,7482.0,394.0,VISam,831882777,1249.99867930076,3a,29999.9683032182,True,2
951087922,0.45610893263212,130.080015,0.0100662212519267,204.19,4.54107766402447,0.755443886097152,849777634,3.61353869787387,0.1785594639866,0.414442806262571,52.6264063026312,0.0072813911947635,36.02,0.929214929214929,0.0019847380487971,0.99,-0.0290998378802088,0.373524328149066,0.130770028216424,2.75476462430791,70.0,1.03015075376884,-0.686767169179229,832810573,258,59,2600,7565.0,750.0,7483.0,394.0,VISam,831882777,1249.99867930076,probeA,3a,29999.9683032182,True,2019-03-06T09:04:43Z,2019-10-03T00:00:00Z,803390291,functional_connectivity,137.0,M,Sst-IRES-Cre/wt;Ai32(RCL-ChR2(H134R)_EYFP)/wt,832810573,258,59,2600,7565.0,750.0,7483.0,394.0,VISam,831882777,1249.99867930076,3a,29999.9683032182,True,1
951088025,0.333449879115555,102.804195,0.0267355334036524,160.31,3.7815518126263,0.686767169179229,849777638,4.88400680417776,0.206030150753769,0.321133208272469,65.1038749925526,0.0033815890973396,31.05,0.923809523809524,0.0027979274611399,0.99,-0.0286589959367813,0.235227834442347,0.0876221624331951,2.0857239395929,50.0,1.37353433835846,0.206030150753768,832810573,260,43,2620,7559.0,729.0,7487.0,394.0,VISam,831882777,1249.99867930076,probeA,3a,29999.9683032182,True,2019-03-06T09:04:43Z,2019-10-03T00:00:00Z,803390291,functional_connectivity,137.0,M,Sst-IRES-Cre/wt;Ai32(RCL-ChR2(H134R)_EYFP)/wt,832810573,260,43,2620,7559.0,729.0,7487.0,394.0,VISam,831882777,1249.99867930076,3a,29999.9683032182,True,2
951088165,0.557149853504725,97.6004249999999,0.0430137126929946,128.89,4.0590549735411,0.302177554438861,849777638,12.0917653571726,0.1785594639866,0.0547370709456851,81.3555007577346,0.0041356921178609,27.36,0.966,0.0116451565049696,0.99,-0.101021234130256,0.426243037769746,0.0467730959587668,2.29300662732491,120.0,0.515075376884422,-0.51016989710457,832810573,260,43,2620,7559.0,729.0,7487.0,394.0,VISam,831882777,1249.99867930076,probeA,3a,29999.9683032182,True,2019-03-06T09:04:43Z,2019-10-03T00:00:00Z,803390291,functional_connectivity,137.0,M,Sst-IRES-Cre/wt;Ai32(RCL-ChR2(H134R)_EYFP)/wt,832810573,260,43,2620,7559.0,729.0,7487.0,394.0,VISam,831882777,1249.99867930076,3a,29999.9683032182,True,2
951088062,0.323012632966514,141.01269,0.0062886767993064,203.64,3.97028847446246,0.727973199329983,849777640,5.62422351597387,0.1785594639866,0.27228578971989,63.8975334526246,0.005439739301532,30.8,0.937333333333333,0.0028435664309499,0.99,-0.0611197090188093,0.37171026959572,0.204981731978337,3.23605570522485,50.0,0.68676716917923,0.0,832810573,261,11,2620,7556.0,719.0,7489.0,394.0,VISam,831882777,1249.99867930076,probeA,3a,29999.9683032182,True,2019-03-06T09:04:43Z,2019-10-03T00:00:00Z,803390291,functional_connectivity,137.0,M,Sst-IRES-Cre/wt;Ai32(RCL-ChR2(H134R)_EYFP)/wt,832810573,261,11,2620,7556.0,719.0,7489.0,394.0,VISam,831882777,1249.99867930076,3a,29999.9683032182,True,1
951088113,0.289590523306182,210.675465,0.0006005871260188,71.33,4.47251927629642,0.65929648241206,849777642,1.12171301710641,0.123618090452261,0.0,57.9702766376461,0.0018353368201308,8.81,0.953795379537954,0.0002357140451897,0.99,-0.0756480347621312,0.670663761230957,0.0668355112846473,4.21693032851639,40.0,1.03015075376885,-2.06030150753769,832810573,262,59,2640,7549.0,699.0,7492.0,394.0,VISam,831882777,1249.99867930076,probeA,3a,29999.9683032182,True,2019-03-06T09:04:43Z,2019-10-03T00:00:00Z,803390291,functional_connectivity,137.0,M,Sst-IRES-Cre/wt;Ai32(RCL-ChR2(H134R)_EYFP)/wt,832810573,262,59,2640,7549.0,699.0,7492.0,394.0,VISam,831882777,1249.99867930076,3a,29999.9683032182,True,1
951088188,0.33439334386964,108.78582,0.0491430833183961,253.65,3.35385890645555,0.590619765494137,849777644,2.03478253248127,0.192294807370184,0.432616956502546,43.7274110892676,0.0164553731304681,21.59,0.847985347985348,0.0013240985944184,0.99,-0.045000097586019,0.360413638818542,0.114473234190443,2.46052690259027,40.0,2.06030150753769,0.68676716917923,832810573,263,27,2640,7546.0,689.0,7493.0,394.0,VISam,831882777,1249.99867930076,probeA,3a,29999.9683032182,True,2019-03-06T09:04:43Z,2019-10-03T00:00:00Z,803390291,functional_connectivity,137.0,M,Sst-IRES-Cre/wt;Ai32(RCL-ChR2(H134R)_EYFP)/wt,832810573,263,27,2640,7546.0,689.0,7493.0,394.0,VISam,831882777,1249.99867930076,3a,29999.9683032182,True,2
951088206,0.431837462536385,137.364825,0.037429233962014,96.46,3.44623367878919,0.302177554438861,849777644,8.55428189287336,0.137353433835846,0.057809277929697,57.642189107739,0.0143721662079395,25.07,0.956,0.0044392653015925,0.99,-0.0963250634987399,0.618927773171507,0.0557146932671746,2.87389072132945,50.0,0.0,-0.343383584589614,832810573,263,27,2640,7546.0,689.0,7493.0,394.0,VISam,831882777,1249.99867930076,probeA,3a,29999.9683032182,True,2019-03-06T09:04:43Z,2019-10-03T00:00:00Z,803390291,functional_connectivity,137.0,M,Sst-IRES-Cre/wt;Ai32(RCL-ChR2(H134R)_EYFP)/wt,832810573,263,27,2640,7546.0,689.0,7493.0,394.0,VISam,831882777,1249.99867930076,3a,29999.9683032182,True,2
951088283,0.453745775271426,148.61886,0.0383094900181592,176.82,4.0586747888214,0.755443886097152,849777650,0.343163654163716,0.219765494137353,0.0,33.9038282285166,0.0120685041146251,18.92,0.53921568627451,0.0008696233861796,0.99,-0.0636997668859939,0.408737023254476,0.156573781065687,3.16153642807224,90.0,1.29995214166068,-1.71691792294807,832810573,266,59,2680,7537.0,658.0,7498.0,394.0,VISam,831882777,1249.99867930076,probeA,3a,29999.9683032182,True,2019-03-06T09:04:43Z,2019-10-03T00:00:00Z,803390291,functional_connectivity,137.0,M,Sst-IRES-Cre/wt;Ai32(RCL-ChR2(H134R)_EYFP)/wt,832810573,266,59,2680,7537.0,658.0,7498.0,394.0,VISam,831882777,1249.99867930076,3a,29999.9683032182,True,1
951088315,0.583138207569509,158.37627,0.0027415295544442,75.53,5.53333049797763,0.274706867671692,849777652,13.4070735142872,0.137353433835846,0.158172977312863,97.6280067241731,0.0005498195215694,32.26,0.993333333333333,0.0007981642222887,0.99,-0.136419784281159,0.703071630879038,0.0982052778097469,3.24612125397976,50.0,0.343383584589614,1.03015075376884,832810573,267,27,2680,7534.0,648.0,7499.0,394.0,VISam,831882777,1249.99867930076,probeA,3a,29999.9683032182,True,2019-03-06T09:04:43Z,2019-10-03T00:00:00Z,803390291,functional_connectivity,137.0,M,Sst-IRES-Cre/wt;Ai32(RCL-ChR2(H134R)_EYFP)/wt,832810573,267,27,2680,7534.0,648.0,7499.0,394.0,VISam,831882777,1249.99867930076,3a,29999.9683032182,True,1
951088333,0.391065627156907,414.253124999999,0.0046426870438992,109.34,7.38134317182816,0.645561139028476,849777654,0.517033238939999,0.15108877721943,0.0,158.921843635813,1.34732944889804e-13,27.98,0.987654320987654,0.0001005429318318,0.99,-0.249505811494984,1.25158262642717,,5.69535483072636,70.0,0.343383584589615,0.343383584589615,832810573,268,43,2700,7531.0,638.0,7501.0,394.0,VISam,831882777,1249.99867930076,probeA,3a,29999.9683032182,True,2019-03-06T09:04:43Z,2019-10-03T00:00:00Z,803390291,functional_connectivity,137.0,M,Sst-IRES-Cre/wt;Ai32(RCL-ChR2(H134R)_EYFP)/wt,832810573,268,43,2700,7531.0,638.0,7501.0,394.0,VISam,831882777,1249.99867930076,3a,29999.9683032182,True,1
951088389,0.367327586040551,282.238905,0.0032625307147675,67.27,6.64826523102693,0.68676716917923,849777658,0.966247172005272,0.192294807370184,0.0408192677437722,73.514800426028,0.000188551638918,34.59,0.954954954954955,0.0002359524050291,0.98,-0.0910418926707595,0.825890881312523,0.364476666748005,5.71035502857534,50.0,0.343383584589615,-0.68676716917923,832810573,270,59,2720,7522.0,607.0,7505.0,394.0,VISam,831882777,1249.99867930076,probeA,3a,29999.9683032182,True,2019-03-06T09:04:43Z,2019-10-03T00:00:00Z,803390291,functional_connectivity,137.0,M,Sst-IRES-Cre/wt;Ai32(RCL-ChR2(H134R)_EYFP)/wt,832810573,270,59,2720,7522.0,607.0,7505.0,394.0,VISam,831882777,1249.99867930076,3a,29999.9683032182,True,2
951088401,0.348143340072717,140.478,0.0003101168709382,260.69,5.45210176706157,0.714237855946399,849777658,0.94408134189929,0.302177554438861,0.171034153824412,59.2252771977755,0.0020997073588284,39.23,0.970276008492569,0.0004402451827017,0.99,-0.0460976837145935,0.305032484109805,0.278559300280554,2.57182662720186,80.0,0.745632926537449,-0.343383584589614,832810573,270,59,2720,7522.0,607.0,7505.0,394.0,VISam,831882777,1249.99867930076,probeA,3a,29999.9683032182,True,2019-03-06T09:04:43Z,2019-10-03T00:00:00Z,803390291,functional_connectivity,137.0,M,Sst-IRES-Cre/wt;Ai32(RCL-ChR2(H134R)_EYFP)/wt,832810573,270,59,2720,7522.0,607.0,7505.0,394.0,VISam,831882777,1249.99867930076,3a,29999.9683032182,True,2
951088413,0.59551135218468,141.506235,0.0004593186211398,104.28,5.84928284092175,0.260971524288107,849777660,17.9725227692813,0.164824120603015,0.0041294445681149,122.096154881137,0.0003177552442123,41.67,1.0,0.0023731288791529,0.99,-0.117049329618439,0.653641050527197,0.191388384776824,3.31993180391213,80.0,0.0,-1.09882747068677,832810573,271,27,2720,7519.0,597.0,7506.0,394.0,VISam,831882777,1249.99867930076,probeA,3a,29999.9683032182,True,2019-03-06T09:04:43Z,2019-10-03T00:00:00Z,803390291,functional_connectivity,137.0,M,Sst-IRES-Cre/wt;Ai32(RCL-ChR2(H134R)_EYFP)/wt,832810573,271,27,2720,7519.0,597.0,7506.0,394.0,VISam,831882777,1249.99867930076,3a,29999.9683032182,True,2
951088913,0.374270607463149,225.00153,0.0001073341028664,56.95,5.72330897920769,0.755443886097152,849777660,0.245145946722584,0.206030150753769,0.0,108.151647455662,7.09580710315563e-06,36.32,0.954022988505747,0.0002005816868919,0.99,-0.0829355004144075,0.619834517706824,0.0667252459487777,4.83428531005319,70.0,0.892797319932998,-0.343383584589614,832810573,271,27,2720,7519.0,597.0,7506.0,394.0,VISam,831882777,1249.99867930076,probeA,3a,29999.9683032182,True,2019-03-06T09:04:43Z,2019-10-03T00:00:00Z,803390291,functional_connectivity,137.0,M,Sst-IRES-Cre/wt;Ai32(RCL-ChR2(H134R)_EYFP)/wt,832810573,271,27,2720,7519.0,597.0,7506.0,394.0,VISam,831882777,1249.99867930076,3a,29999.9683032182,True,2
951088562,0.371568436137116,174.45285,0.0001146754733724,106.8,6.96892197474395,0.700502512562814,849777664,0.240570431333734,0.206030150753769,0.0,68.5716940613071,0.0002277861585409,24.77,0.833333333333333,0.0003009630818619,0.96,-0.0281574298377026,0.49869389275411,0.143466641768982,3.76988047530306,80.0,0.549413735343383,-0.274706867671691,832810573,273,11,2740,7513.0,577.0,7508.0,394.0,VISam,831882777,1249.99867930076,probeA,3a,29999.9683032182,True,2019-03-06T09:04:43Z,2019-10-03T00:00:00Z,803390291,functional_connectivity,137.0,M,Sst-IRES-Cre/wt;Ai32(RCL-ChR2(H134R)_EYFP)/wt,832810573,273,11,2740,7513.0,577.0,7508.0,394.0,VISam,831882777,1249.99867930076,3a,29999.9683032182,True,1
951088604,0.690192904237458,73.03647,0.0976306898724029,180.91,3.33641018799642,0.32964824120603,849777672,5.04557333646403,0.1785594639866,0.146705606494277,68.8986047043053,0.007473351087521,34.46,0.932,0.0145785876993166,0.99,-0.0507045085384571,0.322972624308375,0.142756721066127,2.16373362432075,100.0,0.0,-0.171691792294807,832810573,277,11,2780,7499.0,526.0,7512.0,394.0,VISam,831882777,1249.99867930076,probeA,3a,29999.9683032182,True,2019-03-06T09:04:43Z,2019-10-03T00:00:00Z,803390291,functional_connectivity,137.0,M,Sst-IRES-Cre/wt;Ai32(RCL-ChR2(H134R)_EYFP)/wt,832810573,277,11,2780,7499.0,526.0,7512.0,394.0,VISam,831882777,1249.99867930076,3a,29999.9683032182,True,1
951088719,0.41959935046918,140.69094,0.0016291594133282,148.9,6.03317560820466,0.50820770519263,849777170,3.95802416759436,0.288442211055276,0.0048653579089162,86.6182167620651,0.0002869998428265,11.32,0.988666666666667,0.0011509371917132,0.99,-0.105136223598887,0.378192626962273,0.0476679207664556,2.50075566851993,50.0,-0.343383584589614,-1.71691792294807,832810573,26,59,280,8259.0,2792.0,7085.0,215.0,APN,831882777,1249.99867930076,probeA,3a,29999.9683032182,True,2019-03-06T09:04:43Z,2019-10-03T00:00:00Z,803390291,functional_connectivity,137.0,M,Sst-IRES-Cre/wt;Ai32(RCL-ChR2(H134R)_EYFP)/wt,832810573,26,59,280,8259.0,2792.0,7085.0,215.0,APN,831882777,1249.99867930076,3a,29999.9683032182,True,1
951088735,0.7917790020552,127.72461,0.0044599754575291,521.81,5.2810543519287,0.467001675041876,849777206,0.700968957571751,0.260971524288107,0.0775611268349425,73.2936450187893,0.0006773737776633,32.05,0.806763285024155,0.0013425972543886,0.97,-0.015775801923475,0.29128525678251,-0.0479854904846766,2.74897734506375,40.0,-2.06030150753769,0.343383584589614,832810573,44,43,460,8205.0,2657.0,7106.0,628.0,NOT,831882777,1249.99867930076,probeA,3a,29999.9683032182,True,2019-03-06T09:04:43Z,2019-10-03T00:00:00Z,803390291,functional_connectivity,137.0,M,Sst-IRES-Cre/wt;Ai32(RCL-ChR2(H134R)_EYFP)/wt,832810573,44,43,460,8205.0,2657.0,7106.0,628.0,NOT,831882777,1249.99867930076,3a,29999.9683032182,True,1
951088949,0.568415231002942,104.313495,0.0259989669372804,232.7,3.32602561093555,0.727973199329983,849777670,0.352213006821663,0.274706867671692,0.0,44.1266309289024,0.007260785035358,24.97,0.784037558685446,0.0004364320005371,0.98,-0.0060872657980638,0.160966117773255,0.0217240458240374,0.372867211563125,70.0,0.137353433835846,0.0,832810573,276,43,2780,7502.0,536.0,7512.0,394.0,VISam,831882777,1249.99867930076,probeA,3a,29999.9683032182,True,2019-03-06T09:04:43Z,2019-10-03T00:00:00Z,803390291,functional_connectivity,137.0,M,Sst-IRES-Cre/wt;Ai32(RCL-ChR2(H134R)_EYFP)/wt,832810573,276,43,2780,7502.0,536.0,7512.0,394.0,VISam,831882777,1249.99867930076,3a,29999.9683032182,True,1
951089286,0.285698498533318,77.069655,0.0276786570996208,512.12,2.53056306022477,0.425795644891122,849775892,6.45072241339541,0.1785594639866,0.105323866933789,33.456132619002,0.0770048434459293,17.96,0.427889207258835,0.0134010292543087,0.99,-0.033186551248704,0.263104201318465,0.127758770171045,1.40044645577917,80.0,-0.137353433835846,-0.0686767169179233,832810576,7,27,80,8316.0,3004.0,7344.0,215.0,APN,831882777,1249.99670166897,probeB,3a,29999.9208400553,True,2019-03-06T09:04:43Z,2019-10-03T00:00:00Z,803390291,functional_connectivity,137.0,M,Sst-IRES-Cre/wt;Ai32(RCL-ChR2(H134R)_EYFP)/wt,832810576,7,27,80,8316.0,3004.0,7344.0,215.0,APN,831882777,1249.99670166897,3a,29999.9208400553,True,1
951089302,0.516684441837344,81.342495,0.022032229238336,1030.48,4.72546578207174,0.192294807370184,849775896,6.96582849054085,0.123618090452261,0.0141379125919146,71.9793307531976,0.0005750797384861,78.91,0.975,0.0003125,0.99,-0.0605405049278386,0.250251319478079,0.18379680622577,1.09353650808722,60.0,0.343383584589614,-0.137353433835846,832810576,9,11,100,8312.0,2986.0,7343.0,215.0,APN,831882777,1249.99670166897,probeB,3a,29999.9208400553,True,2019-03-06T09:04:43Z,2019-10-03T00:00:00Z,803390291,functional_connectivity,137.0,M,Sst-IRES-Cre/wt;Ai32(RCL-ChR2(H134R)_EYFP)/wt,832810576,9,11,100,8312.0,2986.0,7343.0,215.0,APN,831882777,1249.99670166897,3a,29999.9208400553,True,1
951089351,0.509163267824769,139.057815,0.0098839180368662,104.8,6.6229607806181,0.357118927973199,849775902,30.0953725104257,0.164824120603015,0.0037869426303741,101.26351599717,0.0002063679666984,5.17,0.999333333333333,0.0017041581458759,0.99,-0.0230801323415486,0.428109885458901,0.136876480029303,3.34478318095591,50.0,0.0,-0.343383584589614,832810576,12,43,140,8303.0,2951.0,7341.0,215.0,APN,831882777,1249.99670166897,probeB,3a,29999.9208400553,True,2019-03-06T09:04:43Z,2019-10-03T00:00:00Z,803390291,functional_connectivity,137.0,M,Sst-IRES-Cre/wt;Ai32(RCL-ChR2(H134R)_EYFP)/wt,832810576,12,43,140,8303.0,2951.0,7341.0,215.0,APN,831882777,1249.99670166897,3a,29999.9208400553,True,1
951089404,0.575363083634327,114.16899,0.0424384393144435,155.75,7.20893618245839,0.1785594639866,849775912,9.67577858293728,0.0961474036850922,0.0622836962968065,105.384274045603,2.45502313484871e-05,5.6,0.998,0.000138217000691,0.99,-0.136905864231683,0.452463252095257,0.142855988719475,3.17630378264928,60.0,0.68676716917923,-0.206030150753769,832810576,17,11,180,8292.0,2909.0,7339.0,215.0,APN,831882777,1249.99670166897,probeB,3a,29999.9208400553,True,2019-03-06T09:04:43Z,2019-10-03T00:00:00Z,803390291,functional_connectivity,137.0,M,Sst-IRES-Cre/wt;Ai32(RCL-ChR2(H134R)_EYFP)/wt,832810576,17,11,180,8292.0,2909.0,7339.0,215.0,APN,831882777,1249.99670166897,3a,29999.9208400553,True,1
951089444,0.482826021443868,112.424325,0.0503622227394532,192.12,7.00885444694534,0.288442211055276,849775920,3.20838080502315,0.137353433835846,0.0666417432828151,107.798279116038,0.0006159465004466,5.73,0.953074433656958,0.0022462732285072,0.99,-0.0953698696487752,0.486082533973028,0.153218556497829,3.03775617655036,50.0,1.03015075376885,0.0,832810576,21,11,220,8284.0,2876.0,7338.0,215.0,APN,831882777,1249.99670166897,probeB,3a,29999.9208400553,True,2019-03-06T09:04:43Z,2019-10-03T00:00:00Z,803390291,functional_connectivity,137.0,M,Sst-IRES-Cre/wt;Ai32(RCL-ChR2(H134R)_EYFP)/wt,832810576,21,11,220,8284.0,2876.0,7338.0,215.0,APN,831882777,1249.99670166897,3a,29999.9208400553,True,1
951089455,0.569237685618125,126.704955,0.000109750583826,70.35,7.44115049324426,0.288442211055276,849775924,68.7587303328649,0.123618090452261,0.001055993539928,167.899646993004,2.13885338805732e-08,12.2,1.0,0.0,0.99,-0.134191801703477,0.577539179631302,0.20033585591487,3.39702643419638,50.0,0.686767169179229,-0.343383584589614,832810576,23,27,240,8280.0,2860.0,7338.0,215.0,APN,831882777,1249.99670166897,probeB,3a,29999.9208400553,True,2019-03-06T09:04:43Z,2019-10-03T00:00:00Z,803390291,functional_connectivity,137.0,M,Sst-IRES-Cre/wt;Ai32(RCL-ChR2(H134R)_EYFP)/wt,832810576,23,27,240,8280.0,2860.0,7338.0,215.0,APN,831882777,1249.99670166897,3a,29999.9208400553,True,1
951089481,0.731482035202794,308.02044,0.0002332524562781,44.08,6.98874098103427,0.233500837520938,849775928,25.3317089268758,0.123618090452261,0.0006532950534171,112.488832419961,5.54864590409689e-06,8.7,1.0,0.0,0.99,-0.415471655546826,1.35849470454493,0.234175369950636,5.53133124073707,30.0,0.0,0.0,832810576,25,11,260,8276.0,2844.0,7337.0,215.0,APN,831882777,1249.99670166897,probeB,3a,29999.9208400553,True,2019-03-06T09:04:43Z,2019-10-03T00:00:00Z,803390291,functional_connectivity,137.0,M,Sst-IRES-Cre/wt;Ai32(RCL-ChR2(H134R)_EYFP)/wt,832810576,25,11,260,8276.0,2844.0,7337.0,215.0,APN,831882777,1249.99670166897,3a,29999.9208400553,True,1
951089518,0.447658260389178,134.247165,0.0396104074384116,80.62,4.34000715215593,0.1785594639866,849775936,71.5823576053341,0.0961474036850922,0.0114690296943156,159.733129752343,0.0100663792441515,6.22,0.960666666666667,0.0388525780682643,0.99,-0.172222072835477,0.519058736014715,0.162658027320427,3.45358544985176,30.0,0.0,0.0,832810576,29,11,300,8268.0,2813.0,7337.0,628.0,NOT,831882777,1249.99670166897,probeB,3a,29999.9208400553,True,2019-03-06T09:04:43Z,2019-10-03T00:00:00Z,803390291,functional_connectivity,137.0,M,Sst-IRES-Cre/wt;Ai32(RCL-ChR2(H134R)_EYFP)/wt,832810576,29,11,300,8268.0,2813.0,7337.0,628.0,NOT,831882777,1249.99670166897,3a,29999.9208400553,True,2
951089529,0.295968501519058,149.171685,0.0277273183378391,89.44,3.49610535047457,0.247236180904523,849775936,23.5269057548798,0.109882747068677,0.0707828298906096,38.4732878109314,0.0798992728283615,7.4,0.628666666666667,0.0090593386682772,0.99,-0.0894573629176554,0.639882089052284,0.0345632282561427,3.31970890143086,30.0,0.0,0.0,832810576,29,11,300,8268.0,2813.0,7337.0,628.0,NOT,831882777,1249.99670166897,probeB,3a,29999.9208400553,True,2019-03-06T09:04:43Z,2019-10-03T00:00:00Z,803390291,functional_connectivity,137.0,M,Sst-IRES-Cre/wt;Ai32(RCL-ChR2(H134R)_EYFP)/wt,832810576,29,11,300,8268.0,2813.0,7337.0,628.0,NOT,831882777,1249.99670166897,3a,29999.9208400553,True,2
951089561,0.365599179662224,182.47398,0.0171244725551643,126.91,4.23036736643928,0.206030150753769,849775942,5.60017714388857,0.0961474036850922,0.075341423750028,44.7099580098246,0.0134058435715599,7.68,0.774957698815567,0.0019041789928253,0.99,-0.190079781273344,0.743558328726382,0.060630098114817,3.91413835577184,30.0,0.0,0.0,832810576,32,43,340,8262.0,2791.0,7337.0,628.0,NOT,831882777,1249.99670166897,probeB,3a,29999.9208400553,True,2019-03-06T09:04:43Z,2019-10-03T00:00:00Z,803390291,functional_connectivity,137.0,M,Sst-IRES-Cre/wt;Ai32(RCL-ChR2(H134R)_EYFP)/wt,832810576,32,43,340,8262.0,2791.0,7337.0,628.0,NOT,831882777,1249.99670166897,3a,29999.9208400553,True,1
951089584,0.459117564779128,151.08756,0.0220587165177401,262.33,5.27112200845157,0.247236180904523,849775944,5.65864259875605,0.123618090452261,0.0714147617514113,59.8131858921862,0.0045781128491605,23.1,0.887301587301587,0.0012938372488934,0.99,-0.142035446545524,0.675844306350572,0.0495908136303007,2.96280669327963,30.0,1.37353433835846,0.0,832810576,33,11,340,8260.0,2783.0,7337.0,628.0,NOT,831882777,1249.99670166897,probeB,3a,29999.9208400553,True,2019-03-06T09:04:43Z,2019-10-03T00:00:00Z,803390291,functional_connectivity,137.0,M,Sst-IRES-Cre/wt;Ai32(RCL-ChR2(H134R)_EYFP)/wt,832810576,33,11,340,8260.0,2783.0,7337.0,628.0,NOT,831882777,1249.99670166897,3a,29999.9208400553,True,1
951089684,0.842980178323034,111.107685,0.0608813796371783,236.86,4.79017437437371,0.425795644891122,849775948,18.1666911735777,0.123618090452261,0.0339501210043197,113.571190111103,7.62188960737719e-05,26.21,0.999333333333333,0.0006778019849915,0.98,-0.0070284815015643,0.253429958028557,0.111454222020341,2.0489103349305,60.0,1.37353433835846,0.206030150753769,832810576,35,27,360,8256.0,2769.0,7337.0,628.0,NOT,831882777,1249.99670166897,probeB,3a,29999.9208400553,True,2019-03-06T09:04:43Z,2019-10-03T00:00:00Z,803390291,functional_connectivity,137.0,M,Sst-IRES-Cre/wt;Ai32(RCL-ChR2(H134R)_EYFP)/wt,832810576,35,27,360,8256.0,2769.0,7337.0,628.0,NOT,831882777,1249.99670166897,3a,29999.9208400553,True,1
951089716,0.791907583013804,47.0332199999999,0.0215499719166057,1085.01,3.5994607164736,1.9641541038526,849775958,9.37491026823666,0.0824120603015075,0.112315436723428,64.7970217703611,0.0047720038421802,61.15,0.948460508701473,0.0034729530625131,0.99,-0.0101545871183294,0.0330144762166763,0.0147640182480434,0.712438164093334,90.0,0.0,-3.08064130174683,832810576,40,43,420,8245.0,2726.0,7337.0,628.0,NOT,831882777,1249.99670166897,probeB,3a,29999.9208400553,True,2019-03-06T09:04:43Z,2019-10-03T00:00:00Z,803390291,functional_connectivity,137.0,M,Sst-IRES-Cre/wt;Ai32(RCL-ChR2(H134R)_EYFP)/wt,832810576,40,43,420,8245.0,2726.0,7337.0,628.0,NOT,831882777,1249.99670166897,3a,29999.9208400553,True,2
951093653,0.200486855955382,153.52623,0.0710432955634349,155.9,4.89845961157887,0.274706867671692,849775958,9.74471698015493,0.109882747068677,0.0148494007005551,72.8791971445311,0.0014227722210402,6.77,0.968582375478927,0.0014636696288552,0.99,-0.0760759843930073,0.634904513789752,0.0620604166630074,4.06022994379094,30.0,0.0,0.0,832810576,40,43,420,8245.0,2726.0,7337.0,628.0,NOT,831882777,1249.99670166897,probeB,3a,29999.9208400553,True,2019-03-06T09:04:43Z,2019-10-03T00:00:00Z,803390291,functional_connectivity,137.0,M,Sst-IRES-Cre/wt;Ai32(RCL-ChR2(H134R)_EYFP)/wt,832810576,40,43,420,8245.0,2726.0,7337.0,628.0,NOT,831882777,1249.99670166897,3a,29999.9208400553,True,2
951089785,0.248207357287857,65.80665,0.0633374286977621,256.58,4.02515867637331,0.233500837520938,849775964,5.76306698510196,0.123618090452261,0.0711426465997295,64.9171586493235,0.0024965932938737,30.25,0.924050632911392,0.0031323144706044,0.99,-0.0389375184273445,0.257570793748854,0.114834097755837,1.88054957112736,50.0,0.0,0.0,832810576,43,27,440,8239.0,2706.0,7337.0,628.0,NOT,831882777,1249.99670166897,probeB,3a,29999.9208400553,True,2019-03-06T09:04:43Z,2019-10-03T00:00:00Z,803390291,functional_connectivity,137.0,M,Sst-IRES-Cre/wt;Ai32(RCL-ChR2(H134R)_EYFP)/wt,832810576,43,27,440,8239.0,2706.0,7337.0,628.0,NOT,831882777,1249.99670166897,3a,29999.9208400553,True,1
951089823,0.194616771575077,200.57232,0.0056737436046193,79.79,4.13054202316138,0.1785594639866,849775966,16.6793300017491,0.068676716917923,0.0220561761487369,81.7312182783006,0.0139105182765235,14.22,0.838666666666667,0.0196558374128468,0.99,-0.151098129789015,0.69133798295014,0.188202455289409,5.00725556336159,40.0,0.0,0.0,832810576,44,43,460,8237.0,2699.0,7337.0,628.0,NOT,831882777,1249.99670166897,probeB,3a,29999.9208400553,True,2019-03-06T09:04:43Z,2019-10-03T00:00:00Z,803390291,functional_connectivity,137.0,M,Sst-IRES-Cre/wt;Ai32(RCL-ChR2(H134R)_EYFP)/wt,832810576,44,43,460,8237.0,2699.0,7337.0,628.0,NOT,831882777,1249.99670166897,3a,29999.9208400553,True,3
951089838,0.219707183070237,213.394545,0.0007010352010346,80.43,5.66314362072861,0.247236180904523,849775966,4.04082720328405,0.109882747068677,0.128384178818771,54.9901554190681,0.0053618386268247,4.7,0.914600550964187,0.0005807200929152,0.99,-0.122407187245577,0.892239628732218,0.16290939246165,4.87732528989915,30.0,0.68676716917923,-0.68676716917923,832810576,44,43,460,8237.0,2699.0,7337.0,628.0,NOT,831882777,1249.99670166897,probeB,3a,29999.9208400553,True,2019-03-06T09:04:43Z,2019-10-03T00:00:00Z,803390291,functional_connectivity,137.0,M,Sst-IRES-Cre/wt;Ai32(RCL-ChR2(H134R)_EYFP)/wt,832810576,44,43,460,8237.0,2699.0,7337.0,628.0,NOT,831882777,1249.99670166897,3a,29999.9208400553,True,3
951093667,0.187371048904543,206.466975,0.017208705869916,185.55,2.11203437256651,0.1785594639866,849775966,6.31355737232371,0.0549413735343384,0.0650160082176137,41.6222476148709,0.0363330015789563,17.09,0.514991181657848,0.0198503429640407,0.99,-0.149992895138466,0.709963500008741,0.0227917127875673,5.0265337294984,40.0,0.0,0.0,832810576,44,43,460,8237.0,2699.0,7337.0,628.0,NOT,831882777,1249.99670166897,probeB,3a,29999.9208400553,True,2019-03-06T09:04:43Z,2019-10-03T00:00:00Z,803390291,functional_connectivity,137.0,M,Sst-IRES-Cre/wt;Ai32(RCL-ChR2(H134R)_EYFP)/wt,832810576,44,43,460,8237.0,2699.0,7337.0,628.0,NOT,831882777,1249.99670166897,3a,29999.9208400553,True,3
951089938,0.159036527078728,63.345945,0.0291556412450365,464.19,3.88600550374223,0.467001675041876,849775974,4.08109210785365,0.123618090452261,0.11213268772862,54.0960237172042,0.0095298783552041,37.29,0.818529130850048,0.0073567505957931,0.99,-0.0042912625578899,0.23654252453902,0.126956452486349,2.42149426890594,80.0,,0.297453296205017,832810576,48,43,500,8230.0,2673.0,7338.0,313.0,MB,831882777,1249.99670166897,probeB,3a,29999.9208400553,True,2019-03-06T09:04:43Z,2019-10-03T00:00:00Z,803390291,functional_connectivity,137.0,M,Sst-IRES-Cre/wt;Ai32(RCL-ChR2(H134R)_EYFP)/wt,832810576,48,43,500,8230.0,2673.0,7338.0,313.0,MB,831882777,1249.99670166897,3a,29999.9208400553,True,2
951089965,0.224304146926859,52.1508,0.0383470398889046,269.71,5.81858872970488,0.32964824120603,849775974,14.2777724738972,0.0961474036850922,0.0063562894573078,94.6041459192574,0.0022414072443985,23.47,0.975333333333333,0.0049334450339756,0.98,-0.0159323860765338,0.192288908972653,0.12589569633792,2.08087587514128,40.0,8.24120603015075,0.343383584589614,832810576,48,43,500,8230.0,2673.0,7338.0,313.0,MB,831882777,1249.99670166897,probeB,3a,29999.9208400553,True,2019-03-06T09:04:43Z,2019-10-03T00:00:00Z,803390291,functional_connectivity,137.0,M,Sst-IRES-Cre/wt;Ai32(RCL-ChR2(H134R)_EYFP)/wt,832810576,48,43,500,8230.0,2673.0,7338.0,313.0,MB,831882777,1249.99670166897,3a,29999.9208400553,True,2
951089952,0.427822297280663,79.9552650000001,0.0883867112203827,226.12,3.53714643818875,0.219765494137353,849775970,4.46706578903093,0.109882747068677,0.0725778891928078,47.8484653177298,0.0174726652180039,25.7,0.777462121212121,0.0055624654505251,0.99,-0.0865971955347138,0.349993064735095,0.0284789017241681,2.2551454460772,50.0,0.686767169179227,0.412060301507538,832810576,46,59,480,8233.0,2686.0,7338.0,628.0,NOT,831882777,1249.99670166897,probeB,3a,29999.9208400553,True,2019-03-06T09:04:43Z,2019-10-03T00:00:00Z,803390291,functional_connectivity,137.0,M,Sst-IRES-Cre/wt;Ai32(RCL-ChR2(H134R)_EYFP)/wt,832810576,46,59,480,8233.0,2686.0,7338.0,628.0,NOT,831882777,1249.99670166897,3a,29999.9208400553,True,1
951090165,0.568288180977225,129.87195,0.0052059149797105,111.46,4.28160436484412,0.302177554438861,849776186,11.8721477839674,0.206030150753769,0.0089227970441498,83.8064008309338,0.0048855044628992,46.63,0.996666666666667,0.0056870299027701,0.99,-0.12411241636052,0.519897481907558,0.185765986827043,3.23766651154404,40.0,1.03015075376884,0.0,832810576,154,59,1560,8044.0,1677.0,7287.0,382.0,CA1,831882777,1249.99670166897,probeB,3a,29999.9208400553,True,2019-03-06T09:04:43Z,2019-10-03T00:00:00Z,803390291,functional_connectivity,137.0,M,Sst-IRES-Cre/wt;Ai32(RCL-ChR2(H134R)_EYFP)/wt,832810576,154,59,1560,8044.0,1677.0,7287.0,382.0,CA1,831882777,1249.99670166897,3a,29999.9208400553,True,1
951090221,0.547968646184886,81.7065600000001,0.0566768678702758,194.33,4.75400476910727,0.233500837520938,849776192,10.6409161439844,0.123618090452261,0.00639500991908,79.6319591525423,0.0020325691187717,42.1,0.987333333333333,0.0019143885442989,0.99,-0.0696184464147597,0.355995008570139,0.131373871717313,2.47386825936533,90.0,-0.137353433835846,-0.892797319932998,832810576,157,11,1580,8039.0,1649.0,7289.0,382.0,CA1,831882777,1249.99670166897,probeB,3a,29999.9208400553,True,2019-03-06T09:04:43Z,2019-10-03T00:00:00Z,803390291,functional_connectivity,137.0,M,Sst-IRES-Cre/wt;Ai32(RCL-ChR2(H134R)_EYFP)/wt,832810576,157,11,1580,8039.0,1649.0,7289.0,382.0,CA1,831882777,1249.99670166897,3a,29999.9208400553,True,1
951090289,0.341899892613696,202.40805,0.0004158693963393,96.19,2.7560945763487,0.83785594639866,849776200,1.0260433131612,0.15108877721943,0.0,67.8542016508944,0.0002173500735731,37.67,0.9957805907173,0.0001007962906965,0.99,-0.0776447983814385,0.658545190852384,0.120469954366978,3.75668550748782,70.0,0.824120603015075,-0.343383584589615,832810576,161,11,1620,8032.0,1603.0,7293.0,382.0,CA1,831882777,1249.99670166897,probeB,3a,29999.9208400553,True,2019-03-06T09:04:43Z,2019-10-03T00:00:00Z,803390291,functional_connectivity,137.0,M,Sst-IRES-Cre/wt;Ai32(RCL-ChR2(H134R)_EYFP)/wt,832810576,161,11,1620,8032.0,1603.0,7293.0,382.0,CA1,831882777,1249.99670166897,3a,29999.9208400553,True,1
951090370,0.359907733427008,133.46697,0.0159966760170836,197.1,3.27390306319573,0.563149078726968,849776202,5.68579090562495,0.219765494137353,0.139106012363125,47.651591195503,0.0208756684974415,36.34,0.878333333333333,0.0042361111111111,0.99,-0.0609268314255621,0.387863232363124,0.104114616860758,2.89152356728737,100.0,0.137353433835846,-1.03996171332855,832810576,162,59,1640,8030.0,1593.0,7294.0,382.0,CA1,831882777,1249.99670166897,probeB,3a,29999.9208400553,True,2019-03-06T09:04:43Z,2019-10-03T00:00:00Z,803390291,functional_connectivity,137.0,M,Sst-IRES-Cre/wt;Ai32(RCL-ChR2(H134R)_EYFP)/wt,832810576,162,59,1640,8030.0,1593.0,7294.0,382.0,CA1,831882777,1249.99670166897,3a,29999.9208400553,True,2
951090385,0.319495185686365,80.2153950000001,0.0350029113926446,146.93,2.72350511356392,1.12629815745394,849776202,11.6880070208979,0.302177554438861,0.026502591381147,61.9913306333697,0.0132814698207546,43.15,0.930666666666667,0.0084517173170293,0.99,-0.0151762738972324,0.183293343986383,0.0256384613661064,1.69838194383164,70.0,0.0,-1.64824120603015,832810576,162,59,1640,8030.0,1593.0,7294.0,382.0,CA1,831882777,1249.99670166897,probeB,3a,29999.9208400553,True,2019-03-06T09:04:43Z,2019-10-03T00:00:00Z,803390291,functional_connectivity,137.0,M,Sst-IRES-Cre/wt;Ai32(RCL-ChR2(H134R)_EYFP)/wt,832810576,162,59,1640,8030.0,1593.0,7294.0,382.0,CA1,831882777,1249.99670166897,3a,29999.9208400553,True,2
951090408,0.600265703948282,88.446735,0.0018918743775132,155.15,3.19145427098216,0.65929648241206,849776210,14.5276995835741,0.50820770519263,0.0046948887946945,68.2583890814715,0.0072714002841002,38.65,0.981333333333333,0.0022841480127912,0.99,-0.0351895587667499,0.213982792209784,0.104176496340216,1.59180876710605,90.0,0.686767169179229,-0.932041158171811,832810576,166,59,1680,8022.0,1547.0,7298.0,382.0,CA1,831882777,1249.99670166897,probeB,3a,29999.9208400553,True,2019-03-06T09:04:43Z,2019-10-03T00:00:00Z,803390291,functional_connectivity,137.0,M,Sst-IRES-Cre/wt;Ai32(RCL-ChR2(H134R)_EYFP)/wt,832810576,166,59,1680,8022.0,1547.0,7298.0,382.0,CA1,831882777,1249.99670166897,3a,29999.9208400553,True,4
951090582,0.410609594882984,224.41653,0.0002573405964297,83.5,5.55221474713424,0.604355108877722,849776210,7.197453370868,0.192294807370184,0.0036783914747189,75.9803423527116,0.0013110657085446,40.39,0.980392156862745,0.0019249615007699,0.99,-0.107878817764405,0.611117198510522,0.216639813217614,4.61205880821552,120.0,0.480737018425461,-1.90496131450905,832810576,166,59,1680,8022.0,1547.0,7298.0,382.0,CA1,831882777,1249.99670166897,probeB,3a,29999.9208400553,True,2019-03-06T09:04:43Z,2019-10-03T00:00:00Z,803390291,functional_connectivity,137.0,M,Sst-IRES-Cre/wt;Ai32(RCL-ChR2(H134R)_EYFP)/wt,832810576,166,59,1680,8022.0,1547.0,7298.0,382.0,CA1,831882777,1249.99670166897,3a,29999.9208400553,True,4
951090598,0.299793713549139,122.00955,0.0009310377276664,89.73,3.38337763159701,0.934003350083752,849776210,4.03676004120632,0.247236180904523,0.0046774568540276,50.44425379054,0.0094832828435439,37.28,0.971014492753623,0.0008549639205225,0.99,-0.0291799894975453,0.310343711865871,0.124801504398895,1.95349869424265,90.0,1.85427135678392,-1.15769322804499,832810576,166,59,1680,8022.0,1547.0,7298.0,382.0,CA1,831882777,1249.99670166897,probeB,3a,29999.9208400553,True,2019-03-06T09:04:43Z,2019-10-03T00:00:00Z,803390291,functional_connectivity,137.0,M,Sst-IRES-Cre/wt;Ai32(RCL-ChR2(H134R)_EYFP)/wt,832810576,166,59,1680,8022.0,1547.0,7298.0,382.0,CA1,831882777,1249.99670166897,3a,29999.9208400553,True,4
951090822,0.35165435615206,116.087205,0.0157144371181301,292.51,2.30363622106743,0.535678391959799,849776210,3.02779880877161,0.247236180904523,0.22864111265208,46.281386531115,0.0133539162175633,76.84,0.9,0.0013251783893985,0.99,-0.0292228948264523,0.344303204548801,0.0134329490124659,2.00198879492992,130.0,0.48073701842546,-1.81993299832496,832810576,166,59,1680,8022.0,1547.0,7298.0,382.0,CA1,831882777,1249.99670166897,probeB,3a,29999.9208400553,True,2019-03-06T09:04:43Z,2019-10-03T00:00:00Z,803390291,functional_connectivity,137.0,M,Sst-IRES-Cre/wt;Ai32(RCL-ChR2(H134R)_EYFP)/wt,832810576,166,59,1680,8022.0,1547.0,7298.0,382.0,CA1,831882777,1249.99670166897,3a,29999.9208400553,True,4
951090440,0.221654520321022,137.13765,0.0016852810955851,117.71,3.23715201983151,0.714237855946399,849776206,4.12654264407237,0.1785594639866,0.0671419952007179,53.6115860286939,0.007007858237055,37.45,0.962676962676963,0.0005475139444957,0.99,-0.0403895944680922,0.489361948671569,0.147886372961393,3.00008424210115,110.0,-0.343383584589615,1.67130556710033,832810576,164,43,1660,8027.0,1575.0,7296.0,382.0,CA1,831882777,1249.99670166897,probeB,3a,29999.9208400553,True,2019-03-06T09:04:43Z,2019-10-03T00:00:00Z,803390291,functional_connectivity,137.0,M,Sst-IRES-Cre/wt;Ai32(RCL-ChR2(H134R)_EYFP)/wt,832810576,164,43,1660,8027.0,1575.0,7296.0,382.0,CA1,831882777,1249.99670166897,3a,29999.9208400553,True,2
951090479,0.21574793459519,195.33462,0.0008563736204276,222.11,4.89261827662076,0.563149078726968,849776206,1.66611294514513,0.1785594639866,0.013728932997731,75.062820232859,0.0001412423471395,51.4,0.980769230769231,0.0003031527890056,0.97,-0.0706644662310681,0.702476360501488,0.143715366844527,4.41345614279556,130.0,0.196219191194066,-1.74144532184733,832810576,164,43,1660,8027.0,1575.0,7296.0,382.0,CA1,831882777,1249.99670166897,probeB,3a,29999.9208400553,True,2019-03-06T09:04:43Z,2019-10-03T00:00:00Z,803390291,functional_connectivity,137.0,M,Sst-IRES-Cre/wt;Ai32(RCL-ChR2(H134R)_EYFP)/wt,832810576,164,43,1660,8027.0,1575.0,7296.0,382.0,CA1,831882777,1249.99670166897,3a,29999.9208400553,True,2
951090499,0.405401785531899,93.8012400000001,0.0008102808103538,239.37,3.63930930546376,0.865326633165829,849776218,6.10501363678773,0.302177554438861,0.0306756406046566,62.3434148933622,0.003519343858213,70.5,0.946910356832028,0.0021836331496308,0.99,-0.0249603681179715,0.113778159076506,0.111319421880484,1.08157294103,110.0,0.0,-1.07593523171413,832810576,170,59,1720,8015.0,1510.0,7302.0,382.0,CA1,831882777,1249.99670166897,probeB,3a,29999.9208400553,True,2019-03-06T09:04:43Z,2019-10-03T00:00:00Z,803390291,functional_connectivity,137.0,M,Sst-IRES-Cre/wt;Ai32(RCL-ChR2(H134R)_EYFP)/wt,832810576,170,59,1720,8015.0,1510.0,7302.0,382.0,CA1,831882777,1249.99670166897,3a,29999.9208400553,True,3
951090840,0.284471748084133,149.537115,0.0108247538549945,215.4,4.16467714192108,0.50820770519263,849776218,3.99008935636428,0.219765494137353,0.0478751795054591,58.5413658906942,0.0040998676506582,14.92,0.933333333333333,0.0033624978555498,0.99,-0.0508591204582937,0.379548803447634,0.128936966098063,2.21211277016158,140.0,-0.881351200446678,-1.27542474276143,832810576,170,59,1720,8015.0,1510.0,7302.0,382.0,CA1,831882777,1249.99670166897,probeB,3a,29999.9208400553,True,2019-03-06T09:04:43Z,2019-10-03T00:00:00Z,803390291,functional_connectivity,137.0,M,Sst-IRES-Cre/wt;Ai32(RCL-ChR2(H134R)_EYFP)/wt,832810576,170,59,1720,8015.0,1510.0,7302.0,382.0,CA1,831882777,1249.99670166897,3a,29999.9208400553,True,3
951094171,0.331920472399615,241.84992,0.0068471658641375,149.82,4.45862107985106,0.521943048576214,849776218,0.281244257675541,0.206030150753769,0.481812801755545,29.6561281457534,0.0114697710915058,17.42,0.166666666666667,0.000567802271209,0.97,-0.0475874823200556,0.433294737607941,-0.0602635532090818,2.49995816324108,160.0,-0.721105527638191,-1.67603892478264,832810576,170,59,1720,8015.0,1510.0,7302.0,382.0,CA1,831882777,1249.99670166897,probeB,3a,29999.9208400553,True,2019-03-06T09:04:43Z,2019-10-03T00:00:00Z,803390291,functional_connectivity,137.0,M,Sst-IRES-Cre/wt;Ai32(RCL-ChR2(H134R)_EYFP)/wt,832810576,170,59,1720,8015.0,1510.0,7302.0,382.0,CA1,831882777,1249.99670166897,3a,29999.9208400553,True,3
951090520,0.41084862888678,131.93037,0.0040643606078666,105.65,4.81310055436861,0.906532663316583,849776208,0.579062200817863,0.233500837520938,0.227313498133957,52.4650223118964,0.0011592586824448,37.18,0.87719298245614,0.0001338419326775,0.97,-0.0544304476406735,0.312449539158216,0.154671178333298,3.44758723128674,110.0,-0.068676716917923,-0.858458961474037,832810576,165,11,1660,8024.0,1556.0,7297.0,382.0,CA1,831882777,1249.99670166897,probeB,3a,29999.9208400553,True,2019-03-06T09:04:43Z,2019-10-03T00:00:00Z,803390291,functional_connectivity,137.0,M,Sst-IRES-Cre/wt;Ai32(RCL-ChR2(H134R)_EYFP)/wt,832810576,165,11,1660,8024.0,1556.0,7297.0,382.0,CA1,831882777,1249.99670166897,3a,29999.9208400553,True,1
951090658,0.328046039762589,67.782975,0.0256647461429926,184.95,3.57041254628085,0.590619765494137,849776214,12.7400801713566,0.219765494137353,0.0117400878140036,58.4591084915539,0.0127476529468779,43.95,0.950666666666667,0.0031286864645842,0.99,-0.0167539977009832,0.193210595701873,0.140194583232166,1.57104200988398,100.0,-0.618090452261307,-3.22780569514238,832810576,168,43,1700,8018.0,1529.0,7300.0,382.0,CA1,831882777,1249.99670166897,probeB,3a,29999.9208400553,True,2019-03-06T09:04:43Z,2019-10-03T00:00:00Z,803390291,functional_connectivity,137.0,M,Sst-IRES-Cre/wt;Ai32(RCL-ChR2(H134R)_EYFP)/wt,832810576,168,43,1700,8018.0,1529.0,7300.0,382.0,CA1,831882777,1249.99670166897,3a,29999.9208400553,True,1
951090715,0.343312314980003,105.13269,0.0244364371491418,306.38,2.91422024576409,0.65929648241206,849776216,1.07830634586013,0.206030150753769,0.426093288091267,32.1545760496171,0.0295120858381588,46.86,0.63003663003663,0.0019847276886332,0.97,-0.0396145744557148,0.360937111147393,0.137016040142022,2.13344520938648,110.0,0.68676716917923,-0.961474036850921,832810576,169,11,1700,8017.0,1519.0,7301.0,382.0,CA1,831882777,1249.99670166897,probeB,3a,29999.9208400553,True,2019-03-06T09:04:43Z,2019-10-03T00:00:00Z,803390291,functional_connectivity,137.0,M,Sst-IRES-Cre/wt;Ai32(RCL-ChR2(H134R)_EYFP)/wt,832810576,169,11,1700,8017.0,1519.0,7301.0,382.0,CA1,831882777,1249.99670166897,3a,29999.9208400553,True,3
951090733,0.552642133375495,31.66878,0.0128370231090763,457.85,2.46578941058255,0.686767169179229,849776216,2.96333428983947,0.439530988274707,0.0390595179819528,43.6994462068265,0.0158952046772951,69.14,0.654121863799283,0.0065212961076013,0.97,-0.0062937958627583,0.0458287919622,0.0441970446127992,0.654136735555983,150.0,-1.3964265773311,-1.9376645130414,832810576,169,11,1700,8017.0,1519.0,7301.0,382.0,CA1,831882777,1249.99670166897,probeB,3a,29999.9208400553,True,2019-03-06T09:04:43Z,2019-10-03T00:00:00Z,803390291,functional_connectivity,137.0,M,Sst-IRES-Cre/wt;Ai32(RCL-ChR2(H134R)_EYFP)/wt,832810576,169,11,1700,8017.0,1519.0,7301.0,382.0,CA1,831882777,1249.99670166897,3a,29999.9208400553,True,3
951090892,0.309149042930916,202.173075,0.000230228985985,96.47,5.15807330287085,0.769179229480737,849776216,3.06470830462708,0.164824120603015,0.004057582628963,68.6686507977646,0.0009261804586502,40.36,0.993564993564994,0.0001368784861239,0.99,-0.0759812424845287,0.676527607141091,0.103540644983174,4.12662995361609,70.0,-0.686767169179229,-0.824120603015076,832810576,169,11,1700,8017.0,1519.0,7301.0,382.0,CA1,831882777,1249.99670166897,probeB,3a,29999.9208400553,True,2019-03-06T09:04:43Z,2019-10-03T00:00:00Z,803390291,functional_connectivity,137.0,M,Sst-IRES-Cre/wt;Ai32(RCL-ChR2(H134R)_EYFP)/wt,832810576,169,11,1700,8017.0,1519.0,7301.0,382.0,CA1,831882777,1249.99670166897,3a,29999.9208400553,True,3
951090930,0.243733917281493,64.37964,0.0143251511633746,134.69,3.53877609607386,0.727973199329983,849776222,7.43721257535062,0.302177554438861,0.0062010864006301,61.1622004746237,0.0058332957498579,24.83,0.943600867678959,0.0043680329873851,0.97,-0.0215418847222711,0.128635584251731,0.140139403105069,1.18124387624247,110.0,-2.06030150753769,-2.08482890643695,832810576,172,43,1740,8010.0,1482.0,7304.0,382.0,CA1,831882777,1249.99670166897,probeB,3a,29999.9208400553,True,2019-03-06T09:04:43Z,2019-10-03T00:00:00Z,803390291,functional_connectivity,137.0,M,Sst-IRES-Cre/wt;Ai32(RCL-ChR2(H134R)_EYFP)/wt,832810576,172,43,1740,8010.0,1482.0,7304.0,382.0,CA1,831882777,1249.99670166897,3a,29999.9208400553,True,1
951090984,0.384295318485321,134.90646,0.000689249618953,144.79,5.01389947730781,0.467001675041876,849776224,2.20511359949728,0.15108877721943,0.0391880570803443,52.1544886462234,0.0043524721646461,40.66,0.949275362318841,0.0003717974717771,0.99,-0.070219128242028,0.487454024491828,0.143611605358788,2.50964426218284,120.0,0.482372178352078,0.343383584589615,832810576,173,11,1740,8008.0,1473.0,7305.0,382.0,CA1,831882777,1249.99670166897,probeB,3a,29999.9208400553,True,2019-03-06T09:04:43Z,2019-10-03T00:00:00Z,803390291,functional_connectivity,137.0,M,Sst-IRES-Cre/wt;Ai32(RCL-ChR2(H134R)_EYFP)/wt,832810576,173,11,1740,8008.0,1473.0,7305.0,382.0,CA1,831882777,1249.99670166897,3a,29999.9208400553,True,1
951091108,0.469128692837568,184.195635,4.19124748361632e-05,157.46,6.02065784298578,0.412060301507538,849776230,21.705528897417,0.15108877721943,0.0001617837557383,98.4165561927319,0.0001854293714517,52.02,0.996,0.0003090234857849,0.99,-0.105079101246522,0.6564694086288,0.176694279087244,4.18699117683098,90.0,0.62790141182101,-0.206030150753768,832810576,176,43,1780,8002.0,1445.0,7308.0,382.0,CA1,831882777,1249.99670166897,probeB,3a,29999.9208400553,True,2019-03-06T09:04:43Z,2019-10-03T00:00:00Z,803390291,functional_connectivity,137.0,M,Sst-IRES-Cre/wt;Ai32(RCL-ChR2(H134R)_EYFP)/wt,832810576,176,43,1780,8002.0,1445.0,7308.0,382.0,CA1,831882777,1249.99670166897,3a,29999.9208400553,True,1
951091121,0.394187942966088,95.7884850000001,0.0275813845932436,276.54,4.12100914077811,0.618090452261307,849776232,2.58335967272686,0.206030150753769,0.296947213998864,45.6107512074582,0.0120331310566272,42.72,0.755424063116371,0.0039670430271589,0.99,-0.0234895491165533,0.284041368385444,0.0906121019926827,2.26711554000009,110.0,0.824120603015075,-0.915689558905639,832810576,177,11,1780,8000.0,1436.0,7308.0,382.0,CA1,831882777,1249.99670166897,probeB,3a,29999.9208400553,True,2019-03-06T09:04:43Z,2019-10-03T00:00:00Z,803390291,functional_connectivity,137.0,M,Sst-IRES-Cre/wt;Ai32(RCL-ChR2(H134R)_EYFP)/wt,832810576,177,11,1780,8000.0,1436.0,7308.0,382.0,CA1,831882777,1249.99670166897,3a,29999.9208400553,True,1
951091134,0.452242410858535,165.46764,0.001992745535332,99.59,4.844902406289,0.1785594639866,849776234,41.5350792864777,0.0961474036850922,0.0241686300766832,94.0488173514159,0.0030684317620081,45.23,0.991333333333333,0.005273566249176,0.99,-0.144308152531177,0.6462519109669,0.106752942568691,2.90731377304812,100.0,0.0,-0.0490547977985165,832810576,178,59,1800,7997.0,1417.0,7310.0,382.0,CA1,831882777,1249.99670166897,probeB,3a,29999.9208400553,True,2019-03-06T09:04:43Z,2019-10-03T00:00:00Z,803390291,functional_connectivity,137.0,M,Sst-IRES-Cre/wt;Ai32(RCL-ChR2(H134R)_EYFP)/wt,832810576,178,59,1800,7997.0,1417.0,7310.0,382.0,CA1,831882777,1249.99670166897,3a,29999.9208400553,True,2
951091148,0.42979672119356,151.175505,0.0102523923416281,231.09,3.92864359720327,0.563149078726968,849776234,2.09052130795703,0.192294807370184,0.235450832349651,39.233070692842,0.0169355573689044,50.59,0.7289972899729,0.0021599001046201,0.99,-0.0884464725067369,0.507735029516064,0.0712506574119962,2.74011316262555,110.0,0.343383584589614,-1.11027359017309,832810576,178,59,1800,7997.0,1417.0,7310.0,382.0,CA1,831882777,1249.99670166897,probeB,3a,29999.9208400553,True,2019-03-06T09:04:43Z,2019-10-03T00:00:00Z,803390291,functional_connectivity,137.0,M,Sst-IRES-Cre/wt;Ai32(RCL-ChR2(H134R)_EYFP)/wt,832810576,178,59,1800,7997.0,1417.0,7310.0,382.0,CA1,831882777,1249.99670166897,3a,29999.9208400553,True,2
951091248,0.551707056121258,91.21047,0.0802907845502261,308.12,4.38223281093846,0.494472361809045,849776242,4.18632992661511,0.288442211055276,0.123952021519714,57.7846776666742,0.0040702155526463,47.57,0.842735042735043,0.0045215026347101,0.99,-0.0542679032727308,0.259017231755656,0.107102183605405,1.91743340425262,110.0,3.02177554438861,-0.924295663782572,832810576,182,59,1840,7989.0,1380.0,7313.0,382.0,CA1,831882777,1249.99670166897,probeB,3a,29999.9208400553,True,2019-03-06T09:04:43Z,2019-10-03T00:00:00Z,803390291,functional_connectivity,137.0,M,Sst-IRES-Cre/wt;Ai32(RCL-ChR2(H134R)_EYFP)/wt,832810576,182,59,1840,7989.0,1380.0,7313.0,382.0,CA1,831882777,1249.99670166897,3a,29999.9208400553,True,2
951091290,0.403082186758774,175.174155,0.0003185109634539,160.05,6.29942825843887,0.563149078726968,849776242,5.13916432237704,0.192294807370184,0.0461753964356551,70.2107638595121,0.0012940508318976,42.22,0.976388888888889,0.0006830601092896,0.99,-0.0902264387325031,0.574260563703815,0.233387361087748,3.63740305140906,110.0,-1.03015075376884,-1.08738135120045,832810576,182,59,1840,7989.0,1380.0,7313.0,382.0,CA1,831882777,1249.99670166897,probeB,3a,29999.9208400553,True,2019-03-06T09:04:43Z,2019-10-03T00:00:00Z,803390291,functional_connectivity,137.0,M,Sst-IRES-Cre/wt;Ai32(RCL-ChR2(H134R)_EYFP)/wt,832810576,182,59,1840,7989.0,1380.0,7313.0,382.0,CA1,831882777,1249.99670166897,3a,29999.9208400553,True,2
951091367,0.633932848458289,78.5099250000001,0.002959282423139,92.2,3.45114318499816,0.398324958123953,849776248,12.9735352746187,0.1785594639866,0.017887764980911,62.6003000899983,0.0124244600875136,34.34,0.882,0.0112689564227057,0.99,-0.0479823111735306,0.277633561662662,0.079281213914217,1.94784214052861,60.0,0.686767169179229,0.274706867671692,832810576,185,11,1860,7981.0,1343.0,7316.0,382.0,CA1,831882777,1249.99670166897,probeB,3a,29999.9208400553,True,2019-03-06T09:04:43Z,2019-10-03T00:00:00Z,803390291,functional_connectivity,137.0,M,Sst-IRES-Cre/wt;Ai32(RCL-ChR2(H134R)_EYFP)/wt,832810576,185,11,1860,7981.0,1343.0,7316.0,382.0,CA1,831882777,1249.99670166897,3a,29999.9208400553,True,1
951091398,0.444521426003681,101.776545,0.0115084920595714,101.07,4.75236712538992,0.521943048576214,849776250,7.22917723507435,0.164824120603015,0.0226063065321326,82.813621464448,0.0018338470137208,12.51,0.967462039045553,0.0027955411119264,0.99,-0.058916946783729,0.341784709195549,0.156867432946952,2.55550629655164,80.0,,-1.07102975193427,832810576,186,59,1880,7979.0,1334.0,7316.0,382.0,CA1,831882777,1249.99670166897,probeB,3a,29999.9208400553,True,2019-03-06T09:04:43Z,2019-10-03T00:00:00Z,803390291,functional_connectivity,137.0,M,Sst-IRES-Cre/wt;Ai32(RCL-ChR2(H134R)_EYFP)/wt,832810576,186,59,1880,7979.0,1334.0,7316.0,382.0,CA1,831882777,1249.99670166897,3a,29999.9208400553,True,2
951091414,0.354710295268339,148.4691,0.0157214113539096,123.62,3.56164879828549,0.631825795644891,849776250,2.59647627042756,0.137353433835846,0.0282648673461356,54.3185394425755,0.0042711641953609,34.25,0.816161616161616,0.0015929503473987,0.99,-0.0714388331617839,0.452612855016091,0.0617711886673445,3.6858871695655,90.0,,-0.869905080960357,832810576,186,59,1880,7979.0,1334.0,7316.0,382.0,CA1,831882777,1249.99670166897,probeB,3a,29999.9208400553,True,2019-03-06T09:04:43Z,2019-10-03T00:00:00Z,803390291,functional_connectivity,137.0,M,Sst-IRES-Cre/wt;Ai32(RCL-ChR2(H134R)_EYFP)/wt,832810576,186,59,1880,7979.0,1334.0,7316.0,382.0,CA1,831882777,1249.99670166897,3a,29999.9208400553,True,2
951091470,0.341150272228339,106.459665,0.0494944807792334,177.81,2.25335396743984,0.549413735343384,849776256,2.64792587071094,0.15108877721943,0.228288118009121,34.6428580695787,0.0448887972911593,29.44,0.603921568627451,0.0060020345879959,0.99,-0.0463821254677041,0.401590324367765,0.0382692062881161,2.61635503427069,100.0,0.274706867671691,-0.343383584589615,832810576,189,11,1900,7973.0,1305.0,7318.0,382.0,CA1,831882777,1249.99670166897,probeB,3a,29999.9208400553,True,2019-03-06T09:04:43Z,2019-10-03T00:00:00Z,803390291,functional_connectivity,137.0,M,Sst-IRES-Cre/wt;Ai32(RCL-ChR2(H134R)_EYFP)/wt,832810576,189,11,1900,7973.0,1305.0,7318.0,382.0,CA1,831882777,1249.99670166897,3a,29999.9208400553,True,2
951093822,0.594188306891251,112.89759,0.0385301941656239,194.49,3.06351092813929,0.274706867671692,849776256,2.52499589691132,0.123618090452261,0.221169906100846,50.236072627569,0.0062367899229513,32.83,0.820987654320988,0.0026766958053805,0.99,-0.0995353641216518,0.506875759836714,0.0530372882276427,2.42543516604476,80.0,0.137353433835846,-0.412060301507537,832810576,189,11,1900,7973.0,1305.0,7318.0,382.0,CA1,831882777,1249.99670166897,probeB,3a,29999.9208400553,True,2019-03-06T09:04:43Z,2019-10-03T00:00:00Z,803390291,functional_connectivity,137.0,M,Sst-IRES-Cre/wt;Ai32(RCL-ChR2(H134R)_EYFP)/wt,832810576,189,11,1900,7973.0,1305.0,7318.0,382.0,CA1,831882777,1249.99670166897,3a,29999.9208400553,True,2
951091513,0.371700510191174,102.37032,0.0012504033185449,108.53,5.09857472146486,0.576884422110553,849776258,7.19480971551747,0.233500837520938,0.0088346283408371,78.484944750788,0.0007198078586895,30.72,0.986666666666667,0.000215563699073,0.99,-0.0139297754437729,0.27513242040977,0.127258260704598,2.74123706085886,60.0,1.85427135678392,-3.09045226130653,832810576,190,59,1920,7968.0,1287.0,7320.0,382.0,CA1,831882777,1249.99670166897,probeB,3a,29999.9208400553,True,2019-03-06T09:04:43Z,2019-10-03T00:00:00Z,803390291,functional_connectivity,137.0,M,Sst-IRES-Cre/wt;Ai32(RCL-ChR2(H134R)_EYFP)/wt,832810576,190,59,1920,7968.0,1287.0,7320.0,382.0,CA1,831882777,1249.99670166897,3a,29999.9208400553,True,1
951091540,0.558744315962273,237.085875,8.92457551794327e-05,65.3,9.21511458095133,0.274706867671692,849776264,14.1307445647869,0.15108877721943,0.0,152.403710693194,4.2509633573965e-05,41.23,1.0,0.0,0.99,-0.218565801517799,1.03139882832159,0.197102027646027,4.72215429658684,60.0,0.0686767169179225,0.0,832810576,193,11,1940,7962.0,1258.0,7322.0,382.0,CA1,831882777,1249.99670166897,probeB,3a,29999.9208400553,True,2019-03-06T09:04:43Z,2019-10-03T00:00:00Z,803390291,functional_connectivity,137.0,M,Sst-IRES-Cre/wt;Ai32(RCL-ChR2(H134R)_EYFP)/wt,832810576,193,11,1940,7962.0,1258.0,7322.0,382.0,CA1,831882777,1249.99670166897,3a,29999.9208400553,True,1
951091566,0.360203358363814,59.4603750000001,0.0429391822124971,125.8,4.76590139395347,0.535678391959799,849776266,9.12000088501447,0.1785594639866,0.1466242758834,92.3164175663247,0.0016331582326805,37.41,0.993333333333333,0.0008966599417171,0.99,-0.0142460263533072,0.183643009855224,0.117757742227029,1.83028217810771,70.0,0.0686767169179227,-1.03015075376885,832810576,194,59,1960,7960.0,1249.0,7322.0,382.0,CA1,831882777,1249.99670166897,probeB,3a,29999.9208400553,True,2019-03-06T09:04:43Z,2019-10-03T00:00:00Z,803390291,functional_connectivity,137.0,M,Sst-IRES-Cre/wt;Ai32(RCL-ChR2(H134R)_EYFP)/wt,832810576,194,59,1960,7960.0,1249.0,7322.0,382.0,CA1,831882777,1249.99670166897,3a,29999.9208400553,True,1
951091650,0.38499472886369,111.0096,0.0030244654785829,143.41,4.52023133423528,0.425795644891122,849776294,2.34604076549088,0.15108877721943,0.186955531201732,80.9322578408906,0.0010465093008125,28.45,0.994,0.0006265664160401,0.99,-0.0802864495618107,0.417603731756911,0.176020952782986,3.06554844359976,40.0,0.343383584589614,0.0,832810576,208,43,2100,7925.0,1097.0,7331.0,533.0,VISpm,831882777,1249.99670166897,probeB,3a,29999.9208400553,True,2019-03-06T09:04:43Z,2019-10-03T00:00:00Z,803390291,functional_connectivity,137.0,M,Sst-IRES-Cre/wt;Ai32(RCL-ChR2(H134R)_EYFP)/wt,832810576,208,43,2100,7925.0,1097.0,7331.0,533.0,VISpm,831882777,1249.99670166897,3a,29999.9208400553,True,1
951091664,0.388027639195322,105.29142,0.0057391243488833,121.76,3.84556259153086,0.673031825795645,849776296,9.05390950125123,0.192294807370184,0.0153421881516079,107.25917348754,0.00989636143908,37.19,0.952,0.0284824210057855,0.99,-0.0223410654264977,0.324800279988513,0.191600510543839,3.03706356663072,60.0,0.412060301507538,0.686767169179229,832810576,209,11,2100,7922.0,1087.0,7331.0,533.0,VISpm,831882777,1249.99670166897,probeB,3a,29999.9208400553,True,2019-03-06T09:04:43Z,2019-10-03T00:00:00Z,803390291,functional_connectivity,137.0,M,Sst-IRES-Cre/wt;Ai32(RCL-ChR2(H134R)_EYFP)/wt,832810576,209,11,2100,7922.0,1087.0,7331.0,533.0,VISpm,831882777,1249.99670166897,3a,29999.9208400553,True,3
951091678,0.340636906586897,111.123675,0.0035298461457707,160.6,4.28492251325903,0.865326633165829,849776296,0.781301835133355,0.164824120603015,0.0624321044328143,53.6142478521848,0.0049571031942982,33.63,0.944186046511628,0.000136262987566,0.99,-0.0319502422402397,0.320320731784097,0.129228003178457,3.08995975704496,60.0,1.30485762144054,0.0,832810576,209,11,2100,7922.0,1087.0,7331.0,533.0,VISpm,831882777,1249.99670166897,probeB,3a,29999.9208400553,True,2019-03-06T09:04:43Z,2019-10-03T00:00:00Z,803390291,functional_connectivity,137.0,M,Sst-IRES-Cre/wt;Ai32(RCL-ChR2(H134R)_EYFP)/wt,832810576,209,11,2100,7922.0,1087.0,7331.0,533.0,VISpm,831882777,1249.99670166897,3a,29999.9208400553,True,3
951091749,0.534186939084268,155.72895,0.0004257866698219,109.62,6.58031975849683,0.727973199329983,849776296,0.884912789063716,0.1785594639866,0.0,101.333118813073,1.42155312425989e-05,38.19,0.997557997557998,0.0001028066207463,0.99,-0.0495089382297921,0.391287113937606,0.130738421556434,3.60693343039217,50.0,0.0,-0.343383584589615,832810576,209,11,2100,7922.0,1087.0,7331.0,533.0,VISpm,831882777,1249.99670166897,probeB,3a,29999.9208400553,True,2019-03-06T09:04:43Z,2019-10-03T00:00:00Z,803390291,functional_connectivity,137.0,M,Sst-IRES-Cre/wt;Ai32(RCL-ChR2(H134R)_EYFP)/wt,832810576,209,11,2100,7922.0,1087.0,7331.0,533.0,VISpm,831882777,1249.99670166897,3a,29999.9208400553,True,3
951091717,0.575859733884375,82.11216,0.0175774133746835,136.91,4.23705400747572,0.700502512562814,849776298,4.09553053322962,0.274706867671692,0.111332357851365,60.3690260220742,0.0247929137535201,33.12,0.868,0.0106408706166868,0.99,-0.0036695832162785,0.207448873026774,0.165269490922786,2.49809301983239,70.0,0.549413735343383,-0.686767169179229,832810576,210,59,2120,7920.0,1078.0,7332.0,533.0,VISpm,831882777,1249.99670166897,probeB,3a,29999.9208400553,True,2019-03-06T09:04:43Z,2019-10-03T00:00:00Z,803390291,functional_connectivity,137.0,M,Sst-IRES-Cre/wt;Ai32(RCL-ChR2(H134R)_EYFP)/wt,832810576,210,59,2120,7920.0,1078.0,7332.0,533.0,VISpm,831882777,1249.99670166897,3a,29999.9208400553,True,2
951091733,0.462226242173527,82.163835,0.0899329577066074,339.82,2.9679052233834,0.810385259631491,849776298,6.45367110590177,0.192294807370184,0.22509565508925,82.5701671262933,0.0146107476128556,42.11,0.919333333333333,0.0285753349740224,0.99,-0.0137884831183588,0.207150610378004,0.0751924859824575,2.63362285366717,60.0,0.412060301507538,0.0,832810576,210,59,2120,7920.0,1078.0,7332.0,533.0,VISpm,831882777,1249.99670166897,probeB,3a,29999.9208400553,True,2019-03-06T09:04:43Z,2019-10-03T00:00:00Z,803390291,functional_connectivity,137.0,M,Sst-IRES-Cre/wt;Ai32(RCL-ChR2(H134R)_EYFP)/wt,832810576,210,59,2120,7920.0,1078.0,7332.0,533.0,VISpm,831882777,1249.99670166897,3a,29999.9208400553,True,2
951091801,0.454008182051363,87.2043900000001,0.0084719769619394,214.81,5.46245430785754,0.65929648241206,849776310,1.69478643779318,0.192294807370184,0.0928781899296736,60.5041713695748,0.0028883596839464,28.19,0.927659574468085,0.0007509813961426,0.99,-0.0386375982678252,0.236169853134952,0.174228679571076,2.78060346422434,90.0,1.60899736779134,0.137353433835845,832810576,216,43,2180,7905.0,1011.0,7335.0,533.0,VISpm,831882777,1249.99670166897,probeB,3a,29999.9208400553,True,2019-03-06T09:04:43Z,2019-10-03T00:00:00Z,803390291,functional_connectivity,137.0,M,Sst-IRES-Cre/wt;Ai32(RCL-ChR2(H134R)_EYFP)/wt,832810576,216,43,2180,7905.0,1011.0,7335.0,533.0,VISpm,831882777,1249.99670166897,3a,29999.9208400553,True,1
951091830,0.519525760480642,185.9364,0.0025595033443283,52.44,7.59105622008106,0.247236180904523,849776312,21.2300776505295,0.137353433835846,0.0068490055252983,167.04322478049,1.69048233970915e-05,29.67,1.0,0.0006908462867012,0.99,-0.167773526847404,0.824663903104051,0.188291373704005,4.77609539946002,70.0,0.412060301507538,0.343383584589614,832810576,217,11,2180,7902.0,1001.0,7335.0,533.0,VISpm,831882777,1249.99670166897,probeB,3a,29999.9208400553,True,2019-03-06T09:04:43Z,2019-10-03T00:00:00Z,803390291,functional_connectivity,137.0,M,Sst-IRES-Cre/wt;Ai32(RCL-ChR2(H134R)_EYFP)/wt,832810576,217,11,2180,7902.0,1001.0,7335.0,533.0,VISpm,831882777,1249.99670166897,3a,29999.9208400553,True,1
951091860,0.267017104900049,80.69958,0.0209517247070253,166.82,3.02779463990586,0.631825795644891,849776316,4.71404420620154,0.206030150753769,0.296691062889404,56.1846538683191,0.0236376136049891,36.01,0.854,0.0085846237435479,0.99,-0.02289014629161,0.190272746973111,0.0721155154049559,1.66534551693668,70.0,0.480737018425461,0.48073701842546,832810576,219,27,2200,7898.0,982.0,7336.0,533.0,VISpm,831882777,1249.99670166897,probeB,3a,29999.9208400553,True,2019-03-06T09:04:43Z,2019-10-03T00:00:00Z,803390291,functional_connectivity,137.0,M,Sst-IRES-Cre/wt;Ai32(RCL-ChR2(H134R)_EYFP)/wt,832810576,219,27,2200,7898.0,982.0,7336.0,533.0,VISpm,831882777,1249.99670166897,3a,29999.9208400553,True,1
951091939,0.352273855359398,147.2328,0.0001335996499799,87.04,7.03268526105749,0.686767169179229,849776328,0.196952323614434,0.137353433835846,0.0,54.2662411744836,0.0002962147057475,28.11,0.611111111111111,6.67467627820051e-05,0.95,-0.0564183100846534,0.476944718268513,0.0966421427179329,4.02208860078982,40.0,,0.48073701842546,832810576,225,11,2260,7885.0,924.0,7339.0,533.0,VISpm,831882777,1249.99670166897,probeB,3a,29999.9208400553,True,2019-03-06T09:04:43Z,2019-10-03T00:00:00Z,803390291,functional_connectivity,137.0,M,Sst-IRES-Cre/wt;Ai32(RCL-ChR2(H134R)_EYFP)/wt,832810576,225,11,2260,7885.0,924.0,7339.0,533.0,VISpm,831882777,1249.99670166897,3a,29999.9208400553,True,2
951093884,0.356742732766181,104.809185,0.0101367509409643,246.5,2.83219964804987,0.645561139028476,849776328,3.52134892690504,0.1785594639866,0.135232232415623,57.0245710120415,0.0043268420341818,35.93,0.929251700680272,0.0030411754655732,0.99,-0.0252137344079812,0.316057983823315,0.0101942064033731,2.90522564250219,70.0,0.824120603015075,-0.206030150753768,832810576,225,11,2260,7885.0,924.0,7339.0,533.0,VISpm,831882777,1249.99670166897,probeB,3a,29999.9208400553,True,2019-03-06T09:04:43Z,2019-10-03T00:00:00Z,803390291,functional_connectivity,137.0,M,Sst-IRES-Cre/wt;Ai32(RCL-ChR2(H134R)_EYFP)/wt,832810576,225,11,2260,7885.0,924.0,7339.0,533.0,VISpm,831882777,1249.99670166897,3a,29999.9208400553,True,2
951091989,0.526282957008473,101.42184,0.0037055044352873,90.71,5.9931479691251,0.260971524288107,849776330,14.1998863201085,0.1785594639866,0.0119073872324755,103.831759281287,0.0007027335464314,35.97,0.992666666666667,0.0016330632497958,0.99,-0.0934126528469772,0.4720620125434,0.158672309438871,2.95156028337413,70.0,1.03015075376884,-0.480737018425461,832810576,226,59,2280,7883.0,914.0,7339.0,533.0,VISpm,831882777,1249.99670166897,probeB,3a,29999.9208400553,True,2019-03-06T09:04:43Z,2019-10-03T00:00:00Z,803390291,functional_connectivity,137.0,M,Sst-IRES-Cre/wt;Ai32(RCL-ChR2(H134R)_EYFP)/wt,832810576,226,59,2280,7883.0,914.0,7339.0,533.0,VISpm,831882777,1249.99670166897,3a,29999.9208400553,True,2
951092002,0.26335704295391,103.058085,0.0035540166150305,265.37,4.66638781303107,0.673031825795645,849776330,1.67841611043028,0.15108877721943,0.0270567967749423,53.372534253903,0.0029351517190421,36.26,0.907590759075908,0.0004377546553523,0.99,-0.0414721690617547,0.279068634779097,0.126475785000739,2.75279964086383,60.0,1.03015075376885,0.48073701842546,832810576,226,59,2280,7883.0,914.0,7339.0,533.0,VISpm,831882777,1249.99670166897,probeB,3a,29999.9208400553,True,2019-03-06T09:04:43Z,2019-10-03T00:00:00Z,803390291,functional_connectivity,137.0,M,Sst-IRES-Cre/wt;Ai32(RCL-ChR2(H134R)_EYFP)/wt,832810576,226,59,2280,7883.0,914.0,7339.0,533.0,VISpm,831882777,1249.99670166897,3a,29999.9208400553,True,2
951092031,0.510274106473248,160.623645,0.0014754856931438,64.05,5.78747960276163,0.302177554438861,849776336,18.5349726997168,0.164824120603015,0.0041045304854835,119.849750339838,7.48917732585288e-05,31.75,0.998,0.0003757985719654,0.99,-0.130731672880246,0.717206771944962,0.113589712262824,3.17885829083013,60.0,0.274706867671692,0.686767169179229,832810576,229,11,2300,7877.0,886.0,7341.0,533.0,VISpm,831882777,1249.99670166897,probeB,3a,29999.9208400553,True,2019-03-06T09:04:43Z,2019-10-03T00:00:00Z,803390291,functional_connectivity,137.0,M,Sst-IRES-Cre/wt;Ai32(RCL-ChR2(H134R)_EYFP)/wt,832810576,229,11,2300,7877.0,886.0,7341.0,533.0,VISpm,831882777,1249.99670166897,3a,29999.9208400553,True,3
951092043,0.460636879209705,298.63275,0.0005055942792988,56.08,6.1601368406585,0.590619765494137,849776336,4.53610586530053,0.164824120603015,0.0037043268128117,102.485710715189,2.99053167412638e-05,29.08,0.990154711673699,0.0003755676192427,0.99,-0.142035727622349,0.906258208261184,0.318718132108111,5.12841881791239,30.0,0.68676716917923,,832810576,229,11,2300,7877.0,886.0,7341.0,533.0,VISpm,831882777,1249.99670166897,probeB,3a,29999.9208400553,True,2019-03-06T09:04:43Z,2019-10-03T00:00:00Z,803390291,functional_connectivity,137.0,M,Sst-IRES-Cre/wt;Ai32(RCL-ChR2(H134R)_EYFP)/wt,832810576,229,11,2300,7877.0,886.0,7341.0,533.0,VISpm,831882777,1249.99670166897,3a,29999.9208400553,True,3
951092073,0.562005077608824,183.690195,0.0041123290867981,139.31,3.3481936177578,0.686767169179229,849776336,10.7311054630582,0.206030150753769,0.0274684927344919,52.641116593747,0.0199071725371874,37.95,0.959333333333333,0.0010743702996299,0.99,-0.0904709600078868,0.451800162563989,0.0724267581939619,2.91341772203021,50.0,0.618090452261307,,832810576,229,11,2300,7877.0,886.0,7341.0,533.0,VISpm,831882777,1249.99670166897,probeB,3a,29999.9208400553,True,2019-03-06T09:04:43Z,2019-10-03T00:00:00Z,803390291,functional_connectivity,137.0,M,Sst-IRES-Cre/wt;Ai32(RCL-ChR2(H134R)_EYFP)/wt,832810576,229,11,2300,7877.0,886.0,7341.0,533.0,VISpm,831882777,1249.99670166897,3a,29999.9208400553,True,3
951092059,0.580376813219296,155.169885,0.0201611583456802,256.29,2.73983747880348,0.645561139028476,849776344,11.9712848596123,0.206030150753769,0.204498662839416,60.4118835958629,0.0134717640337826,21.44,0.924,0.0054109650299615,0.99,-0.068217216984563,0.370429858632969,0.22416308853907,2.57716000920755,70.0,1.03015075376884,0.343383584589614,832810576,233,11,2340,7866.0,837.0,7343.0,533.0,VISpm,831882777,1249.99670166897,probeB,3a,29999.9208400553,True,2019-03-06T09:04:43Z,2019-10-03T00:00:00Z,803390291,functional_connectivity,137.0,M,Sst-IRES-Cre/wt;Ai32(RCL-ChR2(H134R)_EYFP)/wt,832810576,233,11,2340,7866.0,837.0,7343.0,533.0,VISpm,831882777,1249.99670166897,3a,29999.9208400553,True,4
951092164,0.714869656012869,138.27801,0.001707470844007,208.06,4.21768263809506,0.549413735343384,849776344,5.11872683293641,0.219765494137353,0.0174543227367579,70.9096112835994,0.0009689857023989,33.02,0.990049751243781,0.0001370050691875,0.99,-0.0670133029396054,0.344261561542301,0.139871697925516,1.74286622741643,70.0,1.37353433835846,-1.37353433835846,832810576,233,11,2340,7866.0,837.0,7343.0,533.0,VISpm,831882777,1249.99670166897,probeB,3a,29999.9208400553,True,2019-03-06T09:04:43Z,2019-10-03T00:00:00Z,803390291,functional_connectivity,137.0,M,Sst-IRES-Cre/wt;Ai32(RCL-ChR2(H134R)_EYFP)/wt,832810576,233,11,2340,7866.0,837.0,7343.0,533.0,VISpm,831882777,1249.99670166897,3a,29999.9208400553,True,4
951092180,0.526998894378837,301.148835,0.0005395857659645,143.91,4.34711422024,0.645561139028476,849776344,4.98979779507213,0.15108877721943,0.0076533182615313,62.6917136874093,0.001402386022806,28.33,0.962732919254658,0.00033878781719,0.99,-0.176243481788521,0.837389121309989,0.249661542966608,4.84558706587433,70.0,0.824120603015075,0.0,832810576,233,11,2340,7866.0,837.0,7343.0,533.0,VISpm,831882777,1249.99670166897,probeB,3a,29999.9208400553,True,2019-03-06T09:04:43Z,2019-10-03T00:00:00Z,803390291,functional_connectivity,137.0,M,Sst-IRES-Cre/wt;Ai32(RCL-ChR2(H134R)_EYFP)/wt,832810576,233,11,2340,7866.0,837.0,7343.0,533.0,VISpm,831882777,1249.99670166897,3a,29999.9208400553,True,4
951092193,0.628496137439927,204.81279,0.0268200789618952,118.34,3.97152924599035,0.604355108877722,849776344,14.5075671312893,0.206030150753769,0.182703829977533,76.0970200903505,0.0025487906607743,23.39,0.96011396011396,0.0029374737725556,0.99,-0.0975726787945546,0.512324716009419,0.0853506716412436,3.33455858597606,70.0,0.618090452261307,0.686767169179229,832810576,233,11,2340,7866.0,837.0,7343.0,533.0,VISpm,831882777,1249.99670166897,probeB,3a,29999.9208400553,True,2019-03-06T09:04:43Z,2019-10-03T00:00:00Z,803390291,functional_connectivity,137.0,M,Sst-IRES-Cre/wt;Ai32(RCL-ChR2(H134R)_EYFP)/wt,832810576,233,11,2340,7866.0,837.0,7343.0,533.0,VISpm,831882777,1249.99670166897,3a,29999.9208400553,True,4
951092089,0.510884157877265,123.06333,0.0293101941286089,182.96,3.51297895710262,0.68676716917923,849776338,3.10253291195003,0.233500837520938,0.186084725619933,52.7313383951631,0.0058092340417093,19.42,0.748888888888889,0.0042639593908629,0.97,-0.0478289378530096,0.305789880028105,0.082347268249105,2.91557608059921,90.0,0.981095955970328,0.824120603015075,832810576,230,59,2320,7872.0,866.0,7341.0,533.0,VISpm,831882777,1249.99670166897,probeB,3a,29999.9208400553,True,2019-03-06T09:04:43Z,2019-10-03T00:00:00Z,803390291,functional_connectivity,137.0,M,Sst-IRES-Cre/wt;Ai32(RCL-ChR2(H134R)_EYFP)/wt,832810576,230,59,2320,7872.0,866.0,7341.0,533.0,VISpm,831882777,1249.99670166897,3a,29999.9208400553,True,3
951092103,0.758380688514043,101.214945,0.0330025641785027,92.27,4.41143358353185,0.274706867671692,849776338,16.3079981040517,0.164824120603015,0.0054453770292395,82.417904319404,0.0022072102038782,25.64,0.954,0.0012598064479184,0.99,-0.102416348971357,0.456423917179909,0.120700643442623,2.36542932281563,50.0,0.549413735343384,-0.68676716917923,832810576,230,59,2320,7872.0,866.0,7341.0,533.0,VISpm,831882777,1249.99670166897,probeB,3a,29999.9208400553,True,2019-03-06T09:04:43Z,2019-10-03T00:00:00Z,803390291,functional_connectivity,137.0,M,Sst-IRES-Cre/wt;Ai32(RCL-ChR2(H134R)_EYFP)/wt,832810576,230,59,2320,7872.0,866.0,7341.0,533.0,VISpm,831882777,1249.99670166897,3a,29999.9208400553,True,3
951092115,0.534204924284119,140.490285,0.0113985858917459,231.93,4.96387357389062,0.686767169179229,849776338,1.94664544945706,0.219765494137353,0.181027456844464,49.0938694767692,0.0053079279842698,41.75,0.819148936170213,0.0034659129147318,0.99,-0.076573364529876,0.351591536937692,0.0301354070801636,2.82279807834283,60.0,0.824120603015075,-0.686767169179227,832810576,230,59,2320,7872.0,866.0,7341.0,533.0,VISpm,831882777,1249.99670166897,probeB,3a,29999.9208400553,True,2019-03-06T09:04:43Z,2019-10-03T00:00:00Z,803390291,functional_connectivity,137.0,M,Sst-IRES-Cre/wt;Ai32(RCL-ChR2(H134R)_EYFP)/wt,832810576,230,59,2320,7872.0,866.0,7341.0,533.0,VISpm,831882777,1249.99670166897,3a,29999.9208400553,True,3
951092133,0.42049177033011,150.49983,0.0228916930150175,125.58,3.00844438700687,0.673031825795645,849776340,3.33425947132912,0.233500837520938,0.209110919138214,47.5561015758511,0.0092849762193839,28.23,0.865900383141762,0.0014587149738788,0.99,-0.0579831721757762,0.3574973516333,0.102271362159475,2.55911497505689,100.0,1.29995214166068,-0.412060301507538,832810576,231,27,2320,7870.0,857.0,7342.0,533.0,VISpm,831882777,1249.99670166897,probeB,3a,29999.9208400553,True,2019-03-06T09:04:43Z,2019-10-03T00:00:00Z,803390291,functional_connectivity,137.0,M,Sst-IRES-Cre/wt;Ai32(RCL-ChR2(H134R)_EYFP)/wt,832810576,231,27,2320,7870.0,857.0,7342.0,533.0,VISpm,831882777,1249.99670166897,3a,29999.9208400553,True,1
951092149,0.507554549388902,246.991095,0.0002960457649288,60.86,5.69953911906882,0.576884422110553,849776342,19.3877549083664,0.247236180904523,0.0018250010817388,145.047090641956,9.11369486426184e-07,34.43,0.997333333333333,0.0001903674090995,0.99,-0.116655478377923,0.676825712052294,0.222294537764361,4.95261425412211,100.0,-1.07920555156736,0.686767169179229,832810576,232,43,2340,7868.0,847.0,7342.0,533.0,VISpm,831882777,1249.99670166897,probeB,3a,29999.9208400553,True,2019-03-06T09:04:43Z,2019-10-03T00:00:00Z,803390291,functional_connectivity,137.0,M,Sst-IRES-Cre/wt;Ai32(RCL-ChR2(H134R)_EYFP)/wt,832810576,232,43,2340,7868.0,847.0,7342.0,533.0,VISpm,831882777,1249.99670166897,3a,29999.9208400553,True,1
951092204,0.484106184338274,207.346425,0.0006118724036445,84.22,5.63646722311911,0.618090452261307,849776346,4.88822042218064,0.192294807370184,0.0015949390846208,90.6395055036733,2.26180459337844e-05,37.6,0.970276008492569,0.0003725151545937,0.98,-0.105894248287208,0.553129161469225,0.096733229253777,3.91783408627274,110.0,1.57792932918561,-0.824120603015075,832810576,234,59,2360,7864.0,828.0,7343.0,533.0,VISpm,831882777,1249.99670166897,probeB,3a,29999.9208400553,True,2019-03-06T09:04:43Z,2019-10-03T00:00:00Z,803390291,functional_connectivity,137.0,M,Sst-IRES-Cre/wt;Ai32(RCL-ChR2(H134R)_EYFP)/wt,832810576,234,59,2360,7864.0,828.0,7343.0,533.0,VISpm,831882777,1249.99670166897,3a,29999.9208400553,True,1
951092234,0.475520578255959,95.07927,0.0603522709592185,186.09,3.70259330768117,0.645561139028476,849776354,8.56717187959801,0.315912897822446,0.0135003196285031,47.8699821401547,0.0146232514330405,21.39,0.763636363636364,0.0072664952870608,0.99,-0.0531597868540415,0.145885552079847,0.0477078760044894,1.27546256323589,100.0,0.618090452261307,0.215841110313472,832810576,238,59,2400,7856.0,789.0,7345.0,533.0,VISpm,831882777,1249.99670166897,probeB,3a,29999.9208400553,True,2019-03-06T09:04:43Z,2019-10-03T00:00:00Z,803390291,functional_connectivity,137.0,M,Sst-IRES-Cre/wt;Ai32(RCL-ChR2(H134R)_EYFP)/wt,832810576,238,59,2400,7856.0,789.0,7345.0,533.0,VISpm,831882777,1249.99670166897,3a,29999.9208400553,True,5
951092326,0.519424447784768,150.469605,0.0058299618170204,133.3,3.30586024836771,0.576884422110553,849776354,18.2325791992371,0.302177554438861,0.007222540651675,66.5357637472363,0.0149296193141148,37.83,0.833333333333333,0.0136026380873866,0.99,-0.194607514949359,0.280039234187354,0.0700297115975829,1.75286084260309,110.0,3.02177554438861,-2.29576453697057,832810576,238,59,2400,7856.0,789.0,7345.0,533.0,VISpm,831882777,1249.99670166897,probeB,3a,29999.9208400553,True,2019-03-06T09:04:43Z,2019-10-03T00:00:00Z,803390291,functional_connectivity,137.0,M,Sst-IRES-Cre/wt;Ai32(RCL-ChR2(H134R)_EYFP)/wt,832810576,238,59,2400,7856.0,789.0,7345.0,533.0,VISpm,831882777,1249.99670166897,3a,29999.9208400553,True,5
951092349,0.493291396748511,139.135425,0.0011931079003512,297.31,2.42169610679329,0.631825795644891,849776354,6.48376810527703,0.247236180904523,0.0181309563006309,43.3955786982585,0.0180567422119491,46.98,0.66374269005848,0.0088688770637194,0.99,-0.0536466851814109,0.305749310698876,0.0924595291699616,2.35182416616259,130.0,1.27051926298157,0.412060301507538,832810576,238,59,2400,7856.0,789.0,7345.0,533.0,VISpm,831882777,1249.99670166897,probeB,3a,29999.9208400553,True,2019-03-06T09:04:43Z,2019-10-03T00:00:00Z,803390291,functional_connectivity,137.0,M,Sst-IRES-Cre/wt;Ai32(RCL-ChR2(H134R)_EYFP)/wt,832810576,238,59,2400,7856.0,789.0,7345.0,533.0,VISpm,831882777,1249.99670166897,3a,29999.9208400553,True,5
951092383,0.446048224973385,269.39718,0.0002624479742539,232.0,4.27476994451172,0.673031825795645,849776354,10.4205776384229,0.247236180904523,0.0,66.6676530654678,0.0023127087773783,56.19,0.980926430517711,0.000830478563272,0.99,-0.131573015555555,0.819622549538998,0.0787501100124596,3.00850252154682,110.0,1.16750418760469,0.343383584589615,832810576,238,59,2400,7856.0,789.0,7345.0,533.0,VISpm,831882777,1249.99670166897,probeB,3a,29999.9208400553,True,2019-03-06T09:04:43Z,2019-10-03T00:00:00Z,803390291,functional_connectivity,137.0,M,Sst-IRES-Cre/wt;Ai32(RCL-ChR2(H134R)_EYFP)/wt,832810576,238,59,2400,7856.0,789.0,7345.0,533.0,VISpm,831882777,1249.99670166897,3a,29999.9208400553,True,5
951092612,0.457530997484398,206.637405,0.0006059335682634,240.53,4.05749004148083,0.645561139028476,849776354,8.103413723684,0.219765494137353,0.0162505352144994,70.264098759805,0.0010072619638932,44.34,0.974269005847953,0.0002058672156459,0.99,-0.0883018018179543,0.527421575090247,0.10426173698205,3.14061076727535,120.0,1.17895030709101,-0.274706867671692,832810576,238,59,2400,7856.0,789.0,7345.0,533.0,VISpm,831882777,1249.99670166897,probeB,3a,29999.9208400553,True,2019-03-06T09:04:43Z,2019-10-03T00:00:00Z,803390291,functional_connectivity,137.0,M,Sst-IRES-Cre/wt;Ai32(RCL-ChR2(H134R)_EYFP)/wt,832810576,238,59,2400,7856.0,789.0,7345.0,533.0,VISpm,831882777,1249.99670166897,3a,29999.9208400553,True,5
951092248,0.514227673083399,367.28055,7.70897389338333e-05,105.29,5.78052129354728,0.65929648241206,849776348,12.3801363274768,0.1785594639866,0.0024865363291875,154.010740250346,2.25465508750582e-06,37.55,0.991561181434599,0.0001735207357279,0.99,-0.178900506938233,0.879665924455229,0.117549479484308,5.43315799268991,90.0,0.961474036850921,0.206030150753768,832810576,235,27,2360,7862.0,818.0,7343.0,533.0,VISpm,831882777,1249.99670166897,probeB,3a,29999.9208400553,True,2019-03-06T09:04:43Z,2019-10-03T00:00:00Z,803390291,functional_connectivity,137.0,M,Sst-IRES-Cre/wt;Ai32(RCL-ChR2(H134R)_EYFP)/wt,832810576,235,27,2360,7862.0,818.0,7343.0,533.0,VISpm,831882777,1249.99670166897,3a,29999.9208400553,True,1
951092401,0.4708974608045,288.277275,0.0004444063455169,136.11,5.01462956191684,0.618090452261306,849776350,17.29621680989,0.192294807370184,0.0,169.706467715865,1.63497030225126e-05,35.44,0.996,0.0006877283473028,0.99,-0.138038920587526,0.735215852792144,0.18474981824892,4.39592244041042,80.0,1.16750418760469,0.068676716917923,832810576,236,43,2380,7860.0,809.0,7344.0,533.0,VISpm,831882777,1249.99670166897,probeB,3a,29999.9208400553,True,2019-03-06T09:04:43Z,2019-10-03T00:00:00Z,803390291,functional_connectivity,137.0,M,Sst-IRES-Cre/wt;Ai32(RCL-ChR2(H134R)_EYFP)/wt,832810576,236,43,2380,7860.0,809.0,7344.0,533.0,VISpm,831882777,1249.99670166897,3a,29999.9208400553,True,1
951092413,0.456757715897002,299.589225,0.0004024103646134,183.89,5.59483020940815,0.631825795644891,849776356,5.00759162916223,0.164824120603015,0.0,113.370501642253,2.30890135725036e-07,35.01,0.996031746031746,0.0001017087062652,0.99,-0.142203805265784,0.800355074796205,0.21994277020978,3.96880762205622,80.0,0.62790141182101,-1.37353433835846,832810576,239,27,2400,7854.0,780.0,7345.0,533.0,VISpm,831882777,1249.99670166897,probeB,3a,29999.9208400553,True,2019-03-06T09:04:43Z,2019-10-03T00:00:00Z,803390291,functional_connectivity,137.0,M,Sst-IRES-Cre/wt;Ai32(RCL-ChR2(H134R)_EYFP)/wt,832810576,239,27,2400,7854.0,780.0,7345.0,533.0,VISpm,831882777,1249.99670166897,3a,29999.9208400553,True,1
951092456,0.431976144561048,139.012185,0.0010594225075973,96.87,4.39614370419722,0.288442211055276,849776358,13.2849782107215,0.137353433835846,0.0058302574722702,92.1757255966437,0.0001096696358267,27.14,0.994215473608098,0.0003494426389908,0.99,-0.109481751460077,0.623078824130639,0.112757894592499,2.19607545189066,50.0,0.0,0.343383584589614,832810576,240,43,2420,7852.0,770.0,7345.0,533.0,VISpm,831882777,1249.99670166897,probeB,3a,29999.9208400553,True,2019-03-06T09:04:43Z,2019-10-03T00:00:00Z,803390291,functional_connectivity,137.0,M,Sst-IRES-Cre/wt;Ai32(RCL-ChR2(H134R)_EYFP)/wt,832810576,240,43,2420,7852.0,770.0,7345.0,533.0,VISpm,831882777,1249.99670166897,3a,29999.9208400553,True,1
951092531,0.488460649837321,198.7635,0.0001997099948396,174.61,3.53282413893445,0.604355108877722,849776362,10.0876804223601,0.206030150753769,0.006366664337667,66.7498609857592,0.00226317202346,42.62,0.986854460093897,0.0008640055296353,0.99,-0.107490991613234,0.493389557120421,0.104963718482208,3.4950270220445,130.0,1.41931881630374,0.618090452261306,832810576,242,59,2440,7849.0,751.0,7346.0,533.0,VISpm,831882777,1249.99670166897,probeB,3a,29999.9208400553,True,2019-03-06T09:04:43Z,2019-10-03T00:00:00Z,803390291,functional_connectivity,137.0,M,Sst-IRES-Cre/wt;Ai32(RCL-ChR2(H134R)_EYFP)/wt,832810576,242,59,2440,7849.0,751.0,7346.0,533.0,VISpm,831882777,1249.99670166897,3a,29999.9208400553,True,3
951092550,0.443942210103206,357.95721,0.0002202791084079,61.57,8.0779692282912,0.65929648241206,849776362,2.57654717624664,0.1785594639866,0.0,225.576040863493,1.29803358956826e-19,39.51,0.99290780141844,0.0001009489198465,0.99,-0.135570122092548,1.00913529148496,0.0305298302539659,3.36261280143573,70.0,1.09511521571823,0.343383584589614,832810576,242,59,2440,7849.0,751.0,7346.0,533.0,VISpm,831882777,1249.99670166897,probeB,3a,29999.9208400553,True,2019-03-06T09:04:43Z,2019-10-03T00:00:00Z,803390291,functional_connectivity,137.0,M,Sst-IRES-Cre/wt;Ai32(RCL-ChR2(H134R)_EYFP)/wt,832810576,242,59,2440,7849.0,751.0,7346.0,533.0,VISpm,831882777,1249.99670166897,3a,29999.9208400553,True,3
951092569,0.539052432212687,192.608715,8.23982706837502e-05,128.39,3.45875819308782,0.618090452261306,849776362,6.4895638112378,0.206030150753769,0.0135756410344936,57.7118465634745,0.0035276532847484,40.87,0.99163179916318,0.0003073455588566,0.99,-0.111758433730809,0.494094787942562,0.0699862869382804,2.77321931540836,80.0,0.412060301507538,0.206030150753768,832810576,242,59,2440,7849.0,751.0,7346.0,533.0,VISpm,831882777,1249.99670166897,probeB,3a,29999.9208400553,True,2019-03-06T09:04:43Z,2019-10-03T00:00:00Z,803390291,functional_connectivity,137.0,M,Sst-IRES-Cre/wt;Ai32(RCL-ChR2(H134R)_EYFP)/wt,832810576,242,59,2440,7849.0,751.0,7346.0,533.0,VISpm,831882777,1249.99670166897,3a,29999.9208400553,True,3
951092625,0.58588752274124,221.353665,6.46623163298722e-05,87.03,5.03651949049518,0.260971524288107,849776366,8.39421581224223,0.164824120603015,0.0005408606699986,102.726799994843,2.90943566267513e-05,36.03,0.998366013071895,0.0001390047261606,0.99,-0.203135810626877,1.00144717665004,0.156942415616496,3.95303611586099,80.0,0.490547977985164,-0.686767169179229,832810576,244,43,2460,7843.0,722.0,7347.0,533.0,VISpm,831882777,1249.99670166897,probeB,3a,29999.9208400553,True,2019-03-06T09:04:43Z,2019-10-03T00:00:00Z,803390291,functional_connectivity,137.0,M,Sst-IRES-Cre/wt;Ai32(RCL-ChR2(H134R)_EYFP)/wt,832810576,244,43,2460,7843.0,722.0,7347.0,533.0,VISpm,831882777,1249.99670166897,3a,29999.9208400553,True,1
951092638,0.436442553220297,263.032575,8.64757147327857e-05,63.11,6.20261005559469,0.631825795644891,849776368,7.58444384256471,0.1785594639866,0.0,133.400731356824,3.49734130523821e-07,37.48,1.0,0.0001048108164762,0.99,-0.0824369782970618,0.623798474449871,0.266468962944924,3.31671532131096,50.0,1.03015075376885,1.37353433835846,832810576,245,11,2460,7841.0,713.0,7348.0,533.0,VISpm,831882777,1249.99670166897,probeB,3a,29999.9208400553,True,2019-03-06T09:04:43Z,2019-10-03T00:00:00Z,803390291,functional_connectivity,137.0,M,Sst-IRES-Cre/wt;Ai32(RCL-ChR2(H134R)_EYFP)/wt,832810576,245,11,2460,7841.0,713.0,7348.0,533.0,VISpm,831882777,1249.99670166897,3a,29999.9208400553,True,5
951092651,0.449196775338183,116.06712,0.0311097699844007,313.4,2.33514062519415,0.741708542713568,849776368,6.1473121223962,0.274706867671692,0.0766458643689447,59.4453110493878,0.0033389384711463,76.07,0.933333333333333,0.0011600136472193,0.99,-0.03241834623041,0.189934141406291,0.0709514868666978,1.43358741437111,110.0,0.0,0.416965781287389,832810576,245,11,2460,7841.0,713.0,7348.0,533.0,VISpm,831882777,1249.99670166897,probeB,3a,29999.9208400553,True,2019-03-06T09:04:43Z,2019-10-03T00:00:00Z,803390291,functional_connectivity,137.0,M,Sst-IRES-Cre/wt;Ai32(RCL-ChR2(H134R)_EYFP)/wt,832810576,245,11,2460,7841.0,713.0,7348.0,533.0,VISpm,831882777,1249.99670166897,3a,29999.9208400553,True,5
951092663,0.473227299853652,105.30117,0.0175811788301597,109.92,3.15459164595368,0.521943048576214,849776368,10.1901729067191,0.233500837520938,0.0411055609564002,77.4441320125997,0.0022176518751386,28.09,0.955333333333333,0.0064937914088894,0.99,-0.057528070119465,0.31328087329592,0.145798344281199,2.27863544713213,60.0,0.0,-0.343383584589615,832810576,245,11,2460,7841.0,713.0,7348.0,533.0,VISpm,831882777,1249.99670166897,probeB,3a,29999.9208400553,True,2019-03-06T09:04:43Z,2019-10-03T00:00:00Z,803390291,functional_connectivity,137.0,M,Sst-IRES-Cre/wt;Ai32(RCL-ChR2(H134R)_EYFP)/wt,832810576,245,11,2460,7841.0,713.0,7348.0,533.0,VISpm,831882777,1249.99670166897,3a,29999.9208400553,True,5
951092676,0.481738114864213,138.24369,0.0016033690335717,107.04,4.70126433342582,0.343383584589615,849776368,10.9979112953578,0.137353433835846,0.005671497474387,76.6586869545386,0.0061164193922372,34.23,0.962,0.0006191360670571,0.99,-0.129761591826368,0.493406154866473,0.0695267505612441,2.63842283051476,100.0,0.416965781287389,-2.26633165829146,832810576,245,11,2460,7841.0,713.0,7348.0,533.0,VISpm,831882777,1249.99670166897,probeB,3a,29999.9208400553,True,2019-03-06T09:04:43Z,2019-10-03T00:00:00Z,803390291,functional_connectivity,137.0,M,Sst-IRES-Cre/wt;Ai32(RCL-ChR2(H134R)_EYFP)/wt,832810576,245,11,2460,7841.0,713.0,7348.0,533.0,VISpm,831882777,1249.99670166897,3a,29999.9208400553,True,5
951094006,0.452826174349604,98.331285,0.0764782464731475,358.34,2.70627587060731,0.686767169179229,849776368,1.21282773158129,0.247236180904523,0.181361653090887,39.4843903644221,0.0094810606333642,68.25,0.625,0.0005359056806002,0.99,-0.0277904063487445,0.235610725437403,0.0582219514634203,1.72256338106475,120.0,1.03832655340193,0.686767169179229,832810576,245,11,2460,7841.0,713.0,7348.0,533.0,VISpm,831882777,1249.99670166897,probeB,3a,29999.9208400553,True,2019-03-06T09:04:43Z,2019-10-03T00:00:00Z,803390291,functional_connectivity,137.0,M,Sst-IRES-Cre/wt;Ai32(RCL-ChR2(H134R)_EYFP)/wt,832810576,245,11,2460,7841.0,713.0,7348.0,533.0,VISpm,831882777,1249.99670166897,3a,29999.9208400553,True,5
951092744,0.492745086817179,134.79414,0.0713757033854464,247.28,2.85492150096762,0.700502512562814,849776364,1.45675577719359,0.274706867671692,0.251420219063096,50.4274041415795,0.0036916252579192,35.75,0.734848484848485,0.0015133171912832,0.99,-0.0399929078254528,0.296872370874518,0.0893355595901526,2.06818739740456,90.0,0.353194544149318,0.274706867671692,832810576,243,27,2440,7845.0,732.0,7347.0,533.0,VISpm,831882777,1249.99670166897,probeB,3a,29999.9208400553,True,2019-03-06T09:04:43Z,2019-10-03T00:00:00Z,803390291,functional_connectivity,137.0,M,Sst-IRES-Cre/wt;Ai32(RCL-ChR2(H134R)_EYFP)/wt,832810576,243,27,2440,7845.0,732.0,7347.0,533.0,VISpm,831882777,1249.99670166897,3a,29999.9208400553,True,1
951092789,0.313920222101895,111.019935,0.0028760181161474,250.07,4.85571748669133,0.714237855946399,849776374,1.52345723526849,0.1785594639866,0.0164204527524487,66.2510477603632,0.0007425872639623,30.17,0.958656330749354,0.0005065342923715,0.99,-0.0432540915448154,0.322259999459805,0.0606498801440517,2.62624338426886,70.0,0.686767169179229,-0.412060301507538,832810576,248,43,2500,7835.0,684.0,7349.0,533.0,VISpm,831882777,1249.99670166897,probeB,3a,29999.9208400553,True,2019-03-06T09:04:43Z,2019-10-03T00:00:00Z,803390291,functional_connectivity,137.0,M,Sst-IRES-Cre/wt;Ai32(RCL-ChR2(H134R)_EYFP)/wt,832810576,248,43,2500,7835.0,684.0,7349.0,533.0,VISpm,831882777,1249.99670166897,3a,29999.9208400553,True,4
951092805,0.271526770129296,103.32426,0.0616075502966099,280.31,3.48185449266259,0.741708542713568,849776374,0.345912134711566,0.206030150753769,0.0,41.8716352562702,0.0049114668242816,20.64,0.436781609195402,0.0004345936549326,0.99,-0.0312940079315003,0.315555869740917,0.0723783861372914,2.51301994541807,80.0,1.03015075376884,0.412060301507538,832810576,248,43,2500,7835.0,684.0,7349.0,533.0,VISpm,831882777,1249.99670166897,probeB,3a,29999.9208400553,True,2019-03-06T09:04:43Z,2019-10-03T00:00:00Z,803390291,functional_connectivity,137.0,M,Sst-IRES-Cre/wt;Ai32(RCL-ChR2(H134R)_EYFP)/wt,832810576,248,43,2500,7835.0,684.0,7349.0,533.0,VISpm,831882777,1249.99670166897,3a,29999.9208400553,True,4
951092818,0.284990833810222,187.362825,0.0012947964489051,179.96,6.86852443121857,0.714237855946399,849776374,0.290700409506281,0.15108877721943,0.0,52.9060882482594,0.0006448760588174,28.21,0.833333333333333,6.68270515904838e-05,0.96,-0.0768461940840243,0.578251569383381,0.141267643655148,4.13594735494933,60.0,0.48073701842546,0.0,832810576,248,43,2500,7835.0,684.0,7349.0,533.0,VISpm,831882777,1249.99670166897,probeB,3a,29999.9208400553,True,2019-03-06T09:04:43Z,2019-10-03T00:00:00Z,803390291,functional_connectivity,137.0,M,Sst-IRES-Cre/wt;Ai32(RCL-ChR2(H134R)_EYFP)/wt,832810576,248,43,2500,7835.0,684.0,7349.0,533.0,VISpm,831882777,1249.99670166897,3a,29999.9208400553,True,4
951092831,0.404595716697089,70.40085,0.0446816207164922,137.39,3.63524107133395,0.604355108877722,849776374,7.15912036828532,0.274706867671692,0.0304866841152621,79.6450779737631,0.0020208379540699,32.28,0.967333333333333,0.0048968625411683,0.99,-0.0286149106059895,0.13724736505771,0.0536118006300964,1.8101558459867,120.0,0.833931562574778,-0.843742522134482,832810576,248,43,2500,7835.0,684.0,7349.0,533.0,VISpm,831882777,1249.99670166897,probeB,3a,29999.9208400553,True,2019-03-06T09:04:43Z,2019-10-03T00:00:00Z,803390291,functional_connectivity,137.0,M,Sst-IRES-Cre/wt;Ai32(RCL-ChR2(H134R)_EYFP)/wt,832810576,248,43,2500,7835.0,684.0,7349.0,533.0,VISpm,831882777,1249.99670166897,3a,29999.9208400553,True,4
951092844,0.405369485087993,102.354135,0.0001081787090552,142.0,5.37898354421951,0.315912897822446,849776384,20.4263047449167,0.164824120603015,0.0046583940793279,115.749621578094,1.73536062571367e-05,28.6,0.999333333333333,0.0013392259274139,0.99,-0.101337588163901,0.415858151409186,0.136759347679567,2.54800912194251,100.0,0.48073701842546,-0.706389088298636,832810576,253,11,2540,7826.0,636.0,7350.0,533.0,VISpm,831882777,1249.99670166897,probeB,3a,29999.9208400553,True,2019-03-06T09:04:43Z,2019-10-03T00:00:00Z,803390291,functional_connectivity,137.0,M,Sst-IRES-Cre/wt;Ai32(RCL-ChR2(H134R)_EYFP)/wt,832810576,253,11,2540,7826.0,636.0,7350.0,533.0,VISpm,831882777,1249.99670166897,3a,29999.9208400553,True,2
951092948,0.211917584232313,280.872345,0.000126282467216,23.47,5.29703472205353,0.769179229480737,849776384,4.2375761687946,0.15108877721943,0.0,72.1246787193985,0.0012982049838824,1.15,0.991590214067278,0.000139411682699,0.99,-0.0634153671939624,1.12361131445604,0.272212743088407,4.18945961531508,50.0,1.16750418760469,,832810576,253,11,2540,7826.0,636.0,7350.0,533.0,VISpm,831882777,1249.99670166897,probeB,3a,29999.9208400553,True,2019-03-06T09:04:43Z,2019-10-03T00:00:00Z,803390291,functional_connectivity,137.0,M,Sst-IRES-Cre/wt;Ai32(RCL-ChR2(H134R)_EYFP)/wt,832810576,253,11,2540,7826.0,636.0,7350.0,533.0,VISpm,831882777,1249.99670166897,3a,29999.9208400553,True,2
951092857,0.414621337446643,89.93556,0.0633250520582538,160.63,3.69448661628087,0.769179229480737,849776376,6.00323290579235,0.219765494137353,0.201980128622684,60.6599605849398,0.0088670035626525,35.56,0.949333333333333,0.0040057558433477,0.99,-0.0404113104432042,0.216483091334539,0.135765818838399,2.2640453428171,60.0,1.37353433835846,0.48073701842546,832810576,249,11,2500,7833.0,674.0,7349.0,533.0,VISpm,831882777,1249.99670166897,probeB,3a,29999.9208400553,True,2019-03-06T09:04:43Z,2019-10-03T00:00:00Z,803390291,functional_connectivity,137.0,M,Sst-IRES-Cre/wt;Ai32(RCL-ChR2(H134R)_EYFP)/wt,832810576,249,11,2500,7833.0,674.0,7349.0,533.0,VISpm,831882777,1249.99670166897,3a,29999.9208400553,True,2
951092870,0.32127046048993,105.238185,0.0128537289431452,292.86,3.70674139493691,0.796649916247906,849776376,1.17418969184279,0.219765494137353,0.0552839584382609,50.3699541375957,0.003621412295012,30.98,0.77037037037037,0.001749075008409,0.99,-0.0255767561961145,0.246779327075004,0.0872464569290255,2.3358706223684,80.0,0.961474036850922,0.0,832810576,249,11,2500,7833.0,674.0,7349.0,533.0,VISpm,831882777,1249.99670166897,probeB,3a,29999.9208400553,True,2019-03-06T09:04:43Z,2019-10-03T00:00:00Z,803390291,functional_connectivity,137.0,M,Sst-IRES-Cre/wt;Ai32(RCL-ChR2(H134R)_EYFP)/wt,832810576,249,11,2500,7833.0,674.0,7349.0,533.0,VISpm,831882777,1249.99670166897,3a,29999.9208400553,True,2
951092905,0.220901890801035,205.61814,0.0001022451687124,56.71,4.43027931810597,0.65929648241206,849776378,0.257349680468834,0.123618090452261,0.0,39.7597521092018,0.0029657746537458,22.27,0.757575757575758,0.0001336273134228,0.99,-0.0779784938843045,0.763747489121898,0.0690580269774478,3.8767872317907,70.0,1.37353433835846,-0.343383584589614,832810576,250,59,2520,7832.0,665.0,7349.0,533.0,VISpm,831882777,1249.99670166897,probeB,3a,29999.9208400553,True,2019-03-06T09:04:43Z,2019-10-03T00:00:00Z,803390291,functional_connectivity,137.0,M,Sst-IRES-Cre/wt;Ai32(RCL-ChR2(H134R)_EYFP)/wt,832810576,250,59,2520,7832.0,665.0,7349.0,533.0,VISpm,831882777,1249.99670166897,3a,29999.9208400553,True,1
951092915,0.373802093470059,116.171835,0.0031662289042747,268.05,4.13128174277914,0.65929648241206,849776380,0.802044361729816,0.15108877721943,0.0,55.3195979630729,0.0014989750190447,24.67,0.846153846153846,0.000436168428116,0.99,-0.0430274044797829,0.35638184972913,0.112228394291452,2.83965406055975,80.0,0.892797319932998,-0.068676716917923,832810576,251,27,2520,7830.0,655.0,7349.0,533.0,VISpm,831882777,1249.99670166897,probeB,3a,29999.9208400553,True,2019-03-06T09:04:43Z,2019-10-03T00:00:00Z,803390291,functional_connectivity,137.0,M,Sst-IRES-Cre/wt;Ai32(RCL-ChR2(H134R)_EYFP)/wt,832810576,251,27,2520,7830.0,655.0,7349.0,533.0,VISpm,831882777,1249.99670166897,3a,29999.9208400553,True,1
951092936,0.298121819272347,98.24217,0.0018607600840185,167.92,4.90691887216123,0.755443886097153,849776382,1.39330804878089,0.1785594639866,0.0,69.2270565553363,0.0005957492945692,34.22,0.945355191256831,0.0014510359721941,0.99,-0.0339563074106341,0.286432039852748,0.0411258556393515,2.23369184839255,80.0,1.37353433835846,-0.05886575735822,832810576,252,43,2540,7828.0,646.0,7350.0,533.0,VISpm,831882777,1249.99670166897,probeB,3a,29999.9208400553,True,2019-03-06T09:04:43Z,2019-10-03T00:00:00Z,803390291,functional_connectivity,137.0,M,Sst-IRES-Cre/wt;Ai32(RCL-ChR2(H134R)_EYFP)/wt,832810576,252,43,2540,7828.0,646.0,7350.0,533.0,VISpm,831882777,1249.99670166897,3a,29999.9208400553,True,1
951093033,0.714664722579741,87.7819799999999,0.0285642861332397,225.73,3.99012566607183,0.247236180904523,849776390,6.40872896494277,0.137353433835846,0.141041020269705,71.6184322030937,0.0022946888392136,30.75,0.981333333333333,0.0022265103161644,0.99,-0.0851392763134875,0.413919303843256,0.108707483553989,2.20863618311948,90.0,-0.343383584589615,-1.09882747068677,832810576,256,43,2580,7818.0,598.0,7350.0,533.0,VISpm,831882777,1249.99670166897,probeB,3a,29999.9208400553,True,2019-03-06T09:04:43Z,2019-10-03T00:00:00Z,803390291,functional_connectivity,137.0,M,Sst-IRES-Cre/wt;Ai32(RCL-ChR2(H134R)_EYFP)/wt,832810576,256,43,2580,7818.0,598.0,7350.0,533.0,VISpm,831882777,1249.99670166897,3a,29999.9208400553,True,1
951093078,0.407301985198835,135.363345,0.0349728536391288,98.45,4.02838649521593,0.274706867671692,849776392,11.0345157540574,0.164824120603015,0.0773100685065595,73.5975112225292,0.0027074256942675,31.02,0.982,0.0072389712144438,0.99,-0.0878738829799015,0.602642729663287,0.157561800160581,3.0183933362825,80.0,0.0,-0.068676716917923,832810576,257,11,2580,7816.0,589.0,7350.0,533.0,VISpm,831882777,1249.99670166897,probeB,3a,29999.9208400553,True,2019-03-06T09:04:43Z,2019-10-03T00:00:00Z,803390291,functional_connectivity,137.0,M,Sst-IRES-Cre/wt;Ai32(RCL-ChR2(H134R)_EYFP)/wt,832810576,257,11,2580,7816.0,589.0,7350.0,533.0,VISpm,831882777,1249.99670166897,3a,29999.9208400553,True,1
951093132,0.630183696204675,96.5027699999999,0.0237211429572952,211.18,2.75441322299098,0.206030150753769,849776394,1.90088987608252,0.123618090452261,0.18984722467093,32.9131244294155,0.047575094811251,31.39,0.308437067773167,0.0153362707927725,0.98,-0.132520278920808,0.434459191142076,0.0312245999171793,2.59359165290188,80.0,0.892797319932998,-0.618090452261307,832810576,258,59,2600,7815.0,580.0,7350.0,533.0,VISpm,831882777,1249.99670166897,probeB,3a,29999.9208400553,True,2019-03-06T09:04:43Z,2019-10-03T00:00:00Z,803390291,functional_connectivity,137.0,M,Sst-IRES-Cre/wt;Ai32(RCL-ChR2(H134R)_EYFP)/wt,832810576,258,59,2600,7815.0,580.0,7350.0,533.0,VISpm,831882777,1249.99670166897,3a,29999.9208400553,True,3
951094048,0.468356287692103,100.34076,0.0510411661782879,139.51,3.79188651456289,0.673031825795645,849776394,0.203154745782983,0.274706867671692,0.0,31.4749439614211,0.0094581687755874,28.92,0.08,0.0008688387635756,0.99,-0.0440146658016677,0.259576417911992,,2.31659185384164,70.0,0.824120603015075,-1.03015075376884,832810576,258,59,2600,7815.0,580.0,7350.0,533.0,VISpm,831882777,1249.99670166897,probeB,3a,29999.9208400553,True,2019-03-06T09:04:43Z,2019-10-03T00:00:00Z,803390291,functional_connectivity,137.0,M,Sst-IRES-Cre/wt;Ai32(RCL-ChR2(H134R)_EYFP)/wt,832810576,258,59,2600,7815.0,580.0,7350.0,533.0,VISpm,831882777,1249.99670166897,3a,29999.9208400553,True,3
951094274,0.389897148856441,341.86776,0.0001596437520117,50.37,7.46956909507374,0.741708542713568,849776394,0.164821743200308,0.137353433835846,0.0,86.7749291749773,1.44787499237436e-05,6.46,0.933333333333333,0.0003006012024048,0.96,-0.176099840778297,1.00837217404268,0.186278690270755,6.30982705358173,60.0,1.23618090452261,0.343383584589614,832810576,258,59,2600,7815.0,580.0,7350.0,533.0,VISpm,831882777,1249.99670166897,probeB,3a,29999.9208400553,True,2019-03-06T09:04:43Z,2019-10-03T00:00:00Z,803390291,functional_connectivity,137.0,M,Sst-IRES-Cre/wt;Ai32(RCL-ChR2(H134R)_EYFP)/wt,832810576,258,59,2600,7815.0,580.0,7350.0,533.0,VISpm,831882777,1249.99670166897,3a,29999.9208400553,True,3
951093186,0.376089807941663,328.17642,0.0042102823107365,72.57,7.21357068060628,0.700502512562814,849776396,0.329236770192843,0.1785594639866,0.35158391490527,75.9134094156856,1.45655457883166e-05,24.79,0.944444444444444,0.0004014452027298,0.97,-0.107204005162486,0.960803059084898,0.233583405332745,5.96175284779729,50.0,0.686767169179229,0.343383584589615,832810576,259,27,2600,7813.0,570.0,7350.0,533.0,VISpm,831882777,1249.99670166897,probeB,3a,29999.9208400553,True,2019-03-06T09:04:43Z,2019-10-03T00:00:00Z,803390291,functional_connectivity,137.0,M,Sst-IRES-Cre/wt;Ai32(RCL-ChR2(H134R)_EYFP)/wt,832810576,259,27,2600,7813.0,570.0,7350.0,533.0,VISpm,831882777,1249.99670166897,3a,29999.9208400553,True,1
951093294,0.437167118761065,187.94022,0.0005302898494216,104.32,4.75112346971512,0.425795644891122,849776402,7.9856693815335,0.164824120603015,0.0053785538458025,80.035943667015,0.0013384241522073,35.07,0.995333333333333,0.002778763154783,0.99,-0.108084334245116,0.705984285035677,0.207615970000911,4.38882447545566,50.0,1.71691792294807,-0.343383584589615,832810576,262,59,2640,7807.0,542.0,7350.0,533.0,VISpm,831882777,1249.99670166897,probeB,3a,29999.9208400553,True,2019-03-06T09:04:43Z,2019-10-03T00:00:00Z,803390291,functional_connectivity,137.0,M,Sst-IRES-Cre/wt;Ai32(RCL-ChR2(H134R)_EYFP)/wt,832810576,262,59,2640,7807.0,542.0,7350.0,533.0,VISpm,831882777,1249.99670166897,3a,29999.9208400553,True,1
951093385,0.543475301798278,163.36632,0.0006895780120532,85.84,2.9871080741645,0.370854271356784,849776410,1.95061093248286,0.1785594639866,0.0901460837989938,62.4428457120847,0.0037780678174621,31.9,0.953846153846154,0.0009991386735572,0.99,-0.117945321109454,0.619028390621707,0.0913820274165582,3.46501024876364,30.0,-0.68676716917923,,832810576,266,59,2680,7798.0,505.0,7349.0,533.0,VISpm,831882777,1249.99670166897,probeB,3a,29999.9208400553,True,2019-03-06T09:04:43Z,2019-10-03T00:00:00Z,803390291,functional_connectivity,137.0,M,Sst-IRES-Cre/wt;Ai32(RCL-ChR2(H134R)_EYFP)/wt,832810576,266,59,2680,7798.0,505.0,7349.0,533.0,VISpm,831882777,1249.99670166897,3a,29999.9208400553,True,1
951093421,0.458253342115577,81.1465200000001,0.0158625719559546,224.97,3.55132381968348,0.934003350083752,849776420,1.43418302766215,0.398324958123953,0.370566794909254,37.4338068285243,0.0375824285871659,39.27,0.760606060606061,0.0014314928425357,0.99,-0.0149226156581022,0.0956106379354665,0.0355066313476589,1.48828088906444,80.0,0.686767169179229,0.745632926537449,832810576,271,27,2720,7785.0,450.0,7345.0,533.0,VISpm,831882777,1249.99670166897,probeB,3a,29999.9208400553,True,2019-03-06T09:04:43Z,2019-10-03T00:00:00Z,803390291,functional_connectivity,137.0,M,Sst-IRES-Cre/wt;Ai32(RCL-ChR2(H134R)_EYFP)/wt,832810576,271,27,2720,7785.0,450.0,7345.0,533.0,VISpm,831882777,1249.99670166897,3a,29999.9208400553,True,1
951093434,0.257731333410014,42.130335,0.0878619974023753,283.47,1.8650571996859,0.879061976549414,849776416,3.72135162207778,0.357118927973199,0.0908151255974679,46.7228974437693,0.0332354006160389,37.09,0.761333333333333,0.0274774774774775,0.99,-0.0061437545926579,0.0945707181519993,0.0671451488582503,1.3163478072015,130.0,1.44221105527638,1.8428252372976,832810576,269,11,2700,7790.0,468.0,7347.0,533.0,VISpm,831882777,1249.99670166897,probeB,3a,29999.9208400553,True,2019-03-06T09:04:43Z,2019-10-03T00:00:00Z,803390291,functional_connectivity,137.0,M,Sst-IRES-Cre/wt;Ai32(RCL-ChR2(H134R)_EYFP)/wt,832810576,269,11,2700,7790.0,468.0,7347.0,533.0,VISpm,831882777,1249.99670166897,3a,29999.9208400553,True,1
951093506,0.226540417487474,116.616825,0.0117094515246117,285.28,3.01754986540674,0.673031825795645,849776418,0.741748683927359,0.247236180904523,0.346339558055721,38.3002367609526,0.0269290689919401,41.65,0.829396325459318,0.001147911813363,0.99,-0.0085539385228917,0.341847723070128,0.0699891426538492,3.07231420546184,60.0,1.09882747068677,0.686767169179229,832810576,270,59,2720,7788.0,459.0,7346.0,533.0,VISpm,831882777,1249.99670166897,probeB,3a,29999.9208400553,True,2019-03-06T09:04:43Z,2019-10-03T00:00:00Z,803390291,functional_connectivity,137.0,M,Sst-IRES-Cre/wt;Ai32(RCL-ChR2(H134R)_EYFP)/wt,832810576,270,59,2720,7788.0,459.0,7346.0,533.0,VISpm,831882777,1249.99670166897,3a,29999.9208400553,True,2
951093518,0.362592369954753,200.63238,0.0014957781085817,87.27,4.70082491665438,0.714237855946399,849776418,2.09733380443724,0.233500837520938,0.0173276850294724,85.0986775550383,0.0002441163302256,43.93,0.998153277931671,0.0004495625410658,0.99,-0.0434803193239863,0.584776637358204,0.163716820523763,5.38799926190302,50.0,0.343383584589614,-0.343383584589614,832810576,270,59,2720,7788.0,459.0,7346.0,533.0,VISpm,831882777,1249.99670166897,probeB,3a,29999.9208400553,True,2019-03-06T09:04:43Z,2019-10-03T00:00:00Z,803390291,functional_connectivity,137.0,M,Sst-IRES-Cre/wt;Ai32(RCL-ChR2(H134R)_EYFP)/wt,832810576,270,59,2720,7788.0,459.0,7346.0,533.0,VISpm,831882777,1249.99670166897,3a,29999.9208400553,True,2
951093531,0.375928546223672,74.1778050000001,0.0325517727809236,297.23,3.40345600768309,0.879061976549414,849776412,4.60118045854433,0.412060301507538,0.153012198559114,50.1362985225474,0.0316781277371647,59.74,0.941333333333333,0.0054484708301207,0.99,-0.018352267258498,0.130608848705441,-0.0545521981364779,1.3410673559908,70.0,0.922230198612108,2.74706867671692,832810576,267,27,2680,7796.0,496.0,7348.0,533.0,VISpm,831882777,1249.99670166897,probeB,3a,29999.9208400553,True,2019-03-06T09:04:43Z,2019-10-03T00:00:00Z,803390291,functional_connectivity,137.0,M,Sst-IRES-Cre/wt;Ai32(RCL-ChR2(H134R)_EYFP)/wt,832810576,267,27,2680,7796.0,496.0,7348.0,533.0,VISpm,831882777,1249.99670166897,3a,29999.9208400553,True,1
951093640,0.188185199020836,191.28252,0.0004623198886628,71.08,4.77454402883048,0.288442211055276,849775954,6.67767005733316,0.109882747068677,0.125742903543054,45.4442277541369,0.0204817445665572,2.83,0.714138286893705,0.0081636870931073,0.99,-0.0802696603041059,0.77910086216399,0.0231276653405952,4.12786209441684,30.0,0.0,-2.74706867671692,832810576,38,59,400,8248.0,2740.0,7337.0,628.0,NOT,831882777,1249.99670166897,probeB,3a,29999.9208400553,True,2019-03-06T09:04:43Z,2019-10-03T00:00:00Z,803390291,functional_connectivity,137.0,M,Sst-IRES-Cre/wt;Ai32(RCL-ChR2(H134R)_EYFP)/wt,832810576,38,59,400,8248.0,2740.0,7337.0,628.0,NOT,831882777,1249.99670166897,3a,29999.9208400553,True,1
951093979,0.575614292009005,148.53501,0.0032981275514664,209.54,3.36915130040726,0.604355108877722,849776360,2.47354629662794,0.343383584589615,0.0622881706607445,45.5115456023462,0.0098368141898727,67.11,0.711409395973154,0.0019625757114336,0.99,-0.0258713351343518,0.153868301477936,0.0605315542001093,0.99186135106335,80.0,0.0588657573582197,0.686767169179229,832810576,241,11,2420,7850.0,761.0,7346.0,533.0,VISpm,831882777,1249.99670166897,probeB,3a,29999.9208400553,True,2019-03-06T09:04:43Z,2019-10-03T00:00:00Z,803390291,functional_connectivity,137.0,M,Sst-IRES-Cre/wt;Ai32(RCL-ChR2(H134R)_EYFP)/wt,832810576,241,11,2420,7850.0,761.0,7346.0,533.0,VISpm,831882777,1249.99670166897,3a,29999.9208400553,True,1
951093991,0.579184135846842,152.990955,0.0651695563510663,452.92,2.45418947845783,0.686767169179229,849776352,2.22453429841847,0.247236180904523,0.192534011352096,41.3520990361013,0.0125743927174593,71.98,0.563218390804598,0.0053284769998651,0.99,-0.0775546440551533,0.347561987001504,0.0406507502179301,2.00610568036187,80.0,0.451304139746351,0.0,832810576,237,11,2380,7858.0,799.0,7344.0,533.0,VISpm,831882777,1249.99670166897,probeB,3a,29999.9208400553,True,2019-03-06T09:04:43Z,2019-10-03T00:00:00Z,803390291,functional_connectivity,137.0,M,Sst-IRES-Cre/wt;Ai32(RCL-ChR2(H134R)_EYFP)/wt,832810576,237,11,2380,7858.0,799.0,7344.0,533.0,VISpm,831882777,1249.99670166897,3a,29999.9208400553,True,2
951094219,0.516970060067488,173.71146,0.0633387071357952,420.77,2.72972286534301,0.645561139028476,849776352,6.72312059355187,0.233500837520938,0.408083675343393,76.6773089168748,0.0020917480388368,102.31,0.932765151515152,0.0050787728026534,0.99,-0.0790074517642044,0.425304366613923,0.09319375842202,2.25962197339438,90.0,0.480737018425461,0.618090452261306,832810576,237,11,2380,7858.0,799.0,7344.0,533.0,VISpm,831882777,1249.99670166897,probeB,3a,29999.9208400553,True,2019-03-06T09:04:43Z,2019-10-03T00:00:00Z,803390291,functional_connectivity,137.0,M,Sst-IRES-Cre/wt;Ai32(RCL-ChR2(H134R)_EYFP)/wt,832810576,237,11,2380,7858.0,799.0,7344.0,533.0,VISpm,831882777,1249.99670166897,3a,29999.9208400553,True,2
951094472,0.481921491258814,402.89496,0.0001437079643879,72.38,8.54224011159719,0.233500837520938,849774730,23.8474858217734,0.123618090452261,0.003350630293652,142.168244005683,4.64420923060357e-06,8.68,1.0,0.0,0.99,-0.340593334112151,1.72780865253263,0.218131763129147,4.78336398851921,60.0,0.343383584589615,-0.0686767169179227,832810578,8,43,100,8475.0,3269.0,7156.0,313.0,MB,831882777,1250.00006748722,probeC,3a,30000.0016196932,True,2019-03-06T09:04:43Z,2019-10-03T00:00:00Z,803390291,functional_connectivity,137.0,M,Sst-IRES-Cre/wt;Ai32(RCL-ChR2(H134R)_EYFP)/wt,832810578,8,43,100,8475.0,3269.0,7156.0,313.0,MB,831882777,1250.00006748722,3a,30000.0016196932,True,1
951094591,0.313034192475752,150.19056,0.0444875178881069,229.24,6.74141000948319,0.164824120603015,849774756,51.1618906807433,0.0961474036850922,0.0127687424580377,137.703269997,0.0027269795264911,23.77,0.994666666666667,0.0008806693086745,0.98,-0.208763042948913,0.539784252114625,0.12434468449471,0.435528667585641,70.0,0.68676716917923,0.0,832810578,21,11,220,8496.0,3156.0,7183.0,10.0,SCig,831882777,1250.00006748722,probeC,3a,30000.0016196932,True,2019-03-06T09:04:43Z,2019-10-03T00:00:00Z,803390291,functional_connectivity,137.0,M,Sst-IRES-Cre/wt;Ai32(RCL-ChR2(H134R)_EYFP)/wt,832810578,21,11,220,8496.0,3156.0,7183.0,10.0,SCig,831882777,1250.00006748722,3a,30000.0016196932,True,1
951094635,0.267603340089859,90.8922300000001,0.0612824664713513,191.78,5.91813986771194,0.233500837520938,849774788,10.8965396503865,0.137353433835846,0.0035306704522858,106.354038414232,0.0008428774829719,20.75,0.994666666666667,0.0011280315848843,0.99,-0.0903736693987861,0.400842798472144,0.0941798280952256,1.48823767365805,50.0,0.0,-0.343383584589615,832810578,37,11,380,8520.0,3025.0,7215.0,10.0,SCig,831882777,1250.00006748722,probeC,3a,30000.0016196932,True,2019-03-06T09:04:43Z,2019-10-03T00:00:00Z,803390291,functional_connectivity,137.0,M,Sst-IRES-Cre/wt;Ai32(RCL-ChR2(H134R)_EYFP)/wt,832810578,37,11,380,8520.0,3025.0,7215.0,10.0,SCig,831882777,1250.00006748722,3a,30000.0016196932,True,1
951094648,0.40423253763756,97.0548149999999,0.0823535522228099,407.84,6.67916103099861,0.357118927973199,849774790,1.31734179094691,0.233500837520938,0.065881885613264,105.146295347559,1.45203090616843e-06,12.44,0.99813258636788,0.0001382695565003,0.99,-0.0370260755543774,0.364861385736314,0.0810282605314021,2.11363414948336,50.0,-1.44221105527638,-1.37353433835846,832810578,38,59,400,8522.0,3018.0,7217.0,10.0,SCig,831882777,1250.00006748722,probeC,3a,30000.0016196932,True,2019-03-06T09:04:43Z,2019-10-03T00:00:00Z,803390291,functional_connectivity,137.0,M,Sst-IRES-Cre/wt;Ai32(RCL-ChR2(H134R)_EYFP)/wt,832810578,38,59,400,8522.0,3018.0,7217.0,10.0,SCig,831882777,1250.00006748722,3a,30000.0016196932,True,1
951094699,0.75982030571698,194.021295,0.0844584447360428,257.19,5.8594659672644,0.164824120603015,849774798,5.35874223589648,0.0961474036850921,0.110152425032848,103.772982527992,0.0002946954121662,12.17,0.998,0.0007786140669608,0.99,-0.300403506672676,0.778053980837022,0.111295514496461,3.63989064904218,20.0,,-0.686767169179227,832810578,42,59,440,8527.0,2988.0,7224.0,10.0,SCig,831882777,1250.00006748722,probeC,3a,30000.0016196932,True,2019-03-06T09:04:43Z,2019-10-03T00:00:00Z,803390291,functional_connectivity,137.0,M,Sst-IRES-Cre/wt;Ai32(RCL-ChR2(H134R)_EYFP)/wt,832810578,42,59,440,8527.0,2988.0,7224.0,10.0,SCig,831882777,1250.00006748722,3a,30000.0016196932,True,1
951094813,0.366138324630683,283.067265,0.0115566797147495,39.22,4.58002582670415,0.274706867671692,849774844,31.0818844344527,0.123618090452261,0.0218544372695941,122.360810628467,0.0224387905386033,21.09,0.972666666666667,0.0210970464135021,0.99,-0.259084654693718,1.18299117489768,0.204747253857402,3.99442670072043,50.0,0.0,0.0,832810578,65,11,660,8559.0,2815.0,7272.0,10.0,SCig,831882777,1250.00006748722,probeC,3a,30000.0016196932,True,2019-03-06T09:04:43Z,2019-10-03T00:00:00Z,803390291,functional_connectivity,137.0,M,Sst-IRES-Cre/wt;Ai32(RCL-ChR2(H134R)_EYFP)/wt,832810578,65,11,660,8559.0,2815.0,7272.0,10.0,SCig,831882777,1250.00006748722,3a,30000.0016196932,True,1
951094899,0.848826965554171,126.977175,0.0257528780389799,414.6,4.84383180044827,0.274706867671692,849774866,1.01535775890675,0.123618090452261,0.258762632769709,58.9130176619738,0.0013369477353438,39.38,0.968369829683698,0.0003379634323566,0.97,-0.0405226735538109,0.401779476733836,0.0594825383685945,1.86018555272035,70.0,0.45130413974635,-0.68676716917923,832810578,76,43,780,8574.0,2738.0,7296.0,10.0,SCig,831882777,1250.00006748722,probeC,3a,30000.0016196932,True,2019-03-06T09:04:43Z,2019-10-03T00:00:00Z,803390291,functional_connectivity,137.0,M,Sst-IRES-Cre/wt;Ai32(RCL-ChR2(H134R)_EYFP)/wt,832810578,76,43,780,8574.0,2738.0,7296.0,10.0,SCig,831882777,1250.00006748722,3a,30000.0016196932,True,1
951094953,0.529369460595622,205.37868,0.0063427815906248,125.67,4.17447705857901,0.219765494137353,849774876,6.82483912410762,0.123618090452261,0.104732091840154,50.4418716522823,0.040247949444939,6.1,0.906666666666667,0.0042486583184257,0.99,-0.237552988456984,0.904269867184394,0.160924989202499,2.50353164980156,30.0,-1.03015075376884,,832810578,81,11,820,8580.0,2703.0,7308.0,10.0,SCig,831882777,1250.00006748722,probeC,3a,30000.0016196932,True,2019-03-06T09:04:43Z,2019-10-03T00:00:00Z,803390291,functional_connectivity,137.0,M,Sst-IRES-Cre/wt;Ai32(RCL-ChR2(H134R)_EYFP)/wt,832810578,81,11,820,8580.0,2703.0,7308.0,10.0,SCig,831882777,1250.00006748722,3a,30000.0016196932,True,1
951094997,0.537773549955477,161.67411,0.0903805881262504,189.54,6.11489741393054,0.219765494137353,849774882,0.535437007651004,0.123618090452261,0.265861181686514,66.3030291062038,0.0002696262881181,23.67,0.976666666666667,0.0004377104377104,0.99,-0.202192223859542,0.73102684398554,0.0938506796938467,2.51665124640988,50.0,0.0,-0.686767169179229,832810578,84,43,860,8586.0,2675.0,7317.0,10.0,SCig,831882777,1250.00006748722,probeC,3a,30000.0016196932,True,2019-03-06T09:04:43Z,2019-10-03T00:00:00Z,803390291,functional_connectivity,137.0,M,Sst-IRES-Cre/wt;Ai32(RCL-ChR2(H134R)_EYFP)/wt,832810578,84,43,860,8586.0,2675.0,7317.0,10.0,SCig,831882777,1250.00006748722,3a,30000.0016196932,True,1
951095074,0.641513889579478,229.12578,0.0003634130050298,81.24,6.2836023237263,0.192294807370184,849774900,29.2632694859442,0.109882747068677,0.003070818555386,887.759267075953,0.0006241751547551,9.54,0.999333333333333,0.0051282051282051,0.99,-0.34859645860702,0.956982813097704,0.22562627187118,3.77423560146949,40.0,-0.343383584589614,-1.37353433835846,832810578,93,11,940,8598.0,2610.0,7338.0,10.0,SCig,831882777,1250.00006748722,probeC,3a,30000.0016196932,True,2019-03-06T09:04:43Z,2019-10-03T00:00:00Z,803390291,functional_connectivity,137.0,M,Sst-IRES-Cre/wt;Ai32(RCL-ChR2(H134R)_EYFP)/wt,832810578,93,11,940,8598.0,2610.0,7338.0,10.0,SCig,831882777,1250.00006748722,3a,30000.0016196932,True,1
951095265,0.31635273969723,176.23125,0.0129658828474006,104.45,6.91103994592867,0.370854271356784,849774934,0.316320647702673,0.1785594639866,0.0,70.8999162614852,0.0001461189696734,13.14,0.990196078431373,3.37929170045958e-05,0.99,-0.0912976942997377,0.742368368779019,0.161514245775704,3.21726813489788,20.0,,-1.37353433835846,832810578,110,59,1120,8622.0,2477.0,7384.0,10.0,SCig,831882777,1250.00006748722,probeC,3a,30000.0016196932,True,2019-03-06T09:04:43Z,2019-10-03T00:00:00Z,803390291,functional_connectivity,137.0,M,Sst-IRES-Cre/wt;Ai32(RCL-ChR2(H134R)_EYFP)/wt,832810578,110,59,1120,8622.0,2477.0,7384.0,10.0,SCig,831882777,1250.00006748722,3a,30000.0016196932,True,1
951095369,0.312586139826739,117.823095,0.0623616973208141,256.91,3.82991814758458,0.494472361809045,849775044,1.46243647570156,0.1785594639866,0.338564395715788,58.6062269682371,0.0201677161830395,14.0,0.898,0.0129278083962713,0.99,-0.0673882057680459,0.402039969205037,0.104288987812582,2.91759923208501,50.0,3.43383584589615,-0.618090452261306,832810578,165,11,1660,8724.0,1943.0,7577.0,1037.0,POST,831882777,1250.00006748722,probeC,3a,30000.0016196932,True,2019-03-06T09:04:43Z,2019-10-03T00:00:00Z,803390291,functional_connectivity,137.0,M,Sst-IRES-Cre/wt;Ai32(RCL-ChR2(H134R)_EYFP)/wt,832810578,165,11,1660,8724.0,1943.0,7577.0,1037.0,POST,831882777,1250.00006748722,3a,30000.0016196932,True,1
951095493,0.76022109802423,121.60512,0.0442403375948196,155.83,3.99692291305105,0.233500837520938,849775066,22.8640549942002,0.137353433835846,0.017860815207006,77.1113208986174,0.0135518010087242,16.65,0.962666666666667,0.0172998038166578,0.99,-0.128488519355504,0.547710053032656,0.135087681926045,2.59982999308152,60.0,0.961474036850921,0.343383584589614,832810578,176,43,1780,8752.0,1835.0,7621.0,1089.0,HPF,831882777,1250.00006748722,probeC,3a,30000.0016196932,True,2019-03-06T09:04:43Z,2019-10-03T00:00:00Z,803390291,functional_connectivity,137.0,M,Sst-IRES-Cre/wt;Ai32(RCL-ChR2(H134R)_EYFP)/wt,832810578,176,43,1780,8752.0,1835.0,7621.0,1089.0,HPF,831882777,1250.00006748722,3a,30000.0016196932,True,1
951095534,0.251682950888492,155.725245,0.0016519676748323,127.36,4.92241291089847,0.494472361809045,849775070,9.26846950862653,0.192294807370184,0.000887269697428,64.1521248438927,0.004015803117213,28.98,0.998666666666667,0.0009310986964618,0.99,-0.0971986401275016,0.523406068556352,0.1651266036517,2.88893523972661,60.0,1.03015075376885,-0.549413735343384,832810578,178,59,1800,8759.0,1810.0,7632.0,1089.0,HPF,831882777,1250.00006748722,probeC,3a,30000.0016196932,True,2019-03-06T09:04:43Z,2019-10-03T00:00:00Z,803390291,functional_connectivity,137.0,M,Sst-IRES-Cre/wt;Ai32(RCL-ChR2(H134R)_EYFP)/wt,832810578,178,59,1800,8759.0,1810.0,7632.0,1089.0,HPF,831882777,1250.00006748722,3a,30000.0016196932,True,1
951095550,0.344631839828916,110.87739,0.0478187167262769,128.14,3.96162675843754,0.535678391959799,849775076,17.5776059053679,0.219765494137353,0.015664840576106,73.1018049191219,0.0120691407477228,28.78,0.908,0.0134736506417922,0.99,-0.0381667285231031,0.31416161081934,0.133815016380774,2.24817307695149,80.0,0.549413735343383,-0.343383584589615,832810578,181,11,1820,8766.0,1786.0,7643.0,1089.0,HPF,831882777,1250.00006748722,probeC,3a,30000.0016196932,True,2019-03-06T09:04:43Z,2019-10-03T00:00:00Z,803390291,functional_connectivity,137.0,M,Sst-IRES-Cre/wt;Ai32(RCL-ChR2(H134R)_EYFP)/wt,832810578,181,11,1820,8766.0,1786.0,7643.0,1089.0,HPF,831882777,1250.00006748722,3a,30000.0016196932,True,1
951095730,0.582656329534607,251.04963,0.0003631516889416,70.5,6.08392577362377,0.206030150753769,849775084,29.737089549684,0.137353433835846,0.0007326451937245,87.864814782395,0.0032965161407806,34.62,0.998666666666667,0.0002966918854769,0.99,-0.275364537972099,1.11876954921331,0.161554616901437,4.01102981534976,40.0,-0.686767169179227,-0.68676716917923,832810578,185,11,1860,8778.0,1745.0,7661.0,1089.0,HPF,831882777,1250.00006748722,probeC,3a,30000.0016196932,True,2019-03-06T09:04:43Z,2019-10-03T00:00:00Z,803390291,functional_connectivity,137.0,M,Sst-IRES-Cre/wt;Ai32(RCL-ChR2(H134R)_EYFP)/wt,832810578,185,11,1860,8778.0,1745.0,7661.0,1089.0,HPF,831882777,1250.00006748722,3a,30000.0016196932,True,1
951095825,0.223533029022881,180.02244,0.0001196190888481,179.41,5.92880492591456,0.549413735343384,849775106,1.81830991413272,0.233500837520938,0.0115267239242448,68.8171689703657,0.0004084567417796,40.04,0.992784992784993,0.0001364861637151,0.99,-0.12489604494493,0.575826758593668,0.125761884904152,2.28716904564707,50.0,-1.03015075376884,-1.03015075376885,832810578,196,43,1980,8808.0,1637.0,7709.0,1089.0,HPF,831882777,1250.00006748722,probeC,3a,30000.0016196932,True,2019-03-06T09:04:43Z,2019-10-03T00:00:00Z,803390291,functional_connectivity,137.0,M,Sst-IRES-Cre/wt;Ai32(RCL-ChR2(H134R)_EYFP)/wt,832810578,196,43,1980,8808.0,1637.0,7709.0,1089.0,HPF,831882777,1250.00006748722,3a,30000.0016196932,True,1
951095933,0.236528616230061,121.455165,0.0467095747447071,134.45,5.53797421431902,0.741708542713568,849775120,7.38386545682035,0.247236180904523,0.006989951388659,66.5166573551256,0.0045920257201683,32.93,0.991333333333333,0.0004444444444444,0.99,-0.0381252914982616,0.285075367428859,0.114857580324587,1.47547350628648,50.0,0.686767169179229,0.343383584589615,832810578,203,27,2040,8830.0,1562.0,7742.0,1089.0,HPF,831882777,1250.00006748722,probeC,3a,30000.0016196932,True,2019-03-06T09:04:43Z,2019-10-03T00:00:00Z,803390291,functional_connectivity,137.0,M,Sst-IRES-Cre/wt;Ai32(RCL-ChR2(H134R)_EYFP)/wt,832810578,203,27,2040,8830.0,1562.0,7742.0,1089.0,HPF,831882777,1250.00006748722,3a,30000.0016196932,True,1
951095950,0.378148557450492,165.394905,0.0045139945856523,170.84,5.48292710441184,0.769179229480737,849775126,5.6401872866329,0.164824120603015,0.0083859582190366,66.951694128718,0.0014076204497854,28.23,0.993212669683258,0.0001743739973495,0.99,-0.0355398086161201,0.501625849363523,0.147502985248724,2.0619551341495,70.0,1.37353433835846,0.0,832810578,206,59,2080,8839.0,1529.0,7758.0,1089.0,HPF,831882777,1250.00006748722,probeC,3a,30000.0016196932,True,2019-03-06T09:04:43Z,2019-10-03T00:00:00Z,803390291,functional_connectivity,137.0,M,Sst-IRES-Cre/wt;Ai32(RCL-ChR2(H134R)_EYFP)/wt,832810578,206,59,2080,8839.0,1529.0,7758.0,1089.0,HPF,831882777,1250.00006748722,3a,30000.0016196932,True,1
951095989,0.650303691281896,124.831395,0.0020086059784214,121.15,3.00893951432344,0.357118927973199,849775134,19.3818842382139,0.1785594639866,0.0282029482248356,55.2207506593367,0.0573958645567242,36.98,0.918666666666667,0.008744627241737,0.99,-0.0849711881315167,0.472506130024565,0.0953338983245521,1.53298970860537,50.0,1.03015075376884,0.343383584589615,832810578,210,59,2120,8848.0,1495.0,7773.0,1089.0,HPF,831882777,1250.00006748722,probeC,3a,30000.0016196932,True,2019-03-06T09:04:43Z,2019-10-03T00:00:00Z,803390291,functional_connectivity,137.0,M,Sst-IRES-Cre/wt;Ai32(RCL-ChR2(H134R)_EYFP)/wt,832810578,210,59,2120,8848.0,1495.0,7773.0,1089.0,HPF,831882777,1250.00006748722,3a,30000.0016196932,True,1
951096041,0.124279999038017,95.308005,0.0154323343214866,78.73,5.57059695086385,0.370854271356784,849775136,49.0464772845832,0.247236180904523,0.0040873871074132,123.148787895788,0.0044975338219746,34.76,0.996666666666667,0.0055639858371269,0.99,-0.0429973657793525,0.350290132511175,0.121115794665435,1.03181536375034,80.0,0.412060301507538,-0.824120603015075,832810578,211,27,2120,8853.0,1478.0,7781.0,1089.0,HPF,831882777,1250.00006748722,probeC,3a,30000.0016196932,True,2019-03-06T09:04:43Z,2019-10-03T00:00:00Z,803390291,functional_connectivity,137.0,M,Sst-IRES-Cre/wt;Ai32(RCL-ChR2(H134R)_EYFP)/wt,832810578,211,27,2120,8853.0,1478.0,7781.0,1089.0,HPF,831882777,1250.00006748722,3a,30000.0016196932,True,1
951096091,0.21238500362555,80.58141,0.0013934020255477,129.17,6.58323804662934,0.563149078726968,849775146,5.29315984509988,0.233500837520938,0.0516886611466327,96.9655081287622,0.0005695532908975,38.89,0.999333333333333,0.0006029285099052,0.99,-0.0227737479483774,0.268113108467809,0.116080256112199,1.69970450021796,60.0,0.206030150753768,-0.343383584589614,832810578,216,43,2180,8867.0,1427.0,7804.0,385.0,VISp,831882777,1250.00006748722,probeC,3a,30000.0016196932,True,2019-03-06T09:04:43Z,2019-10-03T00:00:00Z,803390291,functional_connectivity,137.0,M,Sst-IRES-Cre/wt;Ai32(RCL-ChR2(H134R)_EYFP)/wt,832810578,216,43,2180,8867.0,1427.0,7804.0,385.0,VISp,831882777,1250.00006748722,3a,30000.0016196932,True,1
951096119,2.23320733000221,58.67784,0.0016999641355108,886.21,3.87094260261266,0.521943048576214,849775160,7.76770037969967,0.164824120603015,0.0107375622725718,76.3122140716423,0.0035476518286135,56.81,0.976,0.0031280076997112,0.99,-0.0053210539755642,0.191180372501701,0.0741571501418121,1.44113784394717,40.0,0.0,-0.686767169179229,832810578,223,27,2240,8885.0,1359.0,7835.0,385.0,VISp,831882777,1250.00006748722,probeC,3a,30000.0016196932,True,2019-03-06T09:04:43Z,2019-10-03T00:00:00Z,803390291,functional_connectivity,137.0,M,Sst-IRES-Cre/wt;Ai32(RCL-ChR2(H134R)_EYFP)/wt,832810578,223,27,2240,8885.0,1359.0,7835.0,385.0,VISp,831882777,1250.00006748722,3a,30000.0016196932,True,1
951096224,0.290773084522418,150.9612,1.17255333942493e-05,110.55,4.85304354675492,0.782914572864322,849775170,2.24403622462166,0.192294807370184,0.0075680148976291,56.2020536614934,0.0045930988267058,33.5,0.976744186046512,0.0003079449804968,0.99,-0.0443553771596033,0.465029845685831,0.190687935593104,2.67840218871779,50.0,-0.343383584589615,-0.686767169179229,832810578,228,43,2300,8896.0,1316.0,7854.0,385.0,VISp,831882777,1250.00006748722,probeC,3a,30000.0016196932,True,2019-03-06T09:04:43Z,2019-10-03T00:00:00Z,803390291,functional_connectivity,137.0,M,Sst-IRES-Cre/wt;Ai32(RCL-ChR2(H134R)_EYFP)/wt,832810578,228,43,2300,8896.0,1316.0,7854.0,385.0,VISp,831882777,1250.00006748722,3a,30000.0016196932,True,1
951096249,0.416253768000604,148.203705,0.0360329671925418,212.92,3.37790647140289,0.65929648241206,849775172,0.990243261966033,1.03015075376884,0.194324660348843,41.837174875547,0.0147555012877647,42.62,0.725146198830409,0.0013487086115044,0.99,-0.102217848025058,0.423024342233666,0.0932743750322988,0.350829167759302,60.0,0.686767169179229,-0.343383584589614,832810578,229,11,2300,8901.0,1298.0,7862.0,385.0,VISp,831882777,1250.00006748722,probeC,3a,30000.0016196932,True,2019-03-06T09:04:43Z,2019-10-03T00:00:00Z,803390291,functional_connectivity,137.0,M,Sst-IRES-Cre/wt;Ai32(RCL-ChR2(H134R)_EYFP)/wt,832810578,229,11,2300,8901.0,1298.0,7862.0,385.0,VISp,831882777,1250.00006748722,3a,30000.0016196932,True,1
951096277,0.654118966544508,119.157675,0.0936820176959038,243.28,3.29399896795935,0.65929648241206,849775174,3.457971362173,0.1785594639866,0.117923577045515,52.6267102203152,0.0101224589372357,24.9,0.93167701863354,0.0026176207205345,0.99,-0.059729667143842,0.324786144692186,0.104019909868555,2.40258516523327,40.0,1.03015075376884,-2.06030150753769,832810578,230,59,2320,8903.0,1290.0,7866.0,385.0,VISp,831882777,1250.00006748722,probeC,3a,30000.0016196932,True,2019-03-06T09:04:43Z,2019-10-03T00:00:00Z,803390291,functional_connectivity,137.0,M,Sst-IRES-Cre/wt;Ai32(RCL-ChR2(H134R)_EYFP)/wt,832810578,230,59,2320,8903.0,1290.0,7866.0,385.0,VISp,831882777,1250.00006748722,3a,30000.0016196932,True,1
951096302,0.0664985547469037,234.797745,0.0042302948566329,171.86,4.40485023002325,0.727973199329983,849775178,1.36980770358419,0.164824120603015,0.0406211759739629,57.2431448504579,0.0024769851954166,49.21,0.930283224400871,0.0005077688636132,0.99,-0.0904331554765812,0.756894451520369,0.205876302667352,1.69444213718435,70.0,1.09882747068677,0.0,832810578,232,43,2340,8907.0,1272.0,7873.0,385.0,VISp,831882777,1250.00006748722,probeC,3a,30000.0016196932,True,2019-03-06T09:04:43Z,2019-10-03T00:00:00Z,803390291,functional_connectivity,137.0,M,Sst-IRES-Cre/wt;Ai32(RCL-ChR2(H134R)_EYFP)/wt,832810578,232,43,2340,8907.0,1272.0,7873.0,385.0,VISp,831882777,1250.00006748722,3a,30000.0016196932,True,1
951096315,0.705379201330959,252.278715,1.7029550298261e-05,62.51,5.52783296757695,0.302177554438861,849775180,13.4864848571632,0.1785594639866,0.0115240957013229,92.4642813483079,0.0017390585925018,29.32,0.995333333333333,0.003441802252816,0.99,-0.236196200668762,1.04023559463946,0.255768486345472,4.93291903695488,60.0,1.23618090452261,0.0,832810578,233,11,2340,8910.0,1264.0,7877.0,385.0,VISp,831882777,1250.00006748722,probeC,3a,30000.0016196932,True,2019-03-06T09:04:43Z,2019-10-03T00:00:00Z,803390291,functional_connectivity,137.0,M,Sst-IRES-Cre/wt;Ai32(RCL-ChR2(H134R)_EYFP)/wt,832810578,233,11,2340,8910.0,1264.0,7877.0,385.0,VISp,831882777,1250.00006748722,3a,30000.0016196932,True,3
951096340,0.813961483806068,56.37177,0.0231811558217905,180.17,3.80999783355077,0.727973199329983,849775180,13.9538991990112,0.219765494137353,0.0610667962464498,96.2454758352627,0.0014904592949057,32.1,0.988,0.0134548611111111,0.99,-0.0559921315310155,0.116291282348731,0.0892028929230407,1.20055258533876,100.0,2.33894884257352,0.137353433835846,832810578,233,11,2340,8910.0,1264.0,7877.0,385.0,VISp,831882777,1250.00006748722,probeC,3a,30000.0016196932,True,2019-03-06T09:04:43Z,2019-10-03T00:00:00Z,803390291,functional_connectivity,137.0,M,Sst-IRES-Cre/wt;Ai32(RCL-ChR2(H134R)_EYFP)/wt,832810578,233,11,2340,8910.0,1264.0,7877.0,385.0,VISp,831882777,1250.00006748722,3a,30000.0016196932,True,3
951096356,0.672313405985285,94.052985,0.0438645416136803,419.17,2.3181680845673,0.727973199329983,849775180,2.98079592029944,0.206030150753769,0.167279154848336,37.374017470683,0.0530015067269336,46.82,0.755102040816326,0.0026578302440371,0.99,-0.0293079611208838,0.133264365531279,0.0504926274154245,1.13927746782658,90.0,1.85427135678392,0.412060301507537,832810578,233,11,2340,8910.0,1264.0,7877.0,385.0,VISp,831882777,1250.00006748722,probeC,3a,30000.0016196932,True,2019-03-06T09:04:43Z,2019-10-03T00:00:00Z,803390291,functional_connectivity,137.0,M,Sst-IRES-Cre/wt;Ai32(RCL-ChR2(H134R)_EYFP)/wt,832810578,233,11,2340,8910.0,1264.0,7877.0,385.0,VISp,831882777,1250.00006748722,3a,30000.0016196932,True,3
951096382,0.873043027193633,194.42748,0.0003233730777042,88.28,7.42546093434679,0.206030150753769,849775188,12.1492141536642,0.123618090452261,0.0025819351504537,109.96887298343,4.43648194555097e-05,31.33,0.998,0.0004180602006688,0.99,-0.207782311526968,0.861732559257927,0.160655267733775,2.61244608767002,80.0,-0.176597272074659,0.0,832810578,237,11,2380,8921.0,1221.0,7897.0,385.0,VISp,831882777,1250.00006748722,probeC,3a,30000.0016196932,True,2019-03-06T09:04:43Z,2019-10-03T00:00:00Z,803390291,functional_connectivity,137.0,M,Sst-IRES-Cre/wt;Ai32(RCL-ChR2(H134R)_EYFP)/wt,832810578,237,11,2380,8921.0,1221.0,7897.0,385.0,VISp,831882777,1250.00006748722,3a,30000.0016196932,True,2
951098473,0.786457801329449,126.555585,0.0070763627032348,413.84,5.81815184054017,0.631825795644891,849775188,1.1208996529329,0.164824120603015,0.212327514289901,59.7268355927386,0.0009963097874025,28.95,0.954022988505747,0.0003362587847607,0.99,-0.0392092391462214,0.359374247765009,0.113058577003887,1.6593425377368,100.0,1.22636994496291,0.0,832810578,237,11,2380,8921.0,1221.0,7897.0,385.0,VISp,831882777,1250.00006748722,probeC,3a,30000.0016196932,True,2019-03-06T09:04:43Z,2019-10-03T00:00:00Z,803390291,functional_connectivity,137.0,M,Sst-IRES-Cre/wt;Ai32(RCL-ChR2(H134R)_EYFP)/wt,832810578,237,11,2380,8921.0,1221.0,7897.0,385.0,VISp,831882777,1250.00006748722,3a,30000.0016196932,True,2
951096395,0.0760818262188693,108.01596,0.0272140741062218,431.94,3.83628007064259,0.686767169179229,849775196,0.604679810957183,0.274706867671692,0.104229527170806,37.2009286328639,0.0103956359031571,31.19,0.539007092198582,0.0015405740312803,0.99,-0.0159027679790495,0.200992010965171,-0.275802693872382,1.19466069554684,80.0,1.30485762144054,0.824120603015075,832810578,241,11,2420,8930.0,1186.0,7912.0,385.0,VISp,831882777,1250.00006748722,probeC,3a,30000.0016196932,True,2019-03-06T09:04:43Z,2019-10-03T00:00:00Z,803390291,functional_connectivity,137.0,M,Sst-IRES-Cre/wt;Ai32(RCL-ChR2(H134R)_EYFP)/wt,832810578,241,11,2420,8930.0,1186.0,7912.0,385.0,VISp,831882777,1250.00006748722,3a,30000.0016196932,True,1
951096493,0.457487378684249,206.61576,9.34938115652746e-05,73.02,5.44446290862699,0.288442211055276,849775198,33.4254635437098,0.1785594639866,0.0095509123322998,129.226336838167,0.0007706549151747,28.11,0.998,0.0033222591362126,0.99,-0.221375133041353,0.892560373722539,0.212778576322726,3.06187337263983,70.0,0.343383584589615,-0.274706867671692,832810578,242,59,2440,8932.0,1177.0,7916.0,385.0,VISp,831882777,1250.00006748722,probeC,3a,30000.0016196932,True,2019-03-06T09:04:43Z,2019-10-03T00:00:00Z,803390291,functional_connectivity,137.0,M,Sst-IRES-Cre/wt;Ai32(RCL-ChR2(H134R)_EYFP)/wt,832810578,242,59,2440,8932.0,1177.0,7916.0,385.0,VISp,831882777,1250.00006748722,3a,30000.0016196932,True,3
951096503,0.183354151839965,142.83321,0.0124875793694708,326.06,4.81685836450871,0.618090452261306,849775198,6.24486709759009,0.260971524288107,0.214989864152883,68.1978641321564,0.0030438038206308,35.56,0.966042966042966,0.0043772104912981,0.99,-0.0338292896885636,0.336482520483601,0.189810585534267,1.4596935741518,70.0,1.71691792294807,0.755443886097153,832810578,242,59,2440,8932.0,1177.0,7916.0,385.0,VISp,831882777,1250.00006748722,probeC,3a,30000.0016196932,True,2019-03-06T09:04:43Z,2019-10-03T00:00:00Z,803390291,functional_connectivity,137.0,M,Sst-IRES-Cre/wt;Ai32(RCL-ChR2(H134R)_EYFP)/wt,832810578,242,59,2440,8932.0,1177.0,7916.0,385.0,VISp,831882777,1250.00006748722,3a,30000.0016196932,True,3
951096517,0.320556471352023,167.37591,0.0631031713182717,250.83,3.31714427546548,0.618090452261307,849775198,3.38903359324262,0.206030150753769,0.447944002188019,44.2403695423372,0.0219913945808762,44.65,0.836653386454183,0.0024617909529182,0.99,-0.0865808230999865,0.470155821869756,0.153030795323515,2.15325491697158,70.0,1.37353433835846,0.274706867671692,832810578,242,59,2440,8932.0,1177.0,7916.0,385.0,VISp,831882777,1250.00006748722,probeC,3a,30000.0016196932,True,2019-03-06T09:04:43Z,2019-10-03T00:00:00Z,803390291,functional_connectivity,137.0,M,Sst-IRES-Cre/wt;Ai32(RCL-ChR2(H134R)_EYFP)/wt,832810578,242,59,2440,8932.0,1177.0,7916.0,385.0,VISp,831882777,1250.00006748722,3a,30000.0016196932,True,3
951096607,0.651419069473093,403.52676,8.48490545087955e-05,103.19,7.19984659191941,0.549413735343384,849775206,18.1343953193248,0.164824120603015,0.0003476616619095,117.807312315724,0.000235400902638,37.16,0.992666666666667,0.0001547508511296,0.99,-0.244233590786726,1.04807182550093,0.272661129452108,3.28999652554395,50.0,0.68676716917923,0.686767169179229,832810578,246,59,2480,8943.0,1134.0,7935.0,385.0,VISp,831882777,1250.00006748722,probeC,3a,30000.0016196932,True,2019-03-06T09:04:43Z,2019-10-03T00:00:00Z,803390291,functional_connectivity,137.0,M,Sst-IRES-Cre/wt;Ai32(RCL-ChR2(H134R)_EYFP)/wt,832810578,246,59,2480,8943.0,1134.0,7935.0,385.0,VISp,831882777,1250.00006748722,3a,30000.0016196932,True,2
951096617,0.333413676285336,197.48196,0.0439548104037194,377.2,3.91062347316236,0.700502512562814,849775206,7.80562632042391,0.164824120603015,0.0068804822245837,66.4356968876888,0.0026386799975834,46.49,0.977578475336323,0.0003488940060009,0.99,-0.0719559057297501,0.602048994669243,0.180719899237285,2.50201270376484,50.0,1.16750418760469,0.68676716917923,832810578,246,59,2480,8943.0,1134.0,7935.0,385.0,VISp,831882777,1250.00006748722,probeC,3a,30000.0016196932,True,2019-03-06T09:04:43Z,2019-10-03T00:00:00Z,803390291,functional_connectivity,137.0,M,Sst-IRES-Cre/wt;Ai32(RCL-ChR2(H134R)_EYFP)/wt,832810578,246,59,2480,8943.0,1134.0,7935.0,385.0,VISp,831882777,1250.00006748722,3a,30000.0016196932,True,2
951096626,0.51594259749645,374.917725,0.0009084675232642,137.1,5.44177312195026,0.631825795644891,849775210,6.54674945150498,0.1785594639866,0.0,114.465109891508,1.34688884608953e-05,22.63,0.997785160575858,0.0002405746296869,0.99,-0.192787212829248,0.973567019529736,0.319436165024854,4.74529926875225,90.0,1.3490069394592,0.0,832810578,248,43,2500,8947.0,1116.0,7943.0,385.0,VISp,831882777,1250.00006748722,probeC,3a,30000.0016196932,True,2019-03-06T09:04:43Z,2019-10-03T00:00:00Z,803390291,functional_connectivity,137.0,M,Sst-IRES-Cre/wt;Ai32(RCL-ChR2(H134R)_EYFP)/wt,832810578,248,43,2500,8947.0,1116.0,7943.0,385.0,VISp,831882777,1250.00006748722,3a,30000.0016196932,True,1
951096637,0.457833365395131,290.125875,0.0002352225031581,111.79,5.358237257886,0.590619765494137,849775212,8.29144440294508,0.219765494137353,0.007760851161966,61.8213809243444,0.0066983869974478,34.88,0.984478935698448,0.000942507068803,0.99,-0.164045999467762,0.751841696066333,0.199469671304284,3.9825993137168,100.0,1.57956448911223,0.137353433835846,832810578,249,11,2500,8949.0,1108.0,7947.0,385.0,VISp,831882777,1250.00006748722,probeC,3a,30000.0016196932,True,2019-03-06T09:04:43Z,2019-10-03T00:00:00Z,803390291,functional_connectivity,137.0,M,Sst-IRES-Cre/wt;Ai32(RCL-ChR2(H134R)_EYFP)/wt,832810578,249,11,2500,8949.0,1108.0,7947.0,385.0,VISp,831882777,1250.00006748722,3a,30000.0016196932,True,2
951096659,0.397344129926986,176.975565,0.0325540241365164,123.4,2.87110353144351,0.618090452261307,849775212,10.8724419346984,0.247236180904523,0.111870862335164,62.73949531777,0.0154910265830004,29.35,0.761333333333333,0.0213685978169605,0.99,-0.0853103261858669,0.439073800629023,0.125872766538631,2.68935713747938,110.0,1.20184254606365,-0.412060301507538,832810578,249,11,2500,8949.0,1108.0,7947.0,385.0,VISp,831882777,1250.00006748722,probeC,3a,30000.0016196932,True,2019-03-06T09:04:43Z,2019-10-03T00:00:00Z,803390291,functional_connectivity,137.0,M,Sst-IRES-Cre/wt;Ai32(RCL-ChR2(H134R)_EYFP)/wt,832810578,249,11,2500,8949.0,1108.0,7947.0,385.0,VISp,831882777,1250.00006748722,3a,30000.0016196932,True,2
951096709,0.373505396625787,269.99895,0.0002852141848834,187.44,4.46419915853714,0.576884422110553,849775214,11.8328935059615,0.206030150753769,0.0008165467370505,98.9595040094197,0.0005544375841759,40.38,0.992,0.0017332739067993,0.99,-0.13145685018791,0.748021833578539,0.199307505011452,2.92113326090519,100.0,0.907513759272553,0.068676716917923,832810578,250,59,2520,8952.0,1099.0,7950.0,385.0,VISp,831882777,1250.00006748722,probeC,3a,30000.0016196932,True,2019-03-06T09:04:43Z,2019-10-03T00:00:00Z,803390291,functional_connectivity,137.0,M,Sst-IRES-Cre/wt;Ai32(RCL-ChR2(H134R)_EYFP)/wt,832810578,250,59,2520,8952.0,1099.0,7950.0,385.0,VISp,831882777,1250.00006748722,3a,30000.0016196932,True,2
951096804,0.383460601559141,203.744385,0.0032745631116569,245.34,3.83173394944444,0.618090452261306,849775214,6.31736360090478,0.192294807370184,0.0105041917850988,60.0787653901686,0.0045459492306458,44.53,0.961050724637681,0.0026647286821705,0.99,-0.0959246973703283,0.524156645508034,0.147268577965332,2.16659841859996,70.0,1.23618090452261,0.343383584589615,832810578,250,59,2520,8952.0,1099.0,7950.0,385.0,VISp,831882777,1250.00006748722,probeC,3a,30000.0016196932,True,2019-03-06T09:04:43Z,2019-10-03T00:00:00Z,803390291,functional_connectivity,137.0,M,Sst-IRES-Cre/wt;Ai32(RCL-ChR2(H134R)_EYFP)/wt,832810578,250,59,2520,8952.0,1099.0,7950.0,385.0,VISp,831882777,1250.00006748722,3a,30000.0016196932,True,2
951096762,0.228232033248556,181.24626,0.0074377467788543,162.89,3.17035449777794,0.549413735343384,849775220,7.79688200165103,0.192294807370184,0.0294644025646535,52.5142318519239,0.0175649666966033,38.34,0.875333333333333,0.0033495407887628,0.99,-0.059197306746425,0.537692206860944,0.0613478660278511,2.21251168019,70.0,0.68676716917923,0.412060301507537,832810578,253,11,2540,8960.0,1064.0,7966.0,385.0,VISp,831882777,1250.00006748722,probeC,3a,30000.0016196932,True,2019-03-06T09:04:43Z,2019-10-03T00:00:00Z,803390291,functional_connectivity,137.0,M,Sst-IRES-Cre/wt;Ai32(RCL-ChR2(H134R)_EYFP)/wt,832810578,253,11,2540,8960.0,1064.0,7966.0,385.0,VISp,831882777,1250.00006748722,3a,30000.0016196932,True,3
951096791,0.351992534966054,190.779615,0.0949530305695491,207.6,3.54598323433111,0.563149078726968,849775220,4.21730360165984,0.247236180904523,0.0792818353486235,50.8446402576131,0.0103670306581097,29.55,0.851985559566787,0.003771126881278,0.99,-0.0822165869507174,0.516435508950509,0.0664338639377364,2.50827191144703,80.0,0.206030150753769,0.618090452261306,832810578,253,11,2540,8960.0,1064.0,7966.0,385.0,VISp,831882777,1250.00006748722,probeC,3a,30000.0016196932,True,2019-03-06T09:04:43Z,2019-10-03T00:00:00Z,803390291,functional_connectivity,137.0,M,Sst-IRES-Cre/wt;Ai32(RCL-ChR2(H134R)_EYFP)/wt,832810578,253,11,2540,8960.0,1064.0,7966.0,385.0,VISp,831882777,1250.00006748722,3a,30000.0016196932,True,3
951096872,0.478012743688681,479.529180000001,2.01359025582022e-05,195.6,7.71512669632731,0.50820770519263,849775220,16.296969917642,0.206030150753769,0.0,162.605067941838,6.82757011625932e-05,59.57,0.999333333333333,0.0003205898853891,0.99,-0.282211004022587,1.3313010699762,0.145140107034502,5.46389776707679,120.0,1.30812794129377,0.343383584589615,832810578,253,11,2540,8960.0,1064.0,7966.0,385.0,VISp,831882777,1250.00006748722,probeC,3a,30000.0016196932,True,2019-03-06T09:04:43Z,2019-10-03T00:00:00Z,803390291,functional_connectivity,137.0,M,Sst-IRES-Cre/wt;Ai32(RCL-ChR2(H134R)_EYFP)/wt,832810578,253,11,2540,8960.0,1064.0,7966.0,385.0,VISp,831882777,1250.00006748722,3a,30000.0016196932,True,3
951096820,0.532142141374192,329.06367,0.0006342423544267,127.21,4.62289919638447,0.618090452261307,849775222,5.2469979762291,0.192294807370184,0.0235325414802782,59.5336696995019,0.0051830952966047,38.19,0.971104231166151,0.0006889187420343,0.99,-0.166548018392976,0.888735922700744,0.240357656050487,3.83890841128702,90.0,0.824120603015076,0.137353433835846,832810578,254,59,2560,8963.0,1055.0,7969.0,385.0,VISp,831882777,1250.00006748722,probeC,3a,30000.0016196932,True,2019-03-06T09:04:43Z,2019-10-03T00:00:00Z,803390291,functional_connectivity,137.0,M,Sst-IRES-Cre/wt;Ai32(RCL-ChR2(H134R)_EYFP)/wt,832810578,254,59,2560,8963.0,1055.0,7969.0,385.0,VISp,831882777,1250.00006748722,3a,30000.0016196932,True,3
951096836,0.679472798480083,168.38718,0.0973607964531025,174.01,3.44401269666782,0.563149078726968,849775222,10.0035006761748,0.219765494137353,0.06398040353896,78.6660564292506,0.0031834494140041,14.75,0.933333333333333,0.0149443421859935,0.99,-0.0976004713297299,0.407638183100499,0.134421144828201,2.12300670060417,90.0,0.618090452261307,-0.068676716917923,832810578,254,59,2560,8963.0,1055.0,7969.0,385.0,VISp,831882777,1250.00006748722,probeC,3a,30000.0016196932,True,2019-03-06T09:04:43Z,2019-10-03T00:00:00Z,803390291,functional_connectivity,137.0,M,Sst-IRES-Cre/wt;Ai32(RCL-ChR2(H134R)_EYFP)/wt,832810578,254,59,2560,8963.0,1055.0,7969.0,385.0,VISp,831882777,1250.00006748722,3a,30000.0016196932,True,3
951098549,0.416002019077642,243.081345,0.0012197755962078,124.4,4.51984181045642,0.727973199329983,849775222,1.56452131346867,0.164824120603015,0.0311392919090928,43.4453949686925,0.0081844236803401,13.29,0.784722222222222,0.0006731287022078,0.97,-0.100773420858682,0.761127001405747,0.0578233280300506,3.01625039609061,70.0,0.618090452261307,0.343383584589615,832810578,254,59,2560,8963.0,1055.0,7969.0,385.0,VISp,831882777,1250.00006748722,probeC,3a,30000.0016196932,True,2019-03-06T09:04:43Z,2019-10-03T00:00:00Z,803390291,functional_connectivity,137.0,M,Sst-IRES-Cre/wt;Ai32(RCL-ChR2(H134R)_EYFP)/wt,832810578,254,59,2560,8963.0,1055.0,7969.0,385.0,VISp,831882777,1250.00006748722,3a,30000.0016196932,True,3
951096890,0.141095933451661,205.449465,0.0004386112780861,155.78,4.03620575959059,0.673031825795645,849775224,3.28898231798083,0.219765494137353,0.02113829127396,58.6393065998914,0.0022765791803448,36.45,0.948275862068966,0.0011534025374855,0.99,-0.0490785184315211,0.60844369513333,0.0797954682301557,2.0792896095042,70.0,0.892797319932998,0.0,832810578,255,27,2560,8965.0,1047.0,7973.0,385.0,VISp,831882777,1250.00006748722,probeC,3a,30000.0016196932,True,2019-03-06T09:04:43Z,2019-10-03T00:00:00Z,803390291,functional_connectivity,137.0,M,Sst-IRES-Cre/wt;Ai32(RCL-ChR2(H134R)_EYFP)/wt,832810578,255,27,2560,8965.0,1047.0,7973.0,385.0,VISp,831882777,1250.00006748722,3a,30000.0016196932,True,1
951096916,0.216988084895245,138.571095,0.0219089462086717,233.65,3.57069836521567,0.590619765494137,849775226,2.11622682116224,0.206030150753769,0.0765878337016503,51.8243795549498,0.0040274156141263,32.84,0.853658536585366,0.0029023657655833,0.99,-0.0414285397545267,0.423727213778008,0.118113270406994,1.65834087404756,70.0,0.892797319932998,0.412060301507538,832810578,256,43,2580,8967.0,1038.0,7977.0,385.0,VISp,831882777,1250.00006748722,probeC,3a,30000.0016196932,True,2019-03-06T09:04:43Z,2019-10-03T00:00:00Z,803390291,functional_connectivity,137.0,M,Sst-IRES-Cre/wt;Ai32(RCL-ChR2(H134R)_EYFP)/wt,832810578,256,43,2580,8967.0,1038.0,7977.0,385.0,VISp,831882777,1250.00006748722,3a,30000.0016196932,True,4
951096931,0.129531648339169,112.0587,0.0797892780372692,453.03,3.4943382881917,0.727973199329983,849775226,0.942251186840459,0.315912897822446,0.085849607562954,47.6809621640155,0.003203315003438,32.23,0.642424242424242,0.0023797553209317,0.99,-0.0492732455610025,0.260134589495898,0.0503486687258412,1.28620944046799,100.0,0.843742522134482,-0.068676716917923,832810578,256,43,2580,8967.0,1038.0,7977.0,385.0,VISp,831882777,1250.00006748722,probeC,3a,30000.0016196932,True,2019-03-06T09:04:43Z,2019-10-03T00:00:00Z,803390291,functional_connectivity,137.0,M,Sst-IRES-Cre/wt;Ai32(RCL-ChR2(H134R)_EYFP)/wt,832810578,256,43,2580,8967.0,1038.0,7977.0,385.0,VISp,831882777,1250.00006748722,3a,30000.0016196932,True,4
951097062,0.300281091858218,235.912755,1.87130321795556e-05,149.98,4.36493006258931,0.727973199329983,849775226,1.40610679430417,0.192294807370184,0.0192754751032503,50.6627526472525,0.0031922443799504,35.85,0.952941176470588,0.0001680954782316,0.99,-0.0870710577731801,0.64580982318282,0.0542574497531918,2.57352397135329,70.0,0.480737018425461,0.686767169179229,832810578,256,43,2580,8967.0,1038.0,7977.0,385.0,VISp,831882777,1250.00006748722,probeC,3a,30000.0016196932,True,2019-03-06T09:04:43Z,2019-10-03T00:00:00Z,803390291,functional_connectivity,137.0,M,Sst-IRES-Cre/wt;Ai32(RCL-ChR2(H134R)_EYFP)/wt,832810578,256,43,2580,8967.0,1038.0,7977.0,385.0,VISp,831882777,1250.00006748722,3a,30000.0016196932,True,4
951098562,0.204867615255192,165.297795,0.0087418711982009,256.95,4.27494098832365,0.618090452261307,849775226,1.50971680395027,0.219765494137353,0.234087790556295,50.0783808403236,0.0043696018495219,28.6,0.632575757575758,0.0016142050040355,0.99,-0.0646838503571994,0.473746337280378,0.0585785282304966,1.84727273674702,80.0,0.902608279492702,0.0,832810578,256,43,2580,8967.0,1038.0,7977.0,385.0,VISp,831882777,1250.00006748722,probeC,3a,30000.0016196932,True,2019-03-06T09:04:43Z,2019-10-03T00:00:00Z,803390291,functional_connectivity,137.0,M,Sst-IRES-Cre/wt;Ai32(RCL-ChR2(H134R)_EYFP)/wt,832810578,256,43,2580,8967.0,1038.0,7977.0,385.0,VISp,831882777,1250.00006748722,3a,30000.0016196932,True,4
951097074,0.20875581431194,180.87186,0.0291468122319468,120.34,3.39647007790061,0.604355108877722,849775230,4.22675966730958,0.233500837520938,0.262380591661837,56.9004673875171,0.00546536032707,23.06,0.891472868217054,0.0055087935399986,0.99,-0.0836247720772608,0.506864774814257,0.0648829794832301,2.10709093037797,60.0,0.343383584589615,0.0686767169179227,832810578,258,59,2600,8974.0,1012.0,7988.0,385.0,VISp,831882777,1250.00006748722,probeC,3a,30000.0016196932,True,2019-03-06T09:04:43Z,2019-10-03T00:00:00Z,803390291,functional_connectivity,137.0,M,Sst-IRES-Cre/wt;Ai32(RCL-ChR2(H134R)_EYFP)/wt,832810578,258,59,2600,8974.0,1012.0,7988.0,385.0,VISp,831882777,1250.00006748722,3a,30000.0016196932,True,1
951097088,0.283128128795633,406.635645,0.0006362249268195,62.18,5.34118823354349,0.618090452261307,849775234,2.83021061678042,0.137353433835846,0.0380622257122032,81.6696285577893,0.000530167092539,19.25,0.990253411306043,0.0001017397497202,0.99,-0.176624426469639,1.30721968736703,0.171629703399317,4.34923221043766,40.0,1.37353433835846,0.686767169179229,832810578,260,43,2620,8978.0,995.0,7996.0,385.0,VISp,831882777,1250.00006748722,probeC,3a,30000.0016196932,True,2019-03-06T09:04:43Z,2019-10-03T00:00:00Z,803390291,functional_connectivity,137.0,M,Sst-IRES-Cre/wt;Ai32(RCL-ChR2(H134R)_EYFP)/wt,832810578,260,43,2620,8978.0,995.0,7996.0,385.0,VISp,831882777,1250.00006748722,3a,30000.0016196932,True,3
951097100,0.261006783474421,139.74558,0.0740306308438655,160.61,3.11310577258485,0.604355108877722,849775234,4.09315461070999,0.206030150753769,0.420820738497216,47.0253512510884,0.0147625024569751,22.21,0.852,0.0038974358974359,0.99,-0.053116648600431,0.399725137956328,0.0793854168834005,1.74187619507997,80.0,1.30485762144054,0.068676716917923,832810578,260,43,2620,8978.0,995.0,7996.0,385.0,VISp,831882777,1250.00006748722,probeC,3a,30000.0016196932,True,2019-03-06T09:04:43Z,2019-10-03T00:00:00Z,803390291,functional_connectivity,137.0,M,Sst-IRES-Cre/wt;Ai32(RCL-ChR2(H134R)_EYFP)/wt,832810578,260,43,2620,8978.0,995.0,7996.0,385.0,VISp,831882777,1250.00006748722,3a,30000.0016196932,True,3
951097110,0.726936204111233,148.441995,0.0193354897638566,278.55,4.73271655345963,0.302177554438861,849775234,2.86274761686556,0.192294807370184,0.06510339204414,61.5945142580016,0.0012836709384159,34.6,0.973025048169557,0.0010176045588684,0.99,-0.131544020155047,0.626650876892414,0.08853782833728,1.95819547996053,140.0,0.69821328866555,-1.09882747068677,832810578,260,43,2620,8978.0,995.0,7996.0,385.0,VISp,831882777,1250.00006748722,probeC,3a,30000.0016196932,True,2019-03-06T09:04:43Z,2019-10-03T00:00:00Z,803390291,functional_connectivity,137.0,M,Sst-IRES-Cre/wt;Ai32(RCL-ChR2(H134R)_EYFP)/wt,832810578,260,43,2620,8978.0,995.0,7996.0,385.0,VISp,831882777,1250.00006748722,3a,30000.0016196932,True,3
951097184,0.15209206947565,194.26017,0.0054361934197826,169.42,3.13517855604756,0.576884422110553,849775236,13.3696566912325,0.164824120603015,0.133893914163863,67.6749877054499,0.0127897086518518,17.64,0.892666666666667,0.0225354030501089,0.99,-0.0729006960312019,0.701315104429491,0.136396682880399,2.26329143162039,30.0,3.43383584589615,0.686767169179227,832810578,261,11,2620,8980.0,986.0,7999.0,385.0,VISp,831882777,1250.00006748722,probeC,3a,30000.0016196932,True,2019-03-06T09:04:43Z,2019-10-03T00:00:00Z,803390291,functional_connectivity,137.0,M,Sst-IRES-Cre/wt;Ai32(RCL-ChR2(H134R)_EYFP)/wt,832810578,261,11,2620,8980.0,986.0,7999.0,385.0,VISp,831882777,1250.00006748722,3a,30000.0016196932,True,1
951097210,0.242213025672587,157.865955,0.0253350587762795,137.53,4.39055355878467,0.590619765494137,849775238,4.35060362388363,0.206030150753769,0.396651313266664,68.2820003331395,0.0026048045029316,6.29,0.902161547212742,0.0061124274578482,0.99,-0.0830118001201405,0.472204684268792,0.119734244624422,2.38786593463036,30.0,,0.343383584589614,832810578,262,59,2640,8983.0,977.0,8003.0,385.0,VISp,831882777,1250.00006748722,probeC,3a,30000.0016196932,True,2019-03-06T09:04:43Z,2019-10-03T00:00:00Z,803390291,functional_connectivity,137.0,M,Sst-IRES-Cre/wt;Ai32(RCL-ChR2(H134R)_EYFP)/wt,832810578,262,59,2640,8983.0,977.0,8003.0,385.0,VISp,831882777,1250.00006748722,3a,30000.0016196932,True,2
951098575,0.258554713403168,254.97147,0.0032349057779463,94.0,5.32822017982472,0.631825795644891,849775238,2.07464046792843,0.164824120603015,0.345319117165922,44.3986929634862,0.0101480952874523,4.89,0.750599520383693,0.0018929790758205,0.99,-0.116915398974035,0.786912466523687,0.0767502091697161,3.61304069767905,30.0,,0.686767169179229,832810578,262,59,2640,8983.0,977.0,8003.0,385.0,VISp,831882777,1250.00006748722,probeC,3a,30000.0016196932,True,2019-03-06T09:04:43Z,2019-10-03T00:00:00Z,803390291,functional_connectivity,137.0,M,Sst-IRES-Cre/wt;Ai32(RCL-ChR2(H134R)_EYFP)/wt,832810578,262,59,2640,8983.0,977.0,8003.0,385.0,VISp,831882777,1250.00006748722,3a,30000.0016196932,True,2
951097292,0.253067019402215,211.449615,6.80004524939839e-06,136.65,4.72426591584253,0.604355108877722,849775246,3.86946273512469,0.206030150753769,0.0178171570376141,59.462378556754,0.0045036457746266,41.7,0.953571428571429,0.0008230452674897,0.99,-0.107832336437217,0.596534490536418,0.124153464982429,2.09906167442704,90.0,1.37353433835846,-0.0392438382388129,832810578,266,59,2680,8994.0,934.0,8021.0,385.0,VISp,831882777,1250.00006748722,probeC,3a,30000.0016196932,True,2019-03-06T09:04:43Z,2019-10-03T00:00:00Z,803390291,functional_connectivity,137.0,M,Sst-IRES-Cre/wt;Ai32(RCL-ChR2(H134R)_EYFP)/wt,832810578,266,59,2680,8994.0,934.0,8021.0,385.0,VISp,831882777,1250.00006748722,3a,30000.0016196932,True,3
951097304,0.239080171622645,287.97405,0.0022019485381589,89.42,4.05958682165095,0.618090452261307,849775246,3.06122331738488,0.137353433835846,0.0528682617839449,61.1195877053066,0.003354281016648,11.89,0.966966966966967,0.0010227040294538,0.99,-0.152721635875599,0.860668671099106,0.19105537936746,3.20398251246853,30.0,1.03015075376885,,832810578,266,59,2680,8994.0,934.0,8021.0,385.0,VISp,831882777,1250.00006748722,probeC,3a,30000.0016196932,True,2019-03-06T09:04:43Z,2019-10-03T00:00:00Z,803390291,functional_connectivity,137.0,M,Sst-IRES-Cre/wt;Ai32(RCL-ChR2(H134R)_EYFP)/wt,832810578,266,59,2680,8994.0,934.0,8021.0,385.0,VISp,831882777,1250.00006748722,3a,30000.0016196932,True,3
951097330,0.322258528510157,272.830155,0.0008632602263418,131.19,4.15594141811961,0.576884422110553,849775246,2.17631859319447,0.1785594639866,0.0643704799126405,58.7216789541511,0.0024617225552322,20.1,0.938428874734607,0.0008804903654035,0.99,-0.12899197602767,0.804212930283982,0.0934773181941793,3.17975949060795,70.0,1.23618090452261,-0.068676716917923,832810578,266,59,2680,8994.0,934.0,8021.0,385.0,VISp,831882777,1250.00006748722,probeC,3a,30000.0016196932,True,2019-03-06T09:04:43Z,2019-10-03T00:00:00Z,803390291,functional_connectivity,137.0,M,Sst-IRES-Cre/wt;Ai32(RCL-ChR2(H134R)_EYFP)/wt,832810578,266,59,2680,8994.0,934.0,8021.0,385.0,VISp,831882777,1250.00006748722,3a,30000.0016196932,True,3
951097343,0.486083196138346,321.93564,0.0022964317719317,176.69,5.41084564185925,0.563149078726968,849775248,1.05399544650784,0.137353433835846,0.102916614245739,58.1150358374788,0.0009257456397673,28.73,0.936073059360731,0.000402941472751,0.99,-0.195287257610551,0.942767795264352,0.173677161006245,3.93119622097033,70.0,0.892797319932998,0.274706867671692,832810578,267,27,2680,8996.0,925.0,8025.0,385.0,VISp,831882777,1250.00006748722,probeC,3a,30000.0016196932,True,2019-03-06T09:04:43Z,2019-10-03T00:00:00Z,803390291,functional_connectivity,137.0,M,Sst-IRES-Cre/wt;Ai32(RCL-ChR2(H134R)_EYFP)/wt,832810578,267,27,2680,8996.0,925.0,8025.0,385.0,VISp,831882777,1250.00006748722,3a,30000.0016196932,True,3
951097357,0.71848951510801,142.260105,0.0468984872004922,323.87,3.79337671237941,0.370854271356784,849775248,3.06335855801547,0.233500837520938,0.101528050694818,55.6638706337131,0.0039999306055403,27.82,0.897798742138365,0.0019752077373654,0.99,-0.117587398648197,0.522267636541349,0.0973296161331694,2.06619902955903,100.0,0.711294568078488,-0.068676716917923,832810578,267,27,2680,8996.0,925.0,8025.0,385.0,VISp,831882777,1250.00006748722,probeC,3a,30000.0016196932,True,2019-03-06T09:04:43Z,2019-10-03T00:00:00Z,803390291,functional_connectivity,137.0,M,Sst-IRES-Cre/wt;Ai32(RCL-ChR2(H134R)_EYFP)/wt,832810578,267,27,2680,8996.0,925.0,8025.0,385.0,VISp,831882777,1250.00006748722,3a,30000.0016196932,True,3
951098600,0.414288560803365,281.0418,0.0096625390544855,65.79,4.56822596543166,0.549413735343384,849775248,0.264058091315925,0.164824120603015,0.0,45.4733741614625,0.0018312215669993,22.36,0.462962962962963,0.0004675081813931,0.99,-0.167527139735254,0.87018173493199,0.0690541722920602,3.48209405143241,100.0,0.68676716917923,0.255084948552285,832810578,267,27,2680,8996.0,925.0,8025.0,385.0,VISp,831882777,1250.00006748722,probeC,3a,30000.0016196932,True,2019-03-06T09:04:43Z,2019-10-03T00:00:00Z,803390291,functional_connectivity,137.0,M,Sst-IRES-Cre/wt;Ai32(RCL-ChR2(H134R)_EYFP)/wt,832810578,267,27,2680,8996.0,925.0,8025.0,385.0,VISp,831882777,1250.00006748722,3a,30000.0016196932,True,3
951097419,0.828579274869857,374.816325,0.0010088788718442,131.39,4.60493224795356,0.576884422110553,849775252,1.5051412883133,0.109882747068677,0.0168223694384712,47.6206746067081,0.0065633295731374,38.08,0.830769230769231,0.0015873015873015,0.99,-0.222655833503302,1.11423892595303,0.19666676873352,1.62591433173737,50.0,0.68676716917923,0.686767169179229,832810578,269,11,2700,9000.0,908.0,8032.0,385.0,VISp,831882777,1250.00006748722,probeC,3a,30000.0016196932,True,2019-03-06T09:04:43Z,2019-10-03T00:00:00Z,803390291,functional_connectivity,137.0,M,Sst-IRES-Cre/wt;Ai32(RCL-ChR2(H134R)_EYFP)/wt,832810578,269,11,2700,9000.0,908.0,8032.0,385.0,VISp,831882777,1250.00006748722,3a,30000.0016196932,True,3
951097652,2.85382178032236,87.327825,0.0102984488133179,169.83,3.36361816734762,1.41474036850921,849775252,6.94644616192581,,0.0402797283351713,56.2644966727331,0.0121430586252389,35.43,0.940620782726046,0.0065221965074689,0.99,,0.0231363374734325,0.0002015927141689,0.405456904480992,70.0,1.37353433835846,2.06030150753769,832810578,269,11,2700,9000.0,908.0,8032.0,385.0,VISp,831882777,1250.00006748722,probeC,3a,30000.0016196932,True,2019-03-06T09:04:43Z,2019-10-03T00:00:00Z,803390291,functional_connectivity,137.0,M,Sst-IRES-Cre/wt;Ai32(RCL-ChR2(H134R)_EYFP)/wt,832810578,269,11,2700,9000.0,908.0,8032.0,385.0,VISp,831882777,1250.00006748722,3a,30000.0016196932,True,3
951098617,1.14073788417121,261.940575,0.0005839449346233,132.82,3.50849207534645,0.934003350083752,849775252,1.97753785829935,0.741708542713568,0.0779618397300711,46.5801075854378,0.0096130031796775,39.87,0.834307992202729,0.0029165394919795,0.99,-0.0083154441718687,0.161858009896275,0.0780913322900881,1.22673332304215,50.0,0.68676716917923,0.343383584589614,832810578,269,11,2700,9000.0,908.0,8032.0,385.0,VISp,831882777,1250.00006748722,probeC,3a,30000.0016196932,True,2019-03-06T09:04:43Z,2019-10-03T00:00:00Z,803390291,functional_connectivity,137.0,M,Sst-IRES-Cre/wt;Ai32(RCL-ChR2(H134R)_EYFP)/wt,832810578,269,11,2700,9000.0,908.0,8032.0,385.0,VISp,831882777,1250.00006748722,3a,30000.0016196932,True,3
951097461,0.331554435892377,376.81371,0.0007260777514433,181.39,5.43618206356242,0.618090452261307,849775254,1.45806431631512,0.1785594639866,0.2509668603809,53.8603740932066,0.0034339260110354,34.34,0.978102189781022,0.0003717597755922,0.99,-0.172106792599755,1.1698600670053,0.289793513143737,4.34615764562982,60.0,1.30485762144054,0.343383584589614,832810578,270,59,2720,9003.0,900.0,8036.0,385.0,VISp,831882777,1250.00006748722,probeC,3a,30000.0016196932,True,2019-03-06T09:04:43Z,2019-10-03T00:00:00Z,803390291,functional_connectivity,137.0,M,Sst-IRES-Cre/wt;Ai32(RCL-ChR2(H134R)_EYFP)/wt,832810578,270,59,2720,9003.0,900.0,8036.0,385.0,VISp,831882777,1250.00006748722,3a,30000.0016196932,True,2
951097477,0.21213301062838,149.61609,0.0240688116979039,197.65,3.21972395993729,0.521943048576214,849775254,4.13941815770605,0.219765494137353,0.12455212202748,60.3795462654175,0.0064158150908616,24.36,0.897959183673469,0.0092978073827366,0.99,-0.0595742109644004,0.492390713081854,0.124600758582737,2.15959596966388,70.0,0.892797319932998,0.343383584589615,832810578,270,59,2720,9003.0,900.0,8036.0,385.0,VISp,831882777,1250.00006748722,probeC,3a,30000.0016196932,True,2019-03-06T09:04:43Z,2019-10-03T00:00:00Z,803390291,functional_connectivity,137.0,M,Sst-IRES-Cre/wt;Ai32(RCL-ChR2(H134R)_EYFP)/wt,832810578,270,59,2720,9003.0,900.0,8036.0,385.0,VISp,831882777,1250.00006748722,3a,30000.0016196932,True,2
951097539,0.174555440420179,179.358075,0.023044998963645,223.14,1.65815568103228,0.645561139028476,849775256,3.06020653613222,0.467001675041876,0.118015275885899,34.8458243961971,0.0447221988747616,55.78,0.668384879725086,0.005506832551499,0.99,-0.02106392558897,0.0318453505425857,0.0251669942349369,0.935936273826153,120.0,2.47236180904523,0.869905080960357,832810578,271,27,2720,9005.0,891.0,8039.0,385.0,VISp,831882777,1250.00006748722,probeC,3a,30000.0016196932,True,2019-03-06T09:04:43Z,2019-10-03T00:00:00Z,803390291,functional_connectivity,137.0,M,Sst-IRES-Cre/wt;Ai32(RCL-ChR2(H134R)_EYFP)/wt,832810578,271,27,2720,9005.0,891.0,8039.0,385.0,VISp,831882777,1250.00006748722,3a,30000.0016196932,True,1
951097554,0.244185747707723,213.985395,0.0003178414096972,156.41,5.08910332273587,0.618090452261307,849775258,2.39411313751435,0.206030150753769,0.0531915140430543,65.836134592629,0.0015735763791217,36.47,0.979338842975207,0.000683200109312,0.99,-0.132509021697102,0.630255115742221,0.182715328261107,2.52650273935898,80.0,0.68676716917923,0.0686767169179228,832810578,272,43,2740,9009.0,874.0,8047.0,385.0,VISp,831882777,1250.00006748722,probeC,3a,30000.0016196932,True,2019-03-06T09:04:43Z,2019-10-03T00:00:00Z,803390291,functional_connectivity,137.0,M,Sst-IRES-Cre/wt;Ai32(RCL-ChR2(H134R)_EYFP)/wt,832810578,272,43,2740,9009.0,874.0,8047.0,385.0,VISp,831882777,1250.00006748722,3a,30000.0016196932,True,2
951097569,0.172502025823587,135.36783,0.0698150832998765,141.37,2.5808279569069,0.618090452261307,849775258,3.54500783740073,0.247236180904523,0.157692358682484,54.4163588869952,0.0089659490533984,29.7,0.939647168059424,0.0045638419251115,0.99,-0.0303261815122834,0.427869805869432,0.0906006753324343,1.82894158455424,50.0,0.686767169179229,-0.686767169179229,832810578,272,43,2740,9009.0,874.0,8047.0,385.0,VISp,831882777,1250.00006748722,probeC,3a,30000.0016196932,True,2019-03-06T09:04:43Z,2019-10-03T00:00:00Z,803390291,functional_connectivity,137.0,M,Sst-IRES-Cre/wt;Ai32(RCL-ChR2(H134R)_EYFP)/wt,832810578,272,43,2740,9009.0,874.0,8047.0,385.0,VISp,831882777,1250.00006748722,3a,30000.0016196932,True,2
951097639,0.498567768099577,570.831495,0.0035523673450961,78.13,9.58572720428486,0.65929648241206,849775260,0.409864522947436,0.15108877721943,0.0,101.273961446221,1.01659380931671e-05,13.78,0.964539007092198,0.0001004722194313,0.98,-0.315943166610033,1.70231760953232,,5.57501185268899,50.0,0.68676716917923,0.686767169179229,832810578,273,11,2740,9012.0,865.0,8050.0,385.0,VISp,831882777,1250.00006748722,probeC,3a,30000.0016196932,True,2019-03-06T09:04:43Z,2019-10-03T00:00:00Z,803390291,functional_connectivity,137.0,M,Sst-IRES-Cre/wt;Ai32(RCL-ChR2(H134R)_EYFP)/wt,832810578,273,11,2740,9012.0,865.0,8050.0,385.0,VISp,831882777,1250.00006748722,3a,30000.0016196932,True,1
951097696,0.966645330087709,143.742495,0.0415350734012919,192.28,3.14447508776361,0.590619765494137,849775262,4.36382178016821,0.15108877721943,0.186118970806879,59.9853333473344,0.0089123469917737,21.4,0.906,0.0154304517965137,0.99,-0.0566183340636217,0.404709060423554,0.119708973480609,1.38860420678688,60.0,1.23618090452261,-1.37353433835846,832810578,274,59,2760,9014.0,857.0,8054.0,385.0,VISp,831882777,1250.00006748722,probeC,3a,30000.0016196932,True,2019-03-06T09:04:43Z,2019-10-03T00:00:00Z,803390291,functional_connectivity,137.0,M,Sst-IRES-Cre/wt;Ai32(RCL-ChR2(H134R)_EYFP)/wt,832810578,274,59,2760,9014.0,857.0,8054.0,385.0,VISp,831882777,1250.00006748722,3a,30000.0016196932,True,3
951098642,0.686685969626211,360.13536,0.0001373580265451,65.04,5.94419954784481,0.604355108877722,849775262,0.191561588001233,0.15108877721943,0.0,48.8180947805495,0.0012207661319006,34.06,0.703703703703704,0.0001336943079648,0.98,-0.177283677450569,1.13800041576524,0.15894302040506,2.13930457561952,70.0,1.52202453709991,-0.343383584589615,832810578,274,59,2760,9014.0,857.0,8054.0,385.0,VISp,831882777,1250.00006748722,probeC,3a,30000.0016196932,True,2019-03-06T09:04:43Z,2019-10-03T00:00:00Z,803390291,functional_connectivity,137.0,M,Sst-IRES-Cre/wt;Ai32(RCL-ChR2(H134R)_EYFP)/wt,832810578,274,59,2760,9014.0,857.0,8054.0,385.0,VISp,831882777,1250.00006748722,3a,30000.0016196932,True,3
951098655,0.692411933158631,356.44908,0.0212714915927047,10.08,3.84183701146516,0.576884422110553,849775262,0.125979197204632,0.137353433835846,0.0,33.827443090132,0.0086747900702175,26.15,0.574074074074074,0.0003005409737527,0.96,-0.206379285127223,1.09924237887493,-0.147546804332279,2.47677834617026,60.0,0.68676716917923,0.0,832810578,274,59,2760,9014.0,857.0,8054.0,385.0,VISp,831882777,1250.00006748722,probeC,3a,30000.0016196932,True,2019-03-06T09:04:43Z,2019-10-03T00:00:00Z,803390291,functional_connectivity,137.0,M,Sst-IRES-Cre/wt;Ai32(RCL-ChR2(H134R)_EYFP)/wt,832810578,274,59,2760,9014.0,857.0,8054.0,385.0,VISp,831882777,1250.00006748722,3a,30000.0016196932,True,3
951097760,7.0992857696893,108.205305,0.0658605561542577,357.29,2.33857579780639,1.12629815745394,849775272,4.96656970674534,,0.146775050901318,53.8027623183624,0.0236977942975573,13.23,0.866666666666667,0.0088164885852747,0.99,,0.0092906827471635,0.0746715872094173,0.181464023442193,50.0,9.61474036850921,0.274706867671691,832810578,279,27,2800,9025.0,814.0,8071.0,385.0,VISp,831882777,1250.00006748722,probeC,3a,30000.0016196932,True,2019-03-06T09:04:43Z,2019-10-03T00:00:00Z,803390291,functional_connectivity,137.0,M,Sst-IRES-Cre/wt;Ai32(RCL-ChR2(H134R)_EYFP)/wt,832810578,279,27,2800,9025.0,814.0,8071.0,385.0,VISp,831882777,1250.00006748722,3a,30000.0016196932,True,1
951097787,0.548893982450307,213.24849,0.0026870182231833,167.79,4.48056667913756,0.590619765494137,849775268,1.35313249104056,0.192294807370184,0.187328376668667,60.3065262714767,0.0035886579941493,37.74,0.908256880733945,0.0009200572480065,0.99,-0.099589045162748,0.590061488195087,0.137228155368857,1.25353003696939,70.0,0.68676716917923,0.206030150753768,832810578,277,11,2780,9021.0,831.0,8064.0,385.0,VISp,831882777,1250.00006748722,probeC,3a,30000.0016196932,True,2019-03-06T09:04:43Z,2019-10-03T00:00:00Z,803390291,functional_connectivity,137.0,M,Sst-IRES-Cre/wt;Ai32(RCL-ChR2(H134R)_EYFP)/wt,832810578,277,11,2780,9021.0,831.0,8064.0,385.0,VISp,831882777,1250.00006748722,3a,30000.0016196932,True,2
951098927,0.285507415653837,256.84269,0.0023521529404482,146.21,5.16706614734148,0.686767169179229,849775268,1.59838012918226,0.192294807370184,0.0298340049110887,68.2719270543435,0.0018995763379252,40.62,0.961240310077519,0.0017450215561486,0.99,-0.106780391100292,0.71504823967542,0.101651556819216,1.28394489626287,70.0,0.480737018425461,-1.03015075376884,832810578,277,11,2780,9021.0,831.0,8064.0,385.0,VISp,831882777,1250.00006748722,probeC,3a,30000.0016196932,True,2019-03-06T09:04:43Z,2019-10-03T00:00:00Z,803390291,functional_connectivity,137.0,M,Sst-IRES-Cre/wt;Ai32(RCL-ChR2(H134R)_EYFP)/wt,832810578,277,11,2780,9021.0,831.0,8064.0,385.0,VISp,831882777,1250.00006748722,3a,30000.0016196932,True,2
951097867,0.398921963438656,513.94317,6.19419696762378e-05,51.16,3.84129054150004,0.741708542713568,849775278,0.433453848009159,0.137353433835846,0.0,79.0293096040301,0.0002159483506145,17.92,0.893004115226337,0.0001680276909634,0.99,-0.218828789383442,1.81676147796954,0.300935110415231,4.59211711413904,40.0,0.68676716917923,0.686767169179227,832810578,282,59,2840,9034.0,779.0,8084.0,385.0,VISp,831882777,1250.00006748722,probeC,3a,30000.0016196932,True,2019-03-06T09:04:43Z,2019-10-03T00:00:00Z,803390291,functional_connectivity,137.0,M,Sst-IRES-Cre/wt;Ai32(RCL-ChR2(H134R)_EYFP)/wt,832810578,282,59,2840,9034.0,779.0,8084.0,385.0,VISp,831882777,1250.00006748722,3a,30000.0016196932,True,1
951097957,0.178529373058574,329.02623,0.0051225775376672,41.85,6.63396111933988,0.686767169179229,849775286,0.38017451036975,0.192294807370184,0.0,85.0648859062822,2.98351777878941e-05,37.62,1.0,0.0001010203050813,0.97,-0.0435434824879673,1.07784892855471,0.161054357398555,4.09145065651943,60.0,2.74706867671692,0.412060301507538,832810578,286,59,2880,9044.0,745.0,8097.0,385.0,VISp,831882777,1250.00006748722,probeC,3a,30000.0016196932,True,2019-03-06T09:04:43Z,2019-10-03T00:00:00Z,803390291,functional_connectivity,137.0,M,Sst-IRES-Cre/wt;Ai32(RCL-ChR2(H134R)_EYFP)/wt,832810578,286,59,2880,9044.0,745.0,8097.0,385.0,VISp,831882777,1250.00006748722,3a,30000.0016196932,True,1
951097996,0.0722296415350368,121.63437,0.0628079504822304,327.33,2.86231397564142,0.727973199329983,849775288,1.56685991034979,0.260971524288107,0.496742530670546,47.4917386106256,0.0238449478848415,31.33,0.882259347653142,0.0080019483004557,0.99,-0.0456953406803496,0.337047283650607,0.0996819908121716,1.00770187703801,40.0,,-0.549413735343384,832810578,287,27,2880,9048.0,728.0,8103.0,385.0,VISp,831882777,1250.00006748722,probeC,3a,30000.0016196932,True,2019-03-06T09:04:43Z,2019-10-03T00:00:00Z,803390291,functional_connectivity,137.0,M,Sst-IRES-Cre/wt;Ai32(RCL-ChR2(H134R)_EYFP)/wt,832810578,287,27,2880,9048.0,728.0,8103.0,385.0,VISp,831882777,1250.00006748722,3a,30000.0016196932,True,2
951098014,0.175429954664445,65.797875,0.0074984579948682,175.89,4.6561297727997,0.439530988274707,849775288,5.59321199275999,0.32964824120603,0.0207094261963555,75.2952227485697,0.0049033598593188,22.16,0.988,0.0017667844522968,0.99,-0.01499506867146,0.13895886126044,0.0730930647859747,0.598391049583892,30.0,,-0.686767169179229,832810578,287,27,2880,9048.0,728.0,8103.0,385.0,VISp,831882777,1250.00006748722,probeC,3a,30000.0016196932,True,2019-03-06T09:04:43Z,2019-10-03T00:00:00Z,803390291,functional_connectivity,137.0,M,Sst-IRES-Cre/wt;Ai32(RCL-ChR2(H134R)_EYFP)/wt,832810578,287,27,2880,9048.0,728.0,8103.0,385.0,VISp,831882777,1250.00006748722,3a,30000.0016196932,True,2
951099158,0.448847134992393,126.88221,0.0629342678094487,172.44,2.19909274411723,0.618090452261307,849773476,7.95606361951052,0.219765494137353,0.102350885178279,34.7324373020945,0.0381464740865766,8.18,0.843333333333333,0.0251619332336821,0.99,-0.0559849012853657,0.365864293041969,0.0465557065564484,1.62282978183943,40.0,0.274706867671692,,832810580,2,59,40,,,,8.0,grey,831882777,1249.99685970866,probeD,3a,29999.9246330078,True,2019-03-06T09:04:43Z,2019-10-03T00:00:00Z,803390291,functional_connectivity,137.0,M,Sst-IRES-Cre/wt;Ai32(RCL-ChR2(H134R)_EYFP)/wt,832810580,2,59,40,,,,8.0,grey,831882777,1249.99685970866,3a,29999.9246330078,True,3
951099184,0.285960719207411,305.32086,0.0062652317906908,180.63,4.75300759120836,0.631825795644891,849773476,0.653379828480915,0.1785594639866,0.0,40.6979061410802,0.000841115124,34.46,0.966666666666667,0.000134544231416,0.99,-0.0804224139040987,1.02944413537919,0.326117918244137,3.16642677872534,50.0,-0.274706867671692,,832810580,2,59,40,,,,8.0,grey,831882777,1249.99685970866,probeD,3a,29999.9246330078,True,2019-03-06T09:04:43Z,2019-10-03T00:00:00Z,803390291,functional_connectivity,137.0,M,Sst-IRES-Cre/wt;Ai32(RCL-ChR2(H134R)_EYFP)/wt,832810580,2,59,40,,,,8.0,grey,831882777,1249.99685970866,3a,29999.9246330078,True,3
951102855,0.425513634651296,155.55033,0.0027338519519525,224.29,5.12604083230249,0.576884422110553,849773476,0.823181308960704,0.260971524288107,0.393682594731955,41.0075096817722,0.0010000138173033,25.62,0.976608187134503,0.000168588576438,0.97,-0.0400982051320778,0.421708648695943,0.11283867631374,1.52580882934226,70.0,0.711294568078488,,832810580,2,59,40,,,,8.0,grey,831882777,1249.99685970866,probeD,3a,29999.9246330078,True,2019-03-06T09:04:43Z,2019-10-03T00:00:00Z,803390291,functional_connectivity,137.0,M,Sst-IRES-Cre/wt;Ai32(RCL-ChR2(H134R)_EYFP)/wt,832810580,2,59,40,,,,8.0,grey,831882777,1249.99685970866,3a,29999.9246330078,True,3
951099211,0.30612430911594,219.77202,0.0002358070724246,160.28,4.72861051818391,0.673031825795645,849773482,9.93267486533514,0.260971524288107,0.0011588520454628,108.254353673132,0.0068278887857355,33.11,0.974666666666667,0.0034938621340887,0.99,-0.0545363431922784,0.694613099973718,0.281781205192365,2.60831486707513,60.0,0.137353433835846,-0.686767169179227,832810580,5,11,60,,,,8.0,grey,831882777,1249.99685970866,probeD,3a,29999.9246330078,True,2019-03-06T09:04:43Z,2019-10-03T00:00:00Z,803390291,functional_connectivity,137.0,M,Sst-IRES-Cre/wt;Ai32(RCL-ChR2(H134R)_EYFP)/wt,832810580,5,11,60,,,,8.0,grey,831882777,1249.99685970866,3a,29999.9246330078,True,2
951099312,0.422303620284821,124.140705,0.0017363612688233,182.3,5.4098346191282,0.604355108877722,849773482,7.18097578376356,0.315912897822446,0.0140418992514863,108.253688347058,0.0001366110602672,43.55,0.996,0.0003280194187495,0.99,-0.0526525946238998,0.308394713031149,0.156488084325309,1.50267436368626,70.0,-0.529791816223977,0.0,832810580,5,11,60,,,,8.0,grey,831882777,1249.99685970866,probeD,3a,29999.9246330078,True,2019-03-06T09:04:43Z,2019-10-03T00:00:00Z,803390291,functional_connectivity,137.0,M,Sst-IRES-Cre/wt;Ai32(RCL-ChR2(H134R)_EYFP)/wt,832810580,5,11,60,,,,8.0,grey,831882777,1249.99685970866,3a,29999.9246330078,True,2
951099250,0.285134186460803,285.112425,0.0031185689264942,91.29,5.21423324013321,0.590619765494137,849773484,2.28896462788085,0.192294807370184,0.0,62.6733775145882,0.0004044037556982,35.0,0.984276729559748,0.0004819940783584,0.99,-0.0699664531042422,0.963099659571802,0.210960948319068,2.67262343116005,50.0,0.68676716917923,0.343383584589614,832810580,6,59,80,,,,8.0,grey,831882777,1249.99685970866,probeD,3a,29999.9246330078,True,2019-03-06T09:04:43Z,2019-10-03T00:00:00Z,803390291,functional_connectivity,137.0,M,Sst-IRES-Cre/wt;Ai32(RCL-ChR2(H134R)_EYFP)/wt,832810580,6,59,80,,,,8.0,grey,831882777,1249.99685970866,3a,29999.9246330078,True,3
951099263,0.312707776740852,366.85701,0.0004042645996659,93.79,3.09558977716352,0.590619765494137,849773484,2.47676303174083,0.192294807370184,0.0248502209155784,63.9254469847926,0.0016237343729965,34.45,0.986531986531986,0.0010306090899721,0.99,-0.126793647284291,1.38068608145364,0.120669129991712,3.69039590116989,60.0,0.824120603015075,-0.343383584589615,832810580,6,59,80,,,,8.0,grey,831882777,1249.99685970866,probeD,3a,29999.9246330078,True,2019-03-06T09:04:43Z,2019-10-03T00:00:00Z,803390291,functional_connectivity,137.0,M,Sst-IRES-Cre/wt;Ai32(RCL-ChR2(H134R)_EYFP)/wt,832810580,6,59,80,,,,8.0,grey,831882777,1249.99685970866,3a,29999.9246330078,True,3
951099296,0.429657249147062,155.904255,0.0424286981607332,275.92,2.62740908499153,0.673031825795645,849773484,4.69923055289487,0.260971524288107,0.32272103743053,34.1268088662686,0.0318827613288078,25.21,0.746666666666667,0.0184174942882454,0.99,-0.021638837617989,0.22101558365526,0.0076516845730524,1.12527164746125,50.0,1.37353433835846,0.343383584589614,832810580,6,59,80,,,,8.0,grey,831882777,1249.99685970866,probeD,3a,29999.9246330078,True,2019-03-06T09:04:43Z,2019-10-03T00:00:00Z,803390291,functional_connectivity,137.0,M,Sst-IRES-Cre/wt;Ai32(RCL-ChR2(H134R)_EYFP)/wt,832810580,6,59,80,,,,8.0,grey,831882777,1249.99685970866,3a,29999.9246330078,True,3
951099325,0.371184818176568,192.12102,0.0013323059700758,149.99,5.02272317727928,0.549413735343384,849773490,1.09110160899917,0.233500837520938,0.0,74.3270360914634,0.0003297744208409,34.09,0.942460317460317,0.0006441551396799,0.99,-0.0959918800778592,0.569172706981007,0.31464033306929,2.26098681665797,70.0,1.44221105527638,-0.961474036850921,832810580,9,11,100,,,,8.0,grey,831882777,1249.99685970866,probeD,3a,29999.9246330078,True,2019-03-06T09:04:43Z,2019-10-03T00:00:00Z,803390291,functional_connectivity,137.0,M,Sst-IRES-Cre/wt;Ai32(RCL-ChR2(H134R)_EYFP)/wt,832810580,9,11,100,,,,8.0,grey,831882777,1249.99685970866,3a,29999.9246330078,True,1
951099341,0.498476027375231,165.22194,0.0002838736360451,285.08,3.39387272313831,0.618090452261306,849773492,0.809048131842926,0.233500837520938,0.232889789649532,53.4308486740898,0.0030820924306124,44.33,0.817901234567901,0.0014152850788516,0.99,-0.0382996149453821,0.462793205901556,0.106875246437896,1.73108149346548,90.0,0.961474036850922,-0.549413735343384,832810580,10,59,120,,,,8.0,grey,831882777,1249.99685970866,probeD,3a,29999.9246330078,True,2019-03-06T09:04:43Z,2019-10-03T00:00:00Z,803390291,functional_connectivity,137.0,M,Sst-IRES-Cre/wt;Ai32(RCL-ChR2(H134R)_EYFP)/wt,832810580,10,59,120,,,,8.0,grey,831882777,1249.99685970866,3a,29999.9246330078,True,6
951099354,0.392135037462046,268.72053,0.001031470200941,95.26,2.67535490936661,0.576884422110553,849773492,2.14498924083931,0.219765494137353,0.0082830243836967,94.9097211919732,0.0003570266925951,46.4,0.982578397212544,0.0008579566903462,0.99,-0.0663720153032905,0.83479838894312,0.0719822112218137,2.4396933983022,70.0,2.06030150753769,-0.480737018425461,832810580,10,59,120,,,,8.0,grey,831882777,1249.99685970866,probeD,3a,29999.9246330078,True,2019-03-06T09:04:43Z,2019-10-03T00:00:00Z,803390291,functional_connectivity,137.0,M,Sst-IRES-Cre/wt;Ai32(RCL-ChR2(H134R)_EYFP)/wt,832810580,10,59,120,,,,8.0,grey,831882777,1249.99685970866,3a,29999.9246330078,True,6
951099367,0.29379799802894,275.621385,0.0044722877831719,113.27,5.03685525587446,0.535678391959799,849773492,0.685814961578551,0.1785594639866,0.162052323034356,54.3413207775709,0.0021439361556241,38.06,0.886446886446886,0.0005718706899451,0.99,-0.0741905328638806,1.0038780770418,0.209698764746532,2.6823848434962,60.0,-0.0686767169179227,-1.03015075376885,832810580,10,59,120,,,,8.0,grey,831882777,1249.99685970866,probeD,3a,29999.9246330078,True,2019-03-06T09:04:43Z,2019-10-03T00:00:00Z,803390291,functional_connectivity,137.0,M,Sst-IRES-Cre/wt;Ai32(RCL-ChR2(H134R)_EYFP)/wt,832810580,10,59,120,,,,8.0,grey,831882777,1249.99685970866,3a,29999.9246330078,True,6
951099409,0.329135397679722,369.398835,0.0078020399668731,322.85,4.23546637975855,0.604355108877722,849773492,0.680121019718151,0.1785594639866,0.0,68.7568909047596,0.0004917296106923,37.21,0.921985815602837,0.0004710949592839,0.99,-0.0420253786669741,0.583887128994598,0.212899132479308,1.64047936332601,70.0,-0.0588657573582197,-0.68676716917923,832810580,10,59,120,,,,8.0,grey,831882777,1249.99685970866,probeD,3a,29999.9246330078,True,2019-03-06T09:04:43Z,2019-10-03T00:00:00Z,803390291,functional_connectivity,137.0,M,Sst-IRES-Cre/wt;Ai32(RCL-ChR2(H134R)_EYFP)/wt,832810580,10,59,120,,,,8.0,grey,831882777,1249.99685970866,3a,29999.9246330078,True,6
951102871,0.327264482258835,223.989285,0.003239277632072,157.26,4.81464463257859,0.604355108877722,849773492,0.526384589487348,0.233500837520938,0.137541210880925,56.6105928808572,0.0013639669265889,40.81,0.819047619047619,0.0007385028533064,0.99,-0.0762161584868513,0.638127290010654,0.0868651255768678,2.18704746884232,70.0,1.71691792294807,-1.23618090452261,832810580,10,59,120,,,,8.0,grey,831882777,1249.99685970866,probeD,3a,29999.9246330078,True,2019-03-06T09:04:43Z,2019-10-03T00:00:00Z,803390291,functional_connectivity,137.0,M,Sst-IRES-Cre/wt;Ai32(RCL-ChR2(H134R)_EYFP)/wt,832810580,10,59,120,,,,8.0,grey,831882777,1249.99685970866,3a,29999.9246330078,True,6
951102889,0.347237793742186,123.444165,0.005537144523942,432.41,2.98554515828215,0.412060301507538,849773492,0.849719145131498,0.1785594639866,0.369476149606312,53.9498125758682,0.0019728317538915,38.4,0.851485148514851,0.0013806108361113,0.99,-0.0146897530689806,0.459777252321082,0.0416328037709409,1.26799082435917,100.0,0.372816463268725,-0.274706867671692,832810580,10,59,120,,,,8.0,grey,831882777,1249.99685970866,probeD,3a,29999.9246330078,True,2019-03-06T09:04:43Z,2019-10-03T00:00:00Z,803390291,functional_connectivity,137.0,M,Sst-IRES-Cre/wt;Ai32(RCL-ChR2(H134R)_EYFP)/wt,832810580,10,59,120,,,,8.0,grey,831882777,1249.99685970866,3a,29999.9246330078,True,6
951099451,0.332147292896747,286.697385,0.0011729369064694,63.39,5.1031736545655,0.618090452261307,849773498,1.51804557099596,0.192294807370184,0.0,74.0472996894789,0.0012180400435987,32.93,0.963665086887836,0.0009193993257738,0.99,-0.119267191841693,0.954437841631684,0.129797462313359,2.88791491702514,70.0,0.343383584589615,-0.274706867671692,832810580,13,11,140,,,,8.0,grey,831882777,1249.99685970866,probeD,3a,29999.9246330078,True,2019-03-06T09:04:43Z,2019-10-03T00:00:00Z,803390291,functional_connectivity,137.0,M,Sst-IRES-Cre/wt;Ai32(RCL-ChR2(H134R)_EYFP)/wt,832810580,13,11,140,,,,8.0,grey,831882777,1249.99685970866,3a,29999.9246330078,True,1
951099505,0.245902080858351,195.630825,0.0019100274944185,69.88,4.00878283487704,0.65929648241206,849773500,5.02907247066519,0.206030150753769,0.0542457713273694,119.916491650941,0.0004223579917574,37.9,0.998,0.001358285541805,0.99,-0.0385474223154115,0.5790823683273,0.13100074168393,1.9575689503962,80.0,0.137353433835846,0.0686767169179225,832810580,14,59,160,,,,8.0,grey,831882777,1249.99685970866,probeD,3a,29999.9246330078,True,2019-03-06T09:04:43Z,2019-10-03T00:00:00Z,803390291,functional_connectivity,137.0,M,Sst-IRES-Cre/wt;Ai32(RCL-ChR2(H134R)_EYFP)/wt,832810580,14,59,160,,,,8.0,grey,831882777,1249.99685970866,3a,29999.9246330078,True,2
951099517,0.369342084356299,216.075405,0.0031723635632287,149.16,4.60683817712186,0.604355108877722,849773500,3.07727054294661,0.260971524288107,0.0120733856077409,97.5004909606379,0.0002900667348866,32.73,0.997333333333333,0.0003782720532607,0.99,-0.0582462915517483,0.602367071088471,0.188418386932541,1.71095191596106,80.0,-0.480737018425461,-0.480737018425461,832810580,14,59,160,,,,8.0,grey,831882777,1249.99685970866,probeD,3a,29999.9246330078,True,2019-03-06T09:04:43Z,2019-10-03T00:00:00Z,803390291,functional_connectivity,137.0,M,Sst-IRES-Cre/wt;Ai32(RCL-ChR2(H134R)_EYFP)/wt,832810580,14,59,160,,,,8.0,grey,831882777,1249.99685970866,3a,29999.9246330078,True,2
951099530,0.326127514983754,207.514515,0.0096217744248962,87.34,4.87513899107584,0.727973199329983,849773504,10.0381144672858,0.288442211055276,0.0540864556290521,69.4171127451302,0.0033455354001469,35.68,0.988666666666667,0.0002005917456496,0.99,-0.0449009550202963,0.595673950145917,0.106121485958974,2.19065541045537,90.0,0.206030150753769,-0.68676716917923,832810580,16,43,180,,,,8.0,grey,831882777,1249.99685970866,probeD,3a,29999.9246330078,True,2019-03-06T09:04:43Z,2019-10-03T00:00:00Z,803390291,functional_connectivity,137.0,M,Sst-IRES-Cre/wt;Ai32(RCL-ChR2(H134R)_EYFP)/wt,832810580,16,43,180,,,,8.0,grey,831882777,1249.99685970866,3a,29999.9246330078,True,1
951099543,0.422008940791732,108.787185,0.0189015055581737,116.6,3.84748553088995,0.769179229480737,849773506,9.89525753310965,0.384589614740369,0.0073950067347117,55.7970970505208,0.018820910220349,30.77,0.873333333333333,0.0131291028446389,0.99,-0.0165902739835114,0.172745929762518,0.0901215290423893,1.24102482130804,80.0,0.480737018425461,0.755443886097153,832810580,17,11,180,,,,8.0,grey,831882777,1249.99685970866,probeD,3a,29999.9246330078,True,2019-03-06T09:04:43Z,2019-10-03T00:00:00Z,803390291,functional_connectivity,137.0,M,Sst-IRES-Cre/wt;Ai32(RCL-ChR2(H134R)_EYFP)/wt,832810580,17,11,180,,,,8.0,grey,831882777,1249.99685970866,3a,29999.9246330078,True,3
951099555,0.642692093999463,131.64996,0.0035667001282803,242.35,3.24349259669069,0.563149078726968,849773506,1.06202183449785,0.274706867671692,0.236521336725815,41.2577166775579,0.0112953119886931,38.53,0.787037037037037,0.0005036261079774,0.99,-0.0600371599455768,0.370322698272201,0.05974581098493,1.28788777499492,110.0,0.0196219191194067,-0.470926058865758,832810580,17,11,180,,,,8.0,grey,831882777,1249.99685970866,probeD,3a,29999.9246330078,True,2019-03-06T09:04:43Z,2019-10-03T00:00:00Z,803390291,functional_connectivity,137.0,M,Sst-IRES-Cre/wt;Ai32(RCL-ChR2(H134R)_EYFP)/wt,832810580,17,11,180,,,,8.0,grey,831882777,1249.99685970866,3a,29999.9246330078,True,3
951099565,0.377285973707813,239.512455,0.0049879683003383,124.74,6.56714293346335,0.563149078726968,849773506,0.657751962409436,0.219765494137353,0.0,85.6320727672043,3.17561120946504e-05,33.97,0.962962962962963,0.0002009040683073,0.99,-0.0878233276769644,0.8614672457301,0.283132199880932,2.25636466173,100.0,1.21004706750614e-18,-0.824120603015075,832810580,17,11,180,,,,8.0,grey,831882777,1249.99685970866,probeD,3a,29999.9246330078,True,2019-03-06T09:04:43Z,2019-10-03T00:00:00Z,803390291,functional_connectivity,137.0,M,Sst-IRES-Cre/wt;Ai32(RCL-ChR2(H134R)_EYFP)/wt,832810580,17,11,180,,,,8.0,grey,831882777,1249.99685970866,3a,29999.9246330078,True,3
951099599,0.445023633215513,120.88752,0.0046441619510023,149.17,2.82652825443531,0.563149078726968,849773510,5.84411957696818,0.247236180904523,0.0145058887175675,62.1443509598687,0.0027537594460997,31.81,0.976787372330548,0.001244684161394,0.99,-0.0396627090169994,0.394339902185212,0.150023312933245,1.32902737295115,100.0,0.196219191194065,0.549413735343383,832810580,19,27,200,,,,8.0,grey,831882777,1249.99685970866,probeD,3a,29999.9246330078,True,2019-03-06T09:04:43Z,2019-10-03T00:00:00Z,803390291,functional_connectivity,137.0,M,Sst-IRES-Cre/wt;Ai32(RCL-ChR2(H134R)_EYFP)/wt,832810580,19,27,200,,,,8.0,grey,831882777,1249.99685970866,3a,29999.9246330078,True,1
951099631,0.798742548411184,106.97466,0.0434096277987996,394.57,2.37178256867079,0.398324958123953,849773514,0.42135169766961,0.15108877721943,0.429318571470272,20.2804196294878,0.071838006580416,41.05,0.0606060606060606,0.0010022048506714,0.99,-0.0558894303902846,0.411045530957922,0.0904028614254662,0.985729829393431,90.0,0.961474036850922,-8.30988274706868,832810580,21,11,220,,,,8.0,grey,831882777,1249.99685970866,probeD,3a,29999.9246330078,True,2019-03-06T09:04:43Z,2019-10-03T00:00:00Z,803390291,functional_connectivity,137.0,M,Sst-IRES-Cre/wt;Ai32(RCL-ChR2(H134R)_EYFP)/wt,832810580,21,11,220,,,,8.0,grey,831882777,1249.99685970866,3a,29999.9246330078,True,3
951099694,0.36580962530027,115.329825,0.0072921605808664,91.84,4.94613507530992,0.741708542713568,849773514,11.8976948723725,0.247236180904523,0.014268863783409,92.8196615669959,0.0003764510999028,33.97,0.993333333333333,0.0015785319652723,0.99,-0.0217714948693819,0.318523626960717,0.140556790989839,1.3933459098679,80.0,0.549413735343384,-0.0686767169179227,832810580,21,11,220,,,,8.0,grey,831882777,1249.99685970866,probeD,3a,29999.9246330078,True,2019-03-06T09:04:43Z,2019-10-03T00:00:00Z,803390291,functional_connectivity,137.0,M,Sst-IRES-Cre/wt;Ai32(RCL-ChR2(H134R)_EYFP)/wt,832810580,21,11,220,,,,8.0,grey,831882777,1249.99685970866,3a,29999.9246330078,True,3
951103493,0.412861148097536,124.48254,0.0004988080854758,103.81,3.80963517700597,0.343383584589615,849773514,9.36348403436157,0.15108877721943,0.0082588167216867,69.4411285229715,0.0026363546121938,32.59,0.970985155195682,0.0034364261168384,0.99,-0.0571811029510179,0.511321471003488,0.0585635052560943,1.29653461405556,70.0,1.16750418760469,0.0,832810580,21,11,220,,,,8.0,grey,831882777,1249.99685970866,probeD,3a,29999.9246330078,True,2019-03-06T09:04:43Z,2019-10-03T00:00:00Z,803390291,functional_connectivity,137.0,M,Sst-IRES-Cre/wt;Ai32(RCL-ChR2(H134R)_EYFP)/wt,832810580,21,11,220,,,,8.0,grey,831882777,1249.99685970866,3a,29999.9246330078,True,3
951099679,0.532891602411107,213.49263,1.76290117890587e-05,203.57,7.13644937916655,0.233500837520938,849773516,28.6052454537848,0.123618090452261,0.0004191701308271,122.624504258775,1.71974619304996e-06,41.07,1.0,0.0,0.99,-0.141693734371667,0.935404989759092,0.195664393520464,2.27893904390916,140.0,-0.171691792294807,-0.416965781287389,832810580,22,59,240,,,,8.0,grey,831882777,1249.99685970866,probeD,3a,29999.9246330078,True,2019-03-06T09:04:43Z,2019-10-03T00:00:00Z,803390291,functional_connectivity,137.0,M,Sst-IRES-Cre/wt;Ai32(RCL-ChR2(H134R)_EYFP)/wt,832810580,22,59,240,,,,8.0,grey,831882777,1249.99685970866,3a,29999.9246330078,True,1
951099707,0.559300918456843,201.70527,0.0019166163027766,87.34,6.16515129483009,0.274706867671692,849773522,13.5795429493882,0.137353433835846,0.0318265519990907,82.9236726964277,0.0009655884856048,34.35,0.99,0.0010284098213137,0.99,-0.135603205747469,0.865508263829583,0.137458368975953,2.02762423524367,70.0,0.343383584589615,0.0,832810580,25,11,260,,,,8.0,grey,831882777,1249.99685970866,probeD,3a,29999.9246330078,True,2019-03-06T09:04:43Z,2019-10-03T00:00:00Z,803390291,functional_connectivity,137.0,M,Sst-IRES-Cre/wt;Ai32(RCL-ChR2(H134R)_EYFP)/wt,832810580,25,11,260,,,,8.0,grey,831882777,1249.99685970866,3a,29999.9246330078,True,1
951099717,0.801183136588074,130.723125,0.0166247707150965,174.13,4.19223007355296,0.206030150753769,849773524,18.1628611144106,0.0961474036850922,0.0605384244764346,58.0903167260458,0.0195682282090836,26.58,0.958,0.002049600327936,0.99,-0.147085517371524,0.564713657543302,0.093013199277038,1.38197363370736,90.0,0.343383584589615,0.343383584589615,832810580,26,59,280,,,,8.0,grey,831882777,1249.99685970866,probeD,3a,29999.9246330078,True,2019-03-06T09:04:43Z,2019-10-03T00:00:00Z,803390291,functional_connectivity,137.0,M,Sst-IRES-Cre/wt;Ai32(RCL-ChR2(H134R)_EYFP)/wt,832810580,26,59,280,,,,8.0,grey,831882777,1249.99685970866,3a,29999.9246330078,True,2
951099795,0.778726356275276,103.55865,0.0088888400356986,108.3,3.56547426215889,0.398324958123953,849773524,17.8160390485923,0.1785594639866,0.0560704116901826,63.6317388174333,0.0079829199050116,28.24,0.978666666666667,0.0082263242375601,0.99,-0.113951725077847,0.41358317162556,0.110301652381287,1.15714922339164,150.0,-0.122636994496291,-1.32774986041318,832810580,26,59,280,,,,8.0,grey,831882777,1249.99685970866,probeD,3a,29999.9246330078,True,2019-03-06T09:04:43Z,2019-10-03T00:00:00Z,803390291,functional_connectivity,137.0,M,Sst-IRES-Cre/wt;Ai32(RCL-ChR2(H134R)_EYFP)/wt,832810580,26,59,280,,,,8.0,grey,831882777,1249.99685970866,3a,29999.9246330078,True,2
951099849,0.866732958059659,117.921765,0.0454001197088508,171.12,2.52319054744359,0.288442211055276,849773530,16.3084662635182,0.1785594639866,0.0866898620061357,52.8838396695894,0.0515938518623452,31.92,0.657333333333333,0.0868055555555556,0.99,-0.128571254968623,0.514474704416886,0.0343802102790943,1.49842782004834,140.0,-0.196219191194065,-1.86571747627024,832810580,29,11,300,,,,8.0,grey,831882777,1249.99685970866,probeD,3a,29999.9246330078,True,2019-03-06T09:04:43Z,2019-10-03T00:00:00Z,803390291,functional_connectivity,137.0,M,Sst-IRES-Cre/wt;Ai32(RCL-ChR2(H134R)_EYFP)/wt,832810580,29,11,300,,,,8.0,grey,831882777,1249.99685970866,3a,29999.9246330078,True,1
951099876,0.342005332019825,86.60223,0.0852976347627808,648.37,1.73049112012987,1.93668341708543,849773526,4.45449273043089,0.219765494137353,0.217030669704808,22.4056422459542,0.26409378807942,33.21,0.131634819532909,0.00664188863652,0.99,-0.834069359588305,0.232738465533063,0.04706520419862,0.713971941294415,170.0,4.36097152428811,2.65549972082635,832810580,27,27,280,,,,8.0,grey,831882777,1249.99685970866,probeD,3a,29999.9246330078,True,2019-03-06T09:04:43Z,2019-10-03T00:00:00Z,803390291,functional_connectivity,137.0,M,Sst-IRES-Cre/wt;Ai32(RCL-ChR2(H134R)_EYFP)/wt,832810580,27,27,280,,,,8.0,grey,831882777,1249.99685970866,3a,29999.9246330078,True,1
951100208,0.293854510920632,273.11856,0.000382823971958,116.7,5.49200860757986,0.975209380234506,849773650,14.4786773756653,0.219765494137353,0.0032723059293616,141.68631236634,0.0013078533252368,39.17,0.997333333333333,0.0010171058714748,0.99,-0.0565796375408004,0.731579315508566,0.0546948217747094,2.88748651442918,80.0,-0.549413735343383,-1.785594639866,832810580,89,11,900,,,,8.0,grey,831882777,1249.99685970866,probeD,3a,29999.9246330078,True,2019-03-06T09:04:43Z,2019-10-03T00:00:00Z,803390291,functional_connectivity,137.0,M,Sst-IRES-Cre/wt;Ai32(RCL-ChR2(H134R)_EYFP)/wt,832810580,89,11,900,,,,8.0,grey,831882777,1249.99685970866,3a,29999.9246330078,True,2
951100264,0.312582109063421,137.48982,0.0199032769302799,532.23,4.40529848463033,0.810385259631491,849773650,1.03507728819417,0.1785594639866,0.213424792470968,43.5889371291998,0.0076248155923331,65.9,0.798449612403101,0.0018156142828323,0.99,-0.0402525641454411,0.3783533568059,0.0744756581710467,2.06828991671572,110.0,0.755443886097152,-1.6433357262503,832810580,89,11,900,,,,8.0,grey,831882777,1249.99685970866,probeD,3a,29999.9246330078,True,2019-03-06T09:04:43Z,2019-10-03T00:00:00Z,803390291,functional_connectivity,137.0,M,Sst-IRES-Cre/wt;Ai32(RCL-ChR2(H134R)_EYFP)/wt,832810580,89,11,900,,,,8.0,grey,831882777,1249.99685970866,3a,29999.9246330078,True,2
951100220,0.360393881794362,175.991205,0.0054225370669558,289.01,4.28324191183807,0.851591289782244,849773654,1.31214856622257,0.219765494137353,0.464900228228367,58.7071723353808,0.0015844808903714,47.21,0.954861111111111,0.0004711900915455,0.99,-0.0597328523714448,0.484718832952339,0.134914791790709,2.77648421666427,120.0,-0.274706867671692,-1.12826034936588,832810580,91,27,920,,,,8.0,grey,831882777,1249.99685970866,probeD,3a,29999.9246330078,True,2019-03-06T09:04:43Z,2019-10-03T00:00:00Z,803390291,functional_connectivity,137.0,M,Sst-IRES-Cre/wt;Ai32(RCL-ChR2(H134R)_EYFP)/wt,832810580,91,27,920,,,,8.0,grey,831882777,1249.99685970866,3a,29999.9246330078,True,3
951100232,1.15994112341089,352.98783,0.0006932008532123,218.51,5.61340978102686,0.123618090452261,849773654,1.60752180023082,0.068676716917923,0.0,115.664483100731,1.08195427092658e-05,22.3,0.98005698005698,0.0001011838510573,0.99,-0.620500195515926,0.852477328480023,0.11770930221466,4.80502030617112,100.0,-0.480737018425461,-1.56975352955252,832810580,91,27,920,,,,8.0,grey,831882777,1249.99685970866,probeD,3a,29999.9246330078,True,2019-03-06T09:04:43Z,2019-10-03T00:00:00Z,803390291,functional_connectivity,137.0,M,Sst-IRES-Cre/wt;Ai32(RCL-ChR2(H134R)_EYFP)/wt,832810580,91,27,920,,,,8.0,grey,831882777,1249.99685970866,3a,29999.9246330078,True,3
951100358,1.0882188872852,332.297355,0.000779709021806,308.83,5.57901519681529,0.109882747068677,849773654,2.02938188556654,0.0824120603015075,0.0,89.325779644908,3.83422699709161e-06,66.18,0.978494623655914,0.0001012555690562,0.99,-0.64151566067677,0.722778184754654,0.26662750548071,4.11027145700884,100.0,-0.68676716917923,-1.54522613065327,832810580,91,27,920,,,,8.0,grey,831882777,1249.99685970866,probeD,3a,29999.9246330078,True,2019-03-06T09:04:43Z,2019-10-03T00:00:00Z,803390291,functional_connectivity,137.0,M,Sst-IRES-Cre/wt;Ai32(RCL-ChR2(H134R)_EYFP)/wt,832810580,91,27,920,,,,8.0,grey,831882777,1249.99685970866,3a,29999.9246330078,True,3
951100277,0.628952387532977,263.891745,0.000152299116224,96.98,9.22447543501621,0.233500837520938,849773666,23.2053550194611,0.123618090452261,0.0007077220745902,192.409326820711,3.53867259313908e-08,36.76,1.0,0.0,0.99,-0.19686561463801,0.954702709630445,0.196546108103025,3.56071873538701,70.0,0.68676716917923,0.0,832810580,97,11,980,,,,8.0,grey,831882777,1249.99685970866,probeD,3a,29999.9246330078,True,2019-03-06T09:04:43Z,2019-10-03T00:00:00Z,803390291,functional_connectivity,137.0,M,Sst-IRES-Cre/wt;Ai32(RCL-ChR2(H134R)_EYFP)/wt,832810580,97,11,980,,,,8.0,grey,831882777,1249.99685970866,3a,29999.9246330078,True,1
951100390,0.472578722843706,113.59686,0.0007088275626371,72.87,5.41345298866425,0.343383584589615,849773670,17.6705384985525,0.192294807370184,0.0051261215200689,84.5632936432228,0.0013997043135049,36.33,1.0,0.0016081479496113,0.99,-0.033083594005016,0.403809680919891,0.127651753520714,2.13168754722006,90.0,2.19765494137353,-0.137353433835846,832810580,99,27,1000,,,,8.0,grey,831882777,1249.99685970866,probeD,3a,29999.9246330078,True,2019-03-06T09:04:43Z,2019-10-03T00:00:00Z,803390291,functional_connectivity,137.0,M,Sst-IRES-Cre/wt;Ai32(RCL-ChR2(H134R)_EYFP)/wt,832810580,99,27,1000,,,,8.0,grey,831882777,1249.99685970866,3a,29999.9246330078,True,2
951100515,0.217891178503943,104.77779,0.00064453182383,111.3,6.27599310800662,0.796649916247906,849773670,12.3812732203736,0.192294807370184,0.0002486042571637,85.3454945708482,0.0002732339334157,33.76,0.996666666666667,0.0005079365079365,0.99,-0.00889109836759,0.211294713017148,0.0455361332828179,1.71954518521667,140.0,0.294328786791098,-2.54103852596315,832810580,99,27,1000,,,,8.0,grey,831882777,1249.99685970866,probeD,3a,29999.9246330078,True,2019-03-06T09:04:43Z,2019-10-03T00:00:00Z,803390291,functional_connectivity,137.0,M,Sst-IRES-Cre/wt;Ai32(RCL-ChR2(H134R)_EYFP)/wt,832810580,99,27,1000,,,,8.0,grey,831882777,1249.99685970866,3a,29999.9246330078,True,2
951100422,0.380389274318199,137.211555,0.0134281715124513,235.58,4.8424557407691,0.576884422110553,849773674,3.36125589323406,0.164824120603015,0.0809556687037703,64.3862323347908,0.0021553112670864,30.48,0.954847277556441,0.0007180223612678,0.99,-0.035784777674579,0.511537953321673,0.0707448781818528,2.40672662979627,120.0,-0.68676716917923,-0.972920156337241,832810580,101,11,1020,,,,8.0,grey,831882777,1249.99685970866,probeD,3a,29999.9246330078,True,2019-03-06T09:04:43Z,2019-10-03T00:00:00Z,803390291,functional_connectivity,137.0,M,Sst-IRES-Cre/wt;Ai32(RCL-ChR2(H134R)_EYFP)/wt,832810580,101,11,1020,,,,8.0,grey,831882777,1249.99685970866,3a,29999.9246330078,True,6
951100432,0.457386825933297,111.89334,0.0565310029391457,443.74,2.95544240299749,0.796649916247906,849773674,1.41504622984265,0.219765494137353,0.475814779368308,43.0859741952012,0.0094709326700494,33.91,0.682539682539683,0.0022570321711302,0.99,-0.0338771473084076,0.33865781176869,0.0363518523690717,1.99631264105629,130.0,4.67001675041876,-0.755443886097152,832810580,101,11,1020,,,,8.0,grey,831882777,1249.99685970866,probeD,3a,29999.9246330078,True,2019-03-06T09:04:43Z,2019-10-03T00:00:00Z,803390291,functional_connectivity,137.0,M,Sst-IRES-Cre/wt;Ai32(RCL-ChR2(H134R)_EYFP)/wt,832810580,101,11,1020,,,,8.0,grey,831882777,1249.99685970866,3a,29999.9246330078,True,6
951100444,0.460855331745288,170.32821,0.0044209774125885,306.88,5.32346732879739,0.714237855946399,849773674,5.69495863573234,0.274706867671692,0.205634546053452,69.6883205990867,0.0053606544671714,47.18,0.947574334898279,0.0011837615764918,0.99,-0.0704620246294597,0.441391567134369,0.0618114123939553,2.85241023583945,100.0,-1.37353433835846,-0.824464847210153,832810580,101,11,1020,,,,8.0,grey,831882777,1249.99685970866,probeD,3a,29999.9246330078,True,2019-03-06T09:04:43Z,2019-10-03T00:00:00Z,803390291,functional_connectivity,137.0,M,Sst-IRES-Cre/wt;Ai32(RCL-ChR2(H134R)_EYFP)/wt,832810580,101,11,1020,,,,8.0,grey,831882777,1249.99685970866,3a,29999.9246330078,True,6
951100455,0.317980132385046,169.70187,0.0005574625770389,124.93,4.2491511850852,0.686767169179229,849773674,4.72576838906566,0.233500837520938,0.0187709820912763,68.1918960736763,0.0027056470412328,37.18,0.968838526912181,0.0023150547665941,0.99,-0.0519136476972997,0.510913302532048,0.052898258413334,3.00579652227425,100.0,1.03015075376884,-0.960441304265689,832810580,101,11,1020,,,,8.0,grey,831882777,1249.99685970866,probeD,3a,29999.9246330078,True,2019-03-06T09:04:43Z,2019-10-03T00:00:00Z,803390291,functional_connectivity,137.0,M,Sst-IRES-Cre/wt;Ai32(RCL-ChR2(H134R)_EYFP)/wt,832810580,101,11,1020,,,,8.0,grey,831882777,1249.99685970866,3a,29999.9246330078,True,6
951103017,0.551088007535277,96.374655,0.0347919552087576,348.18,3.34663928636664,0.673031825795645,849773674,1.22795956871522,0.233500837520938,0.0252738288858716,45.433804911228,0.0058136113922886,41.88,0.743589743589744,0.0033303057826218,0.99,-0.0378721208324637,0.278649352186566,0.087930974156176,1.71733356272769,130.0,2.74706867671692,-0.482372178352078,832810580,101,11,1020,,,,8.0,grey,831882777,1249.99685970866,probeD,3a,29999.9246330078,True,2019-03-06T09:04:43Z,2019-10-03T00:00:00Z,803390291,functional_connectivity,137.0,M,Sst-IRES-Cre/wt;Ai32(RCL-ChR2(H134R)_EYFP)/wt,832810580,101,11,1020,,,,8.0,grey,831882777,1249.99685970866,3a,29999.9246330078,True,6
951103430,0.461094862920972,99.54438,0.0334779655781854,246.85,2.36880385589166,0.618090452261307,849773674,2.32017963057983,0.233500837520938,0.0920320951438823,57.6202874337666,0.0038915749020173,36.51,0.763005780346821,0.0061734676571351,0.99,-0.0352855119367444,0.293281905668081,0.0179019528647982,1.8888098119994,110.0,1.03015075376885,-0.549413735343383,832810580,101,11,1020,,,,8.0,grey,831882777,1249.99685970866,probeD,3a,29999.9246330078,True,2019-03-06T09:04:43Z,2019-10-03T00:00:00Z,803390291,functional_connectivity,137.0,M,Sst-IRES-Cre/wt;Ai32(RCL-ChR2(H134R)_EYFP)/wt,832810580,101,11,1020,,,,8.0,grey,831882777,1249.99685970866,3a,29999.9246330078,True,6
951100589,0.34472956410522,264.71172,3.18384008379818e-05,84.37,6.3151786502991,0.741708542713568,849773684,0.82643499002379,0.206030150753769,0.167395214517314,73.8122138174436,9.98512546187911e-05,31.05,0.990610328638498,0.000235001846443,0.95,-0.0897172559962473,0.665817569832481,0.245376727675096,4.37579640821029,110.0,-0.343383584589615,-0.778336125069793,832810580,106,59,1080,,,,8.0,grey,831882777,1249.99685970866,probeD,3a,29999.9246330078,True,2019-03-06T09:04:43Z,2019-10-03T00:00:00Z,803390291,functional_connectivity,137.0,M,Sst-IRES-Cre/wt;Ai32(RCL-ChR2(H134R)_EYFP)/wt,832810580,106,59,1080,,,,8.0,grey,831882777,1249.99685970866,3a,29999.9246330078,True,1
951100614,0.275544943269826,88.14858,0.0006299479629829,145.94,2.76804956423449,0.83785594639866,849773686,10.258653036843,0.260971524288107,0.0141228745040199,67.3021757199644,0.0099871473919367,53.54,0.9,0.0128290569810063,0.99,-0.0172992163073607,0.226056541155373,0.0283216635911682,2.03998641320787,110.0,0.343383584589615,-0.68676716917923,832810580,107,27,1080,,,,8.0,grey,831882777,1249.99685970866,probeD,3a,29999.9246330078,True,2019-03-06T09:04:43Z,2019-10-03T00:00:00Z,803390291,functional_connectivity,137.0,M,Sst-IRES-Cre/wt;Ai32(RCL-ChR2(H134R)_EYFP)/wt,832810580,107,27,1080,,,,8.0,grey,831882777,1249.99685970866,3a,29999.9246330078,True,1
951100652,0.528884307639591,123.901635,0.0003574245645701,68.79,4.56818085637873,0.384589614740369,849773694,11.1937813098805,0.164824120603015,0.0100368972932742,64.6414077393617,0.0096468084046228,34.45,0.974666666666667,0.0015187676285528,0.99,-0.0693240152199949,0.446679051839767,0.18922952395346,2.85764796620003,70.0,-0.686767169179227,-0.255084948552286,832810580,111,27,1120,,,,8.0,grey,831882777,1249.99685970866,probeD,3a,29999.9246330078,True,2019-03-06T09:04:43Z,2019-10-03T00:00:00Z,803390291,functional_connectivity,137.0,M,Sst-IRES-Cre/wt;Ai32(RCL-ChR2(H134R)_EYFP)/wt,832810580,111,27,1120,,,,8.0,grey,831882777,1249.99685970866,3a,29999.9246330078,True,1
951100739,0.531785241889512,140.076495,0.0003307914472106,363.69,7.60613989260799,0.1785594639866,849773700,19.2668757701289,0.109882747068677,0.053795737881499,137.611591737231,0.0003581311354626,30.44,1.0,0.0,0.99,-0.161146766824061,0.555047326008113,0.085061597783696,3.6246343617963,90.0,-0.343383584589614,-0.441493180186648,832810580,114,59,1160,,,,8.0,grey,831882777,1249.99685970866,probeD,3a,29999.9246330078,True,2019-03-06T09:04:43Z,2019-10-03T00:00:00Z,803390291,functional_connectivity,137.0,M,Sst-IRES-Cre/wt;Ai32(RCL-ChR2(H134R)_EYFP)/wt,832810580,114,59,1160,,,,8.0,grey,831882777,1249.99685970866,3a,29999.9246330078,True,1
951100826,0.617975053695217,59.469735,0.0402503408486696,664.39,4.261294261585,0.206030150753769,849773712,3.42256744576658,0.109882747068677,0.0488007396882868,64.551400688991,0.0049723052255487,42.34,0.96680216802168,0.0003155237694572,0.99,-0.0256884989701168,0.0565734443799986,0.124340603318145,0.606364417098173,30.0,,0.343383584589615,832810580,120,43,1220,,,,409.0,VISl,831882777,1249.99685970866,probeD,3a,29999.9246330078,True,2019-03-06T09:04:43Z,2019-10-03T00:00:00Z,803390291,functional_connectivity,137.0,M,Sst-IRES-Cre/wt;Ai32(RCL-ChR2(H134R)_EYFP)/wt,832810580,120,43,1220,,,,409.0,VISl,831882777,1249.99685970866,3a,29999.9246330078,True,3
951100840,4.58519747352286,75.065835,0.0937022641342624,1143.95,5.90662519716218,0.412060301507538,849773712,7.44655750053793,0.15108877721943,0.0323017416478222,105.505216643546,0.0001267428747159,54.8,0.988,0.0009310986964618,0.99,-0.015678571089791,0.2909271666991,0.0927843359552855,2.33706754591941,30.0,6.18090452261307,-0.68676716917923,832810580,120,43,1220,,,,409.0,VISl,831882777,1249.99685970866,probeD,3a,29999.9246330078,True,2019-03-06T09:04:43Z,2019-10-03T00:00:00Z,803390291,functional_connectivity,137.0,M,Sst-IRES-Cre/wt;Ai32(RCL-ChR2(H134R)_EYFP)/wt,832810580,120,43,1220,,,,409.0,VISl,831882777,1249.99685970866,3a,29999.9246330078,True,3
951100853,0.516056113347351,151.049535,1.55469502131055e-05,62.91,9.62764482998396,0.370854271356784,849773712,5.29943303150098,0.1785594639866,0.0,176.229989877176,2.322342355152e-12,45.94,1.0,0.0,0.99,-0.107872374119409,0.575925120232055,0.203461703532435,4.10686442081565,60.0,0.892797319932998,0.343383584589615,832810580,120,43,1220,,,,409.0,VISl,831882777,1249.99685970866,probeD,3a,29999.9246330078,True,2019-03-06T09:04:43Z,2019-10-03T00:00:00Z,803390291,functional_connectivity,137.0,M,Sst-IRES-Cre/wt;Ai32(RCL-ChR2(H134R)_EYFP)/wt,832810580,120,43,1220,,,,409.0,VISl,831882777,1249.99685970866,3a,29999.9246330078,True,3
951100923,0.459501562397116,166.54287,0.0046570106188993,216.02,4.21801621453781,0.700502512562814,849773722,4.57874267602748,0.1785594639866,0.258127958413543,48.2538105632694,0.0250995922611218,36.71,0.927800269905533,0.0046637211585665,0.99,-0.0913541265330481,0.460948234989476,0.0768735634015326,3.96741687828069,60.0,0.892797319932998,0.0,832810580,125,11,1260,,,,409.0,VISl,831882777,1249.99685970866,probeD,3a,29999.9246330078,True,2019-03-06T09:04:43Z,2019-10-03T00:00:00Z,803390291,functional_connectivity,137.0,M,Sst-IRES-Cre/wt;Ai32(RCL-ChR2(H134R)_EYFP)/wt,832810580,125,11,1260,,,,409.0,VISl,831882777,1249.99685970866,3a,29999.9246330078,True,2
951100990,0.419025474489686,107.996265,0.0432196691849975,268.47,3.0060406897958,0.645561139028476,849773722,2.927296181445,0.192294807370184,0.342449525535743,43.8070054556335,0.0251091510108039,27.33,0.845474613686534,0.003437134804427,0.99,-0.0449769449559511,0.313287992619148,0.0451635492218862,2.64901260395517,70.0,1.37353433835846,-0.343383584589614,832810580,125,11,1260,,,,409.0,VISl,831882777,1249.99685970866,probeD,3a,29999.9246330078,True,2019-03-06T09:04:43Z,2019-10-03T00:00:00Z,803390291,functional_connectivity,137.0,M,Sst-IRES-Cre/wt;Ai32(RCL-ChR2(H134R)_EYFP)/wt,832810580,125,11,1260,,,,409.0,VISl,831882777,1249.99685970866,3a,29999.9246330078,True,2
951100938,0.307510985164779,80.78967,0.02914554430604,164.48,3.40425950112578,0.810385259631491,849773724,5.45388120446433,0.260971524288107,0.0960924113044092,47.309463765843,0.0365126968076491,41.19,0.854,0.0097154753643303,0.99,-0.014154021579353,0.154368170116564,0.148756885840716,1.67842163176572,70.0,1.03015075376885,0.0686767169179225,832810580,126,59,1280,,,,409.0,VISl,831882777,1249.99685970866,probeD,3a,29999.9246330078,True,2019-03-06T09:04:43Z,2019-10-03T00:00:00Z,803390291,functional_connectivity,137.0,M,Sst-IRES-Cre/wt;Ai32(RCL-ChR2(H134R)_EYFP)/wt,832810580,126,59,1280,,,,409.0,VISl,831882777,1249.99685970866,3a,29999.9246330078,True,2
951100952,0.426674384853107,180.652485,0.0008203660996851,129.96,4.75547335273252,0.714237855946399,849773724,2.37386536812075,0.192294807370184,0.0473396504475095,53.2092821526446,0.0073369954042899,44.04,0.972813238770686,0.0017493311380942,0.99,-0.0898260385764124,0.49335096580011,0.234311437289286,4.26224418234765,70.0,1.5108877721943,0.343383584589614,832810580,126,59,1280,,,,409.0,VISl,831882777,1249.99685970866,probeD,3a,29999.9246330078,True,2019-03-06T09:04:43Z,2019-10-03T00:00:00Z,803390291,functional_connectivity,137.0,M,Sst-IRES-Cre/wt;Ai32(RCL-ChR2(H134R)_EYFP)/wt,832810580,126,59,1280,,,,409.0,VISl,831882777,1249.99685970866,3a,29999.9246330078,True,2
951101003,0.318317620135455,128.41959,0.0018969628636182,95.02,3.0372458100698,0.631825795644891,849773726,0.549363711995391,0.137353433835846,0.0,64.5624872793234,0.0003453174677148,31.69,0.94047619047619,0.0001676052561008,0.97,-0.0626453488676283,0.474822918416523,0.0388404685081202,2.90463889440499,60.0,0.892797319932998,-0.343383584589614,832810580,127,27,1280,,,,409.0,VISl,831882777,1249.99685970866,probeD,3a,29999.9246330078,True,2019-03-06T09:04:43Z,2019-10-03T00:00:00Z,803390291,functional_connectivity,137.0,M,Sst-IRES-Cre/wt;Ai32(RCL-ChR2(H134R)_EYFP)/wt,832810580,127,27,1280,,,,409.0,VISl,831882777,1249.99685970866,3a,29999.9246330078,True,1
951101040,0.559362674419434,115.352835,0.0004074838222805,168.11,4.71821910464195,0.631825795644891,849773728,2.21667190176041,0.1785594639866,0.240435193471402,55.0675552572956,0.0067563021510877,33.82,0.929559748427673,0.0014038692004793,0.99,-0.0679214671609279,0.318352177824385,0.130172257017351,3.13491467105333,90.0,1.82483847810481,0.206030150753769,832810580,128,43,1300,,,,409.0,VISl,831882777,1249.99685970866,probeD,3a,29999.9246330078,True,2019-03-06T09:04:43Z,2019-10-03T00:00:00Z,803390291,functional_connectivity,137.0,M,Sst-IRES-Cre/wt;Ai32(RCL-ChR2(H134R)_EYFP)/wt,832810580,128,43,1300,,,,409.0,VISl,831882777,1249.99685970866,3a,29999.9246330078,True,1
951101079,0.576612199582805,204.929985,0.0068140258389871,83.17,3.01282471543441,0.590619765494137,849773730,0.840466489608348,0.219765494137353,0.431606879609863,43.4808584708405,0.0094742206388575,17.19,0.895622895622896,0.0004039995960004,0.99,-0.125448126941229,0.622144583769311,0.202236329234697,3.80668290723481,70.0,1.66786312514956,0.0,832810580,129,11,1300,,,,409.0,VISl,831882777,1249.99685970866,probeD,3a,29999.9246330078,True,2019-03-06T09:04:43Z,2019-10-03T00:00:00Z,803390291,functional_connectivity,137.0,M,Sst-IRES-Cre/wt;Ai32(RCL-ChR2(H134R)_EYFP)/wt,832810580,129,11,1300,,,,409.0,VISl,831882777,1249.99685970866,3a,29999.9246330078,True,1
951101132,0.543399992583766,123.61323,0.0028156197701283,171.84,2.34287808555529,0.590619765494137,849773734,1.03751754899148,0.206030150753769,0.318633022319809,45.0482202754096,0.0072143969519276,34.29,0.840579710144927,0.0004037141703673,0.99,-0.0486248376166246,0.351981184329901,0.11244162433125,2.67832558105687,80.0,1.03015075376884,1.03015075376884,832810580,131,27,1320,,,,409.0,VISl,831882777,1249.99685970866,probeD,3a,29999.9246330078,True,2019-03-06T09:04:43Z,2019-10-03T00:00:00Z,803390291,functional_connectivity,137.0,M,Sst-IRES-Cre/wt;Ai32(RCL-ChR2(H134R)_EYFP)/wt,832810580,131,27,1320,,,,409.0,VISl,831882777,1249.99685970866,3a,29999.9246330078,True,1
951101157,0.400000766775816,169.305435,9.71661179781033e-06,143.74,4.56338799056916,0.727973199329983,849773738,2.70797774228637,0.137353433835846,0.0,88.3397284910976,0.0001878944740616,50.0,0.994047619047619,0.000103476821192,0.98,-0.0611188603273315,0.518611048855679,0.175786488825071,4.00602259499972,50.0,0.343383584589615,0.343383584589614,832810580,133,11,1340,,,,409.0,VISl,831882777,1249.99685970866,probeD,3a,29999.9246330078,True,2019-03-06T09:04:43Z,2019-10-03T00:00:00Z,803390291,functional_connectivity,137.0,M,Sst-IRES-Cre/wt;Ai32(RCL-ChR2(H134R)_EYFP)/wt,832810580,133,11,1340,,,,409.0,VISl,831882777,1249.99685970866,3a,29999.9246330078,True,3
951101189,0.611734881312658,211.09803,0.000298381407397,60.56,4.2218115972916,0.384589614740369,849773738,6.18412924806065,0.192294807370184,0.003986043665751,81.08026830684,0.003460455533377,42.66,0.998,0.0004441483455474,0.99,-0.161211013796998,0.818958654579356,0.0273273934398588,3.66101809293975,60.0,-0.137353433835845,0.0,832810580,133,11,1340,,,,409.0,VISl,831882777,1249.99685970866,probeD,3a,29999.9246330078,True,2019-03-06T09:04:43Z,2019-10-03T00:00:00Z,803390291,functional_connectivity,137.0,M,Sst-IRES-Cre/wt;Ai32(RCL-ChR2(H134R)_EYFP)/wt,832810580,133,11,1340,,,,409.0,VISl,831882777,1249.99685970866,3a,29999.9246330078,True,3
951103120,0.68161400432461,102.09888,0.0236456698409029,197.48,2.87197623345662,0.618090452261307,849773738,3.59033537558195,0.219765494137353,0.301556928694035,66.2679625883129,0.005189614835031,44.67,0.912359550561798,0.004744461887319,0.99,-0.0440735472207385,0.261706048146913,0.0669575049867534,2.29375520757354,100.0,1.98181383106006,0.549413735343383,832810580,133,11,1340,,,,409.0,VISl,831882777,1249.99685970866,probeD,3a,29999.9246330078,True,2019-03-06T09:04:43Z,2019-10-03T00:00:00Z,803390291,functional_connectivity,137.0,M,Sst-IRES-Cre/wt;Ai32(RCL-ChR2(H134R)_EYFP)/wt,832810580,133,11,1340,,,,409.0,VISl,831882777,1249.99685970866,3a,29999.9246330078,True,3
951101203,0.524364831900545,88.31901,0.0267241264670312,182.97,3.76951562415072,0.384589614740369,849773740,3.07838899581204,0.15108877721943,0.10053845081601,68.1552013670491,0.0037198076927384,40.03,0.954051796157059,0.0030205186959691,0.99,-0.0503824293319906,0.339108931431502,0.136941342606511,2.43529114705049,70.0,0.549413735343384,-0.68676716917923,832810580,134,59,1360,,,,409.0,VISl,831882777,1249.99685970866,probeD,3a,29999.9246330078,True,2019-03-06T09:04:43Z,2019-10-03T00:00:00Z,803390291,functional_connectivity,137.0,M,Sst-IRES-Cre/wt;Ai32(RCL-ChR2(H134R)_EYFP)/wt,832810580,134,59,1360,,,,409.0,VISl,831882777,1249.99685970866,3a,29999.9246330078,True,1
951101214,0.201941074534877,98.115615,0.0015864402592207,107.55,4.73868531296338,0.714237855946399,849773742,6.31224293991965,0.1785594639866,0.0114776509094523,90.7258058664226,0.0011409884673202,42.03,0.992,0.00159753208836,0.99,-0.0175490437247511,0.286074681808959,0.123580893990782,2.11541468644442,50.0,0.68676716917923,0.343383584589614,832810580,135,27,1360,,,,409.0,VISl,831882777,1249.99685970866,probeD,3a,29999.9246330078,True,2019-03-06T09:04:43Z,2019-10-03T00:00:00Z,803390291,functional_connectivity,137.0,M,Sst-IRES-Cre/wt;Ai32(RCL-ChR2(H134R)_EYFP)/wt,832810580,135,27,1360,,,,409.0,VISl,831882777,1249.99685970866,3a,29999.9246330078,True,1
951101225,0.625785674206863,90.332775,0.0147869006244834,255.17,3.1130202297489,0.618090452261306,849773744,1.75820790446498,0.247236180904523,0.431486054530785,44.240792490465,0.0175519171219895,49.53,0.81140350877193,0.0027971073816346,0.99,-0.0244713481920577,0.187020604368753,0.108345288082351,1.43012463384956,70.0,1.57956448911223,0.48073701842546,832810580,136,43,1380,,,,409.0,VISl,831882777,1249.99685970866,probeD,3a,29999.9246330078,True,2019-03-06T09:04:43Z,2019-10-03T00:00:00Z,803390291,functional_connectivity,137.0,M,Sst-IRES-Cre/wt;Ai32(RCL-ChR2(H134R)_EYFP)/wt,832810580,136,43,1380,,,,409.0,VISl,831882777,1249.99685970866,3a,29999.9246330078,True,2
951101237,0.654196180734623,187.386225,5.10468371564603e-05,66.62,8.11225987847425,0.233500837520938,849773744,22.5493315751164,0.123618090452261,0.0004497002003583,157.071492687945,8.13804732944564e-06,42.36,1.0,0.0,0.99,-0.198509430270469,0.852641881187498,0.070733374356842,3.72829841073146,50.0,0.343383584589615,-0.343383584589615,832810580,136,43,1380,,,,409.0,VISl,831882777,1249.99685970866,probeD,3a,29999.9246330078,True,2019-03-06T09:04:43Z,2019-10-03T00:00:00Z,803390291,functional_connectivity,137.0,M,Sst-IRES-Cre/wt;Ai32(RCL-ChR2(H134R)_EYFP)/wt,832810580,136,43,1380,,,,409.0,VISl,831882777,1249.99685970866,3a,29999.9246330078,True,2
951101249,0.423649790702845,91.759005,0.0884837914354932,368.11,3.5071167508421,0.65929648241206,849773746,4.37945471091347,0.233500837520938,0.246388697753047,57.7849612473802,0.0079481431814403,42.41,0.917628945342571,0.0040416710219156,0.99,-0.0196077971229201,0.230230158839449,0.103905917021476,2.12835357843152,80.0,1.37353433835846,0.274706867671691,832810580,137,11,1380,,,,409.0,VISl,831882777,1249.99685970866,probeD,3a,29999.9246330078,True,2019-03-06T09:04:43Z,2019-10-03T00:00:00Z,803390291,functional_connectivity,137.0,M,Sst-IRES-Cre/wt;Ai32(RCL-ChR2(H134R)_EYFP)/wt,832810580,137,11,1380,,,,409.0,VISl,831882777,1249.99685970866,3a,29999.9246330078,True,1
951101293,0.470635140867517,139.433385,0.0006290204638699,145.35,5.1190769386958,0.631825795644891,849773750,1.76502029919082,0.164824120603015,0.159031486867313,66.8009345568472,0.0006279565634516,41.78,0.975,0.0004723346828609,0.99,-0.0668895100131585,0.400707807804597,0.135140859135383,3.10496385738191,70.0,2.54103852596315,0.206030150753768,832810580,139,27,1400,,,,409.0,VISl,831882777,1249.99685970866,probeD,3a,29999.9246330078,True,2019-03-06T09:04:43Z,2019-10-03T00:00:00Z,803390291,functional_connectivity,137.0,M,Sst-IRES-Cre/wt;Ai32(RCL-ChR2(H134R)_EYFP)/wt,832810580,139,27,1400,,,,409.0,VISl,831882777,1249.99685970866,3a,29999.9246330078,True,1
951101308,0.534540179625328,75.653565,0.0261121577387268,193.26,3.9174213988381,0.618090452261306,849773752,5.23080069657651,0.260971524288107,0.0376068185318369,63.6583743115899,0.004755723357154,36.22,0.943198804185351,0.0038727234666108,0.99,-0.0473489477615805,0.158942858057152,0.0706403524838881,1.87856811666485,90.0,0.549413735343384,-0.480737018425461,832810580,140,43,1420,,,,409.0,VISl,831882777,1249.99685970866,probeD,3a,29999.9246330078,True,2019-03-06T09:04:43Z,2019-10-03T00:00:00Z,803390291,functional_connectivity,137.0,M,Sst-IRES-Cre/wt;Ai32(RCL-ChR2(H134R)_EYFP)/wt,832810580,140,43,1420,,,,409.0,VISl,831882777,1249.99685970866,3a,29999.9246330078,True,2
951101321,0.384743656158058,110.53731,0.0064623704232746,194.31,3.79701551452234,0.604355108877722,849773752,1.47961146343826,0.164824120603015,0.348155930184106,50.1228391049661,0.0036956924860293,31.95,0.880952380952381,0.0004370041683474,0.99,-0.0573891611361473,0.337082067275601,0.0648482619387481,2.52498438731272,70.0,1.16750418760469,-0.68676716917923,832810580,140,43,1420,,,,409.0,VISl,831882777,1249.99685970866,probeD,3a,29999.9246330078,True,2019-03-06T09:04:43Z,2019-10-03T00:00:00Z,803390291,functional_connectivity,137.0,M,Sst-IRES-Cre/wt;Ai32(RCL-ChR2(H134R)_EYFP)/wt,832810580,140,43,1420,,,,409.0,VISl,831882777,1249.99685970866,3a,29999.9246330078,True,2
951101384,0.27341739576091,174.34209,0.0004686183874397,138.71,2.28831106109661,0.673031825795645,849773756,2.51936591816061,0.164824120603015,0.0,36.9795941477027,0.019792571080642,32.55,0.89937106918239,0.0001684522606293,0.99,-0.0545294698613333,0.57901857122119,0.0796279668495782,3.44078590606725,40.0,1.71691792294807,0.0,832810580,142,59,1440,,,,409.0,VISl,831882777,1249.99685970866,probeD,3a,29999.9246330078,True,2019-03-06T09:04:43Z,2019-10-03T00:00:00Z,803390291,functional_connectivity,137.0,M,Sst-IRES-Cre/wt;Ai32(RCL-ChR2(H134R)_EYFP)/wt,832810580,142,59,1440,,,,409.0,VISl,831882777,1249.99685970866,3a,29999.9246330078,True,1
951101414,0.530759989834736,137.9586,0.0505146697969904,92.25,3.42361198930971,0.549413735343384,849773762,12.6204187785104,0.247236180904523,0.174189921347564,60.457957162564,0.0099979422461511,29.9,0.877982276755283,0.008691690323485,0.99,-0.0546372121377701,0.339068842044085,0.115364585219235,2.60599727303789,30.0,0.68676716917923,,832810580,145,11,1460,,,,409.0,VISl,831882777,1249.99685970866,probeD,3a,29999.9246330078,True,2019-03-06T09:04:43Z,2019-10-03T00:00:00Z,803390291,functional_connectivity,137.0,M,Sst-IRES-Cre/wt;Ai32(RCL-ChR2(H134R)_EYFP)/wt,832810580,145,11,1460,,,,409.0,VISl,831882777,1249.99685970866,3a,29999.9246330078,True,1
951101428,0.436471595367141,152.920755,0.0339508285721505,150.41,3.11040079790856,0.604355108877722,849773770,7.60171741623384,0.219765494137353,0.383840093338841,35.2140150569485,0.0525903381680976,37.4,0.497732426303855,0.0105433065457792,0.99,-0.0601875250856815,0.406934232676031,0.104850868992001,2.33387881207746,30.0,,0.343383584589614,832810580,149,11,1500,,,,409.0,VISl,831882777,1249.99685970866,probeD,3a,29999.9246330078,True,2019-03-06T09:04:43Z,2019-10-03T00:00:00Z,803390291,functional_connectivity,137.0,M,Sst-IRES-Cre/wt;Ai32(RCL-ChR2(H134R)_EYFP)/wt,832810580,149,11,1500,,,,409.0,VISl,831882777,1249.99685970866,3a,29999.9246330078,True,4
951101602,0.557848561293354,129.634635,0.0511299023765494,324.45,2.98442538061592,0.618090452261307,849773770,1.96491832950415,0.288442211055276,0.108578253929523,42.4667728095595,0.0066356386682509,38.84,0.436363636363636,0.0022121669180492,0.99,-0.0543961236892604,0.281788208303372,0.0452015109292941,2.27131739339731,40.0,2.74706867671692,0.0,832810580,149,11,1500,,,,409.0,VISl,831882777,1249.99685970866,probeD,3a,29999.9246330078,True,2019-03-06T09:04:43Z,2019-10-03T00:00:00Z,803390291,functional_connectivity,137.0,M,Sst-IRES-Cre/wt;Ai32(RCL-ChR2(H134R)_EYFP)/wt,832810580,149,11,1500,,,,409.0,VISl,831882777,1249.99685970866,3a,29999.9246330078,True,4
951101616,0.536063604658351,190.61991,0.02299765993567,89.95,3.17780035107485,0.576884422110553,849773770,14.5936746657388,0.247236180904523,0.0526086534319347,56.6109276101259,0.0084543610253077,42.7,0.930120481927711,0.0060511215440792,0.99,-0.0905708382182477,0.458179418233891,0.0433917676144815,3.33671761867005,60.0,0.686767169179229,-0.343383584589614,832810580,149,11,1500,,,,409.0,VISl,831882777,1249.99685970866,probeD,3a,29999.9246330078,True,2019-03-06T09:04:43Z,2019-10-03T00:00:00Z,803390291,functional_connectivity,137.0,M,Sst-IRES-Cre/wt;Ai32(RCL-ChR2(H134R)_EYFP)/wt,832810580,149,11,1500,,,,409.0,VISl,831882777,1249.99685970866,3a,29999.9246330078,True,4
951103146,0.451355978881402,169.85514,0.0262726719118849,109.48,3.69824591368538,0.549413735343384,849773770,15.8126866115305,0.206030150753769,0.166437232897072,54.8665910147208,0.0138325024546201,35.86,0.833333333333333,0.0107504363001745,0.99,-0.0753100701679906,0.48264777726563,-0.0141309420760692,2.80710399482888,40.0,0.68676716917923,0.0,832810580,149,11,1500,,,,409.0,VISl,831882777,1249.99685970866,probeD,3a,29999.9246330078,True,2019-03-06T09:04:43Z,2019-10-03T00:00:00Z,803390291,functional_connectivity,137.0,M,Sst-IRES-Cre/wt;Ai32(RCL-ChR2(H134R)_EYFP)/wt,832810580,149,11,1500,,,,409.0,VISl,831882777,1249.99685970866,3a,29999.9246330078,True,4
951101456,0.66077024583015,145.95477,0.0015425844809062,147.04,3.70415191800138,0.576884422110553,849773764,20.2707380556241,0.315912897822446,0.0145612851053903,66.4224370027991,0.0131235431667533,49.02,0.909333333333333,0.0161104718066743,0.99,-0.0682337019834204,0.318558826628238,0.0659838285299892,2.77995555682863,110.0,1.01552037547806,0.824120603015075,832810580,146,59,1480,,,,409.0,VISl,831882777,1249.99685970866,probeD,3a,29999.9246330078,True,2019-03-06T09:04:43Z,2019-10-03T00:00:00Z,803390291,functional_connectivity,137.0,M,Sst-IRES-Cre/wt;Ai32(RCL-ChR2(H134R)_EYFP)/wt,832810580,146,59,1480,,,,409.0,VISl,831882777,1249.99685970866,3a,29999.9246330078,True,2
951101485,0.456642522367225,152.21856,0.0149673105682369,176.91,2.30012068978613,0.590619765494137,849773764,1.81433390280321,0.1785594639866,0.0,36.6730165700817,0.0143472874095094,39.43,0.82089552238806,0.0001342326923722,0.99,-0.0700551229731952,0.532799666624842,0.129896611392517,2.45376516622732,30.0,1.03015075376884,,832810580,146,59,1480,,,,409.0,VISl,831882777,1249.99685970866,probeD,3a,29999.9246330078,True,2019-03-06T09:04:43Z,2019-10-03T00:00:00Z,803390291,functional_connectivity,137.0,M,Sst-IRES-Cre/wt;Ai32(RCL-ChR2(H134R)_EYFP)/wt,832810580,146,59,1480,,,,409.0,VISl,831882777,1249.99685970866,3a,29999.9246330078,True,2
951101508,0.50525449525287,179.94717,0.0186368996090351,97.61,3.24747240103377,0.631825795644891,849773766,8.30491923599325,0.247236180904523,0.0663055062688449,63.1142510237439,0.0036612675029297,35.06,0.904059040590406,0.0030150409428855,0.99,-0.0676533364390575,0.436661609454726,0.124164039059843,3.06504474231567,60.0,0.343383584589615,-0.274706867671692,832810580,147,27,1480,,,,409.0,VISl,831882777,1249.99685970866,probeD,3a,29999.9246330078,True,2019-03-06T09:04:43Z,2019-10-03T00:00:00Z,803390291,functional_connectivity,137.0,M,Sst-IRES-Cre/wt;Ai32(RCL-ChR2(H134R)_EYFP)/wt,832810580,147,27,1480,,,,409.0,VISl,831882777,1249.99685970866,3a,29999.9246330078,True,2
951101524,0.585701671276873,293.242755,0.0004052494480412,179.69,4.75954442599363,0.604355108877722,849773766,7.62357808587645,0.219765494137353,0.0006557245898051,80.7484535287049,0.0001233878244617,45.87,0.991967871485944,0.0001709226404129,0.99,-0.164618261265836,0.714749241430164,0.180082334858961,4.27874933524554,80.0,0.549413735343384,0.412060301507537,832810580,147,27,1480,,,,409.0,VISl,831882777,1249.99685970866,probeD,3a,29999.9246330078,True,2019-03-06T09:04:43Z,2019-10-03T00:00:00Z,803390291,functional_connectivity,137.0,M,Sst-IRES-Cre/wt;Ai32(RCL-ChR2(H134R)_EYFP)/wt,832810580,147,27,1480,,,,409.0,VISl,831882777,1249.99685970866,3a,29999.9246330078,True,2
951101537,0.556111240666226,145.180425,0.0281418682845834,117.33,3.48905755261614,0.590619765494137,849773768,11.5901203343777,0.247236180904523,0.0524849773845829,68.3017933330203,0.0022233301972768,40.0,0.94547053649956,0.0021827252884315,0.99,-0.0727948283214247,0.357845889214481,0.110656536233366,2.63419685733208,150.0,1.09882747068677,0.367910983488873,832810580,148,43,1500,,,,409.0,VISl,831882777,1249.99685970866,probeD,3a,29999.9246330078,True,2019-03-06T09:04:43Z,2019-10-03T00:00:00Z,803390291,functional_connectivity,137.0,M,Sst-IRES-Cre/wt;Ai32(RCL-ChR2(H134R)_EYFP)/wt,832810580,148,43,1500,,,,409.0,VISl,831882777,1249.99685970866,3a,29999.9246330078,True,4
951101549,0.639876636674049,169.554645,0.000144008085938,87.76,6.45280942164257,0.233500837520938,849773768,16.9448659439511,0.15108877721943,0.003052746467825,101.707663723407,0.0005196084407143,34.15,0.998,0.0003017273893037,0.99,-0.17897223108863,0.774378020439616,0.0789663993126066,2.85079806128111,70.0,0.217547364149942,-0.686767169179227,832810580,148,43,1500,,,,409.0,VISl,831882777,1249.99685970866,probeD,3a,29999.9246330078,True,2019-03-06T09:04:43Z,2019-10-03T00:00:00Z,803390291,functional_connectivity,137.0,M,Sst-IRES-Cre/wt;Ai32(RCL-ChR2(H134R)_EYFP)/wt,832810580,148,43,1500,,,,409.0,VISl,831882777,1249.99685970866,3a,29999.9246330078,True,4
951101562,0.499656735342437,159.070665,0.0009007630642203,127.05,2.73326012144253,0.563149078726968,849773768,2.23670237580504,0.1785594639866,0.0304707237134631,54.6117364514049,0.0014986654281246,37.53,0.952380952380952,0.0001007049345417,0.99,-0.070299941971025,0.529550629822419,0.132196435450436,2.48605507310777,70.0,1.24360541445969,0.343383584589615,832810580,148,43,1500,,,,409.0,VISl,831882777,1249.99685970866,probeD,3a,29999.9246330078,True,2019-03-06T09:04:43Z,2019-10-03T00:00:00Z,803390291,functional_connectivity,137.0,M,Sst-IRES-Cre/wt;Ai32(RCL-ChR2(H134R)_EYFP)/wt,832810580,148,43,1500,,,,409.0,VISl,831882777,1249.99685970866,3a,29999.9246330078,True,4
951101659,0.564053168888931,158.775825,0.0123665725992523,110.71,3.69831734560527,0.65929648241206,849773768,7.99368430680245,0.274706867671692,0.0381702640777531,53.3832242252561,0.0076003164668684,35.69,0.84570596797671,0.0015692696073414,0.99,-0.0800195562225416,0.407926155608618,0.112043758118134,2.77250674443975,90.0,0.353194544149318,0.755443886097153,832810580,148,43,1500,,,,409.0,VISl,831882777,1249.99685970866,probeD,3a,29999.9246330078,True,2019-03-06T09:04:43Z,2019-10-03T00:00:00Z,803390291,functional_connectivity,137.0,M,Sst-IRES-Cre/wt;Ai32(RCL-ChR2(H134R)_EYFP)/wt,832810580,148,43,1500,,,,409.0,VISl,831882777,1249.99685970866,3a,29999.9246330078,True,4
951101675,0.795125844300493,72.743775,0.066187115148483,129.97,3.54608680530079,0.32964824120603,849773776,12.2575316624432,0.219765494137353,0.0073558205618998,66.1760230383728,0.0031535129747602,25.96,0.946969696969697,0.0023148148148148,0.99,-0.0641574128561522,0.304528217529805,0.0184106187788049,1.41949089698157,50.0,0.0,-1.03015075376884,832810580,152,43,1540,,,,409.0,VISl,831882777,1249.99685970866,probeD,3a,29999.9246330078,True,2019-03-06T09:04:43Z,2019-10-03T00:00:00Z,803390291,functional_connectivity,137.0,M,Sst-IRES-Cre/wt;Ai32(RCL-ChR2(H134R)_EYFP)/wt,832810580,152,43,1540,,,,409.0,VISl,831882777,1249.99685970866,3a,29999.9246330078,True,2
951101695,0.447661737028715,131.640795,0.0206166123699331,147.91,3.45511381744516,0.576884422110553,849773776,7.85275924575755,0.192294807370184,0.0370805238412495,63.9232303013295,0.002152388842239,30.32,0.899259259259259,0.0034782608695652,0.99,-0.0574729777706958,0.347621253832343,0.072972170367511,2.78811421328315,80.0,0.618090452261307,0.892797319932998,832810580,152,43,1540,,,,409.0,VISl,831882777,1249.99685970866,probeD,3a,29999.9246330078,True,2019-03-06T09:04:43Z,2019-10-03T00:00:00Z,803390291,functional_connectivity,137.0,M,Sst-IRES-Cre/wt;Ai32(RCL-ChR2(H134R)_EYFP)/wt,832810580,152,43,1540,,,,409.0,VISl,831882777,1249.99685970866,3a,29999.9246330078,True,2
951101729,0.480605735606205,121.48851,0.0374304599939294,135.29,2.47424511550929,0.700502512562814,849773778,4.22927699434542,0.206030150753769,0.104400600377778,40.5407541515689,0.0154271506451585,43.01,0.691666666666667,0.0024628879892037,0.99,-0.053282503685187,0.321327159601793,0.0455881102641037,2.07410314202094,100.0,0.549413735343384,0.367910983488873,832810580,153,11,1540,,,,409.0,VISl,831882777,1249.99685970866,probeD,3a,29999.9246330078,True,2019-03-06T09:04:43Z,2019-10-03T00:00:00Z,803390291,functional_connectivity,137.0,M,Sst-IRES-Cre/wt;Ai32(RCL-ChR2(H134R)_EYFP)/wt,832810580,153,11,1540,,,,409.0,VISl,831882777,1249.99685970866,3a,29999.9246330078,True,4
951101743,0.454784393561758,120.411525,0.0254326249831252,157.84,2.52509507908825,0.631825795644891,849773778,4.48214901946712,0.206030150753769,0.0701888807386591,43.5085032482719,0.012773755977838,34.21,0.762254901960784,0.0021289537712895,0.99,-0.0461616862430792,0.370601358674902,0.0491889166046861,2.1116921358977,80.0,1.37353433835846,-0.686767169179229,832810580,153,11,1540,,,,409.0,VISl,831882777,1249.99685970866,probeD,3a,29999.9246330078,True,2019-03-06T09:04:43Z,2019-10-03T00:00:00Z,803390291,functional_connectivity,137.0,M,Sst-IRES-Cre/wt;Ai32(RCL-ChR2(H134R)_EYFP)/wt,832810580,153,11,1540,,,,409.0,VISl,831882777,1249.99685970866,3a,29999.9246330078,True,4
951101756,0.378481878848813,392.64459,8.46178861695834e-05,83.52,4.19501079959738,0.673031825795645,849773778,2.66049433427196,0.164824120603015,0.0,89.4030223656803,5.28568049632921e-05,38.51,0.9875,0.0001008064516129,0.99,-0.132212679570403,1.26821262035572,0.276159863644105,5.37347706164996,70.0,0.68676716917923,0.0,832810580,153,11,1540,,,,409.0,VISl,831882777,1249.99685970866,probeD,3a,29999.9246330078,True,2019-03-06T09:04:43Z,2019-10-03T00:00:00Z,803390291,functional_connectivity,137.0,M,Sst-IRES-Cre/wt;Ai32(RCL-ChR2(H134R)_EYFP)/wt,832810580,153,11,1540,,,,409.0,VISl,831882777,1249.99685970866,3a,29999.9246330078,True,4
951101768,0.493600049163363,113.56098,0.0278814414140418,135.56,3.24605617782267,0.645561139028476,849773778,9.05397762323553,0.247236180904523,0.309623967707472,62.4787217922816,0.0037461793735016,33.51,0.91030303030303,0.0041816623821765,0.99,-0.0553371822830793,0.311949574563316,0.109720286455123,1.99769187857996,90.0,0.367910983488873,-1.03015075376885,832810580,153,11,1540,,,,409.0,VISl,831882777,1249.99685970866,probeD,3a,29999.9246330078,True,2019-03-06T09:04:43Z,2019-10-03T00:00:00Z,803390291,functional_connectivity,137.0,M,Sst-IRES-Cre/wt;Ai32(RCL-ChR2(H134R)_EYFP)/wt,832810580,153,11,1540,,,,409.0,VISl,831882777,1249.99685970866,3a,29999.9246330078,True,4
951101808,0.463740397160358,109.50615,0.003681088286616,134.27,2.9917749616989,0.467001675041876,849773780,13.4987093104772,0.192294807370184,0.0100391264222546,62.7408445940039,0.0043017114923932,38.96,0.982810164424514,0.0006280092108017,0.99,-0.0661693987315163,0.37850060550688,0.0963868898513056,2.15018466051397,60.0,-0.480737018425461,-0.68676716917923,832810580,154,59,1560,,,,409.0,VISl,831882777,1249.99685970866,probeD,3a,29999.9246330078,True,2019-03-06T09:04:43Z,2019-10-03T00:00:00Z,803390291,functional_connectivity,137.0,M,Sst-IRES-Cre/wt;Ai32(RCL-ChR2(H134R)_EYFP)/wt,832810580,154,59,1560,,,,409.0,VISl,831882777,1249.99685970866,3a,29999.9246330078,True,2
951101820,0.424231874009858,127.294635,0.036236670260817,139.51,4.09925885434131,0.700502512562814,849773780,6.79033070112682,0.233500837520938,0.377723082118938,49.0571299227159,0.0108732019679346,31.96,0.805059523809524,0.003000545553737,0.99,-0.0476333169289989,0.322556610420506,0.0558662881399404,2.68271915058356,80.0,0.529791816223977,0.784876764776262,832810580,154,59,1560,,,,409.0,VISl,831882777,1249.99685970866,probeD,3a,29999.9246330078,True,2019-03-06T09:04:43Z,2019-10-03T00:00:00Z,803390291,functional_connectivity,137.0,M,Sst-IRES-Cre/wt;Ai32(RCL-ChR2(H134R)_EYFP)/wt,832810580,154,59,1560,,,,409.0,VISl,831882777,1249.99685970866,3a,29999.9246330078,True,2
951101847,0.477758049114761,83.0965200000001,0.0183220821312018,183.49,3.64355048907719,0.686767169179229,849773782,6.77192706761374,0.1785594639866,0.0132964166155969,61.7769813602066,0.0024870747205737,22.93,0.972222222222222,0.0008196721311475,0.99,-0.0315204954426919,0.189940312341911,0.0906894204170955,1.56571424965949,80.0,2.88442211055276,-0.480737018425461,832810580,155,27,1560,,,,409.0,VISl,831882777,1249.99685970866,probeD,3a,29999.9246330078,True,2019-03-06T09:04:43Z,2019-10-03T00:00:00Z,803390291,functional_connectivity,137.0,M,Sst-IRES-Cre/wt;Ai32(RCL-ChR2(H134R)_EYFP)/wt,832810580,155,27,1560,,,,409.0,VISl,831882777,1249.99685970866,3a,29999.9246330078,True,1
951101861,0.526587718140172,101.503935,0.0487762126509564,187.22,3.21063539247681,0.755443886097153,849773786,4.72251470800258,0.260971524288107,0.0922754767201822,53.7421485604307,0.003975868999358,35.3,0.898203592814371,0.001898369436252,0.99,-0.032703797091341,0.218078530823375,0.0724020616113374,1.94285758368423,90.0,0.68676716917923,-5.54806580451567e-16,832810580,157,11,1580,,,,409.0,VISl,831882777,1249.99685970866,probeD,3a,29999.9246330078,True,2019-03-06T09:04:43Z,2019-10-03T00:00:00Z,803390291,functional_connectivity,137.0,M,Sst-IRES-Cre/wt;Ai32(RCL-ChR2(H134R)_EYFP)/wt,832810580,157,11,1580,,,,409.0,VISl,831882777,1249.99685970866,3a,29999.9246330078,True,2
951101900,0.493626742197812,239.19441,0.0005251461152518,71.26,5.19680122522944,0.700502512562814,849773786,5.43862957448112,0.219765494137353,0.0012884281834047,79.2463736231157,0.0003002326483011,39.4,0.995959595959596,0.0002033553634977,0.99,-0.0890676947902441,0.544583632972487,0.209145970853755,3.22240821962482,50.0,0.68676716917923,0.343383584589614,832810580,157,11,1580,,,,409.0,VISl,831882777,1249.99685970866,probeD,3a,29999.9246330078,True,2019-03-06T09:04:43Z,2019-10-03T00:00:00Z,803390291,functional_connectivity,137.0,M,Sst-IRES-Cre/wt;Ai32(RCL-ChR2(H134R)_EYFP)/wt,832810580,157,11,1580,,,,409.0,VISl,831882777,1249.99685970866,3a,29999.9246330078,True,2
951101874,0.63561672366137,102.250785,0.0022447697343883,85.73,4.25326084213525,0.32964824120603,849773784,35.2755966657103,0.260971524288107,0.021530085994889,85.5454923485969,0.0031172586930423,32.59,0.986666666666667,0.0033252720677146,0.99,-0.103953962224862,0.41921685581112,0.0655982166766869,2.32026569323964,70.0,0.686767169179229,-1.09882747068677,832810580,156,43,1580,,,,409.0,VISl,831882777,1249.99685970866,probeD,3a,29999.9246330078,True,2019-03-06T09:04:43Z,2019-10-03T00:00:00Z,803390291,functional_connectivity,137.0,M,Sst-IRES-Cre/wt;Ai32(RCL-ChR2(H134R)_EYFP)/wt,832810580,156,43,1580,,,,409.0,VISl,831882777,1249.99685970866,3a,29999.9246330078,True,1
951101933,0.435804336795205,145.01916,0.0143922158644314,133.5,4.34398039446832,0.741708542713568,849773788,2.34997114781371,0.219765494137353,0.151822730048734,39.7271945301006,0.0148495290429262,41.85,0.750700280112045,0.0023276996255439,0.99,-0.0641343623450749,0.366340335758451,0.148476107989743,2.96786341072673,70.0,0.480737018425461,0.137353433835846,832810580,158,59,1600,,,,409.0,VISl,831882777,1249.99685970866,probeD,3a,29999.9246330078,True,2019-03-06T09:04:43Z,2019-10-03T00:00:00Z,803390291,functional_connectivity,137.0,M,Sst-IRES-Cre/wt;Ai32(RCL-ChR2(H134R)_EYFP)/wt,832810580,158,59,1600,,,,409.0,VISl,831882777,1249.99685970866,3a,29999.9246330078,True,4
951101948,0.464698321713549,109.80372,0.0495886292089578,352.36,3.15639185532955,0.741708542713568,849773788,0.415352723209545,0.233500837520938,0.441809497250509,36.1575503496976,0.0058535880696644,47.14,0.238095238095238,0.00136954270635,0.99,-0.0404455834955296,0.285320833929245,0.0857032930507141,2.32403449673622,80.0,1.09882747068677,-0.0686767169179225,832810580,158,59,1600,,,,409.0,VISl,831882777,1249.99685970866,probeD,3a,29999.9246330078,True,2019-03-06T09:04:43Z,2019-10-03T00:00:00Z,803390291,functional_connectivity,137.0,M,Sst-IRES-Cre/wt;Ai32(RCL-ChR2(H134R)_EYFP)/wt,832810580,158,59,1600,,,,409.0,VISl,831882777,1249.99685970866,3a,29999.9246330078,True,4
951101962,0.532853752140149,159.9858,0.0017822655082803,139.56,3.77129885829417,0.618090452261306,849773788,3.51295877280044,0.164824120603015,0.0339692341120662,55.6076809544529,0.00439181190092,35.67,0.900749063670412,0.0010859974207561,0.99,-0.0941453859520715,0.434537828039844,0.002507308380209,2.85920797459415,60.0,0.412060301507537,0.68676716917923,832810580,158,59,1600,,,,409.0,VISl,831882777,1249.99685970866,probeD,3a,29999.9246330078,True,2019-03-06T09:04:43Z,2019-10-03T00:00:00Z,803390291,functional_connectivity,137.0,M,Sst-IRES-Cre/wt;Ai32(RCL-ChR2(H134R)_EYFP)/wt,832810580,158,59,1600,,,,409.0,VISl,831882777,1249.99685970866,3a,29999.9246330078,True,4
951103554,0.460131908797157,141.92802,0.0077658943675859,153.87,4.48361570388116,0.796649916247906,849773788,4.4768617877396,0.192294807370184,0.237685022267279,63.6442527599297,0.0037877666984859,36.21,0.85672514619883,0.0042638832037112,0.99,-0.0736437121025591,0.399200223103047,0.006460517000944,2.80102701963104,60.0,0.618090452261306,0.68676716917923,832810580,158,59,1600,,,,409.0,VISl,831882777,1249.99685970866,probeD,3a,29999.9246330078,True,2019-03-06T09:04:43Z,2019-10-03T00:00:00Z,803390291,functional_connectivity,137.0,M,Sst-IRES-Cre/wt;Ai32(RCL-ChR2(H134R)_EYFP)/wt,832810580,158,59,1600,,,,409.0,VISl,831882777,1249.99685970866,3a,29999.9246330078,True,4
951101991,0.486660070349402,168.250095,0.0018703672495916,152.71,4.60558488197284,0.686767169179229,849773794,1.5533276750238,0.206030150753769,0.0157947594521455,82.2177857165502,7.25277145587781e-05,20.1,1.0,0.0003708198489751,0.99,-0.0563297911865497,0.332902783718804,0.170179799856771,2.63068389647806,80.0,0.686767169179229,0.274706867671692,832810580,161,11,1620,,,,409.0,VISl,831882777,1249.99685970866,probeD,3a,29999.9246330078,True,2019-03-06T09:04:43Z,2019-10-03T00:00:00Z,803390291,functional_connectivity,137.0,M,Sst-IRES-Cre/wt;Ai32(RCL-ChR2(H134R)_EYFP)/wt,832810580,161,11,1620,,,,409.0,VISl,831882777,1249.99685970866,3a,29999.9246330078,True,2
951102066,0.386982584548713,164.528325,0.0002081285887412,94.58,5.30932237528735,0.604355108877722,849773794,3.6465630514534,0.164824120603015,0.0,81.3180696579632,0.0006822183757241,39.1,0.991728701406121,0.0001041992289257,0.99,-0.0672665028231547,0.499891191676291,0.0770015307435377,2.71734468772131,60.0,0.206030150753769,0.0,832810580,161,11,1620,,,,409.0,VISl,831882777,1249.99685970866,probeD,3a,29999.9246330078,True,2019-03-06T09:04:43Z,2019-10-03T00:00:00Z,803390291,functional_connectivity,137.0,M,Sst-IRES-Cre/wt;Ai32(RCL-ChR2(H134R)_EYFP)/wt,832810580,161,11,1620,,,,409.0,VISl,831882777,1249.99685970866,3a,29999.9246330078,True,2
951102007,0.471847715225863,198.90546,1.76493101502798e-05,140.07,4.78029592677642,0.686767169179229,849773790,1.49110102469228,0.164824120603015,0.0514216838016727,54.7781776998887,0.0023141924912828,34.54,0.97037037037037,0.0005045408678102,0.99,-0.0891333401186608,0.539772782143814,0.121066605482432,3.54804128120131,50.0,1.03015075376884,0.0,832810580,159,27,1600,,,,409.0,VISl,831882777,1249.99685970866,probeD,3a,29999.9246330078,True,2019-03-06T09:04:43Z,2019-10-03T00:00:00Z,803390291,functional_connectivity,137.0,M,Sst-IRES-Cre/wt;Ai32(RCL-ChR2(H134R)_EYFP)/wt,832810580,159,27,1600,,,,409.0,VISl,831882777,1249.99685970866,3a,29999.9246330078,True,1
951102022,0.420928362066298,93.24276,0.095598577564127,300.42,2.6938331961225,0.700502512562814,849773792,2.77793188514271,0.219765494137353,0.246925530312613,44.4552447970013,0.0137994710038501,36.1,0.735772357723577,0.0033550223668157,0.99,-0.0404484143670877,0.233098342745304,0.0445727120557544,2.15989830579457,80.0,0.892797319932998,0.412060301507537,832810580,160,43,1620,,,,409.0,VISl,831882777,1249.99685970866,probeD,3a,29999.9246330078,True,2019-03-06T09:04:43Z,2019-10-03T00:00:00Z,803390291,functional_connectivity,137.0,M,Sst-IRES-Cre/wt;Ai32(RCL-ChR2(H134R)_EYFP)/wt,832810580,160,43,1620,,,,409.0,VISl,831882777,1249.99685970866,3a,29999.9246330078,True,1
951102153,0.424197783722878,260.661375,0.0025087676363165,172.5,6.62208991228627,0.673031825795645,849773802,1.65520856331167,0.164824120603015,0.0139102112993731,95.2846026879779,0.0001599452173799,30.56,0.991071428571429,0.0001363884342607,0.99,-0.151957239289548,0.817479986876395,0.195811717890922,4.19801862007341,70.0,1.30485762144054,0.68676716917923,832810580,165,11,1660,,,,409.0,VISl,831882777,1249.99685970866,probeD,3a,29999.9246330078,True,2019-03-06T09:04:43Z,2019-10-03T00:00:00Z,803390291,functional_connectivity,137.0,M,Sst-IRES-Cre/wt;Ai32(RCL-ChR2(H134R)_EYFP)/wt,832810580,165,11,1660,,,,409.0,VISl,831882777,1249.99685970866,3a,29999.9246330078,True,1
951102231,0.443480363750869,171.27318,0.0009672887615518,104.83,4.7823577133617,0.645561139028476,849773804,2.5197726282935,0.192294807370184,0.27010273507919,58.108952944953,0.0048277944164322,27.56,0.934959349593496,0.0048938516680452,0.99,-0.0880910122679896,0.483161703098813,0.100773082676372,3.44976890634896,70.0,1.16750418760469,0.343383584589615,832810580,166,59,1680,,,,409.0,VISl,831882777,1249.99685970866,probeD,3a,29999.9246330078,True,2019-03-06T09:04:43Z,2019-10-03T00:00:00Z,803390291,functional_connectivity,137.0,M,Sst-IRES-Cre/wt;Ai32(RCL-ChR2(H134R)_EYFP)/wt,832810580,166,59,1680,,,,409.0,VISl,831882777,1249.99685970866,3a,29999.9246330078,True,4
951102257,0.59419572848166,93.4089,0.048347811374799,204.92,3.33754856206819,0.274706867671692,849773804,7.99683631033232,0.164824120603015,0.104289554432136,69.8551877674334,0.0222544479411831,29.79,0.773333333333333,0.0355389291559504,0.99,-0.109203886446017,0.43408702841831,0.0747371881497697,1.97093144792981,80.0,1.37353433835846,-0.961474036850921,832810580,166,59,1680,,,,409.0,VISl,831882777,1249.99685970866,probeD,3a,29999.9246330078,True,2019-03-06T09:04:43Z,2019-10-03T00:00:00Z,803390291,functional_connectivity,137.0,M,Sst-IRES-Cre/wt;Ai32(RCL-ChR2(H134R)_EYFP)/wt,832810580,166,59,1680,,,,409.0,VISl,831882777,1249.99685970866,3a,29999.9246330078,True,4
951102271,0.448492830885978,101.60436,0.0543358701979383,235.2,2.50863853434899,0.288442211055276,849773804,4.98880816750951,0.1785594639866,0.292468389944945,40.2954092062848,0.0660716076140551,30.17,0.408,0.0295841473625454,0.99,-0.0750801712353822,0.459688206939539,0.0299229995136844,2.03641106922555,110.0,0.0196219191194063,1.31466858100024,832810580,166,59,1680,,,,409.0,VISl,831882777,1249.99685970866,probeD,3a,29999.9246330078,True,2019-03-06T09:04:43Z,2019-10-03T00:00:00Z,803390291,functional_connectivity,137.0,M,Sst-IRES-Cre/wt;Ai32(RCL-ChR2(H134R)_EYFP)/wt,832810580,166,59,1680,,,,409.0,VISl,831882777,1249.99685970866,3a,29999.9246330078,True,4
951102284,0.447870299961006,179.123295,0.0067756921581059,70.4,4.65709652334936,0.65929648241206,849773804,0.14570390510631,0.219765494137353,0.0,31.0549453526706,0.0136097170550646,26.15,0.518518518518518,0.000400721298337,0.97,-0.0791511246017762,0.459482770561072,,2.78349846069925,100.0,1.1969370662838,0.068676716917923,832810580,166,59,1680,,,,409.0,VISl,831882777,1249.99685970866,probeD,3a,29999.9246330078,True,2019-03-06T09:04:43Z,2019-10-03T00:00:00Z,803390291,functional_connectivity,137.0,M,Sst-IRES-Cre/wt;Ai32(RCL-ChR2(H134R)_EYFP)/wt,832810580,166,59,1680,,,,409.0,VISl,831882777,1249.99685970866,3a,29999.9246330078,True,4
951102307,0.469587491331615,338.222625,9.2106475085197e-05,118.67,7.78225914240263,0.686767169179229,849773806,2.20782595637015,0.1785594639866,0.117273737284174,126.102417224617,6.31185681249618e-06,32.51,0.991161616161616,0.0003766091481785,0.99,-0.169047055141062,0.943883459529213,0.138107639819023,4.60000471757757,70.0,0.824120603015075,0.343383584589615,832810580,167,27,1680,,,,409.0,VISl,831882777,1249.99685970866,probeD,3a,29999.9246330078,True,2019-03-06T09:04:43Z,2019-10-03T00:00:00Z,803390291,functional_connectivity,137.0,M,Sst-IRES-Cre/wt;Ai32(RCL-ChR2(H134R)_EYFP)/wt,832810580,167,27,1680,,,,409.0,VISl,831882777,1249.99685970866,3a,29999.9246330078,True,1
951102331,0.433009013381357,354.80094,0.001766688353299,92.7,5.8832150649006,0.673031825795645,849773810,2.10258970948597,0.192294807370184,0.232752240984109,77.5536956044444,0.0007690906327257,37.88,0.975452196382429,0.0007185382878259,0.99,-0.129378309155276,1.02566167102047,0.202551242959892,4.66058997285099,60.0,0.892797319932998,0.343383584589615,832810580,169,11,1700,,,,409.0,VISl,831882777,1249.99685970866,probeD,3a,29999.9246330078,True,2019-03-06T09:04:43Z,2019-10-03T00:00:00Z,803390291,functional_connectivity,137.0,M,Sst-IRES-Cre/wt;Ai32(RCL-ChR2(H134R)_EYFP)/wt,832810580,169,11,1700,,,,409.0,VISl,831882777,1249.99685970866,3a,29999.9246330078,True,1
951102354,0.4132433368463,398.235435,0.0050099906872761,103.07,8.43927134153883,0.686767169179229,849773812,0.82572324729124,0.164824120603015,0.0558946385961292,136.171424157913,3.29623959636083e-09,36.6,1.0,0.0001011224592982,0.99,-0.154392744016159,1.19160048426015,0.31183215369852,6.21252402354311,60.0,0.618090452261306,0.343383584589615,832810580,170,59,1720,,,,409.0,VISl,831882777,1249.99685970866,probeD,3a,29999.9246330078,True,2019-03-06T09:04:43Z,2019-10-03T00:00:00Z,803390291,functional_connectivity,137.0,M,Sst-IRES-Cre/wt;Ai32(RCL-ChR2(H134R)_EYFP)/wt,832810580,170,59,1720,,,,409.0,VISl,831882777,1249.99685970866,3a,29999.9246330078,True,1
951102437,0.380089733809114,439.58031,0.0027575317609556,352.22,2.54385095760466,0.714237855946399,849773818,0.543771447668212,0.137353433835846,0.128886187186273,49.3137985267352,0.003192168380216,36.39,0.971428571428571,0.0001007049345417,0.99,-0.184342824448955,1.21386468747985,0.140335607559007,3.50246178521857,50.0,1.03015075376885,0.0,832810580,173,11,1740,,,,409.0,VISl,831882777,1249.99685970866,probeD,3a,29999.9246330078,True,2019-03-06T09:04:43Z,2019-10-03T00:00:00Z,803390291,functional_connectivity,137.0,M,Sst-IRES-Cre/wt;Ai32(RCL-ChR2(H134R)_EYFP)/wt,832810580,173,11,1740,,,,409.0,VISl,831882777,1249.99685970866,3a,29999.9246330078,True,2
951102559,0.469601560879729,148.11966,0.0016995488702965,175.79,4.94596544141762,0.700502512562814,849773818,0.829180283420769,0.164824120603015,0.166288607819364,69.8436523644278,0.0002375611629378,42.32,0.993769470404984,0.000134775430439,0.99,-0.09836063191585,0.418480617212321,-0.0016042554370339,2.80956464502252,70.0,0.686767169179229,-0.274706867671691,832810580,173,11,1740,,,,409.0,VISl,831882777,1249.99685970866,probeD,3a,29999.9246330078,True,2019-03-06T09:04:43Z,2019-10-03T00:00:00Z,803390291,functional_connectivity,137.0,M,Sst-IRES-Cre/wt;Ai32(RCL-ChR2(H134R)_EYFP)/wt,832810580,173,11,1740,,,,409.0,VISl,831882777,1249.99685970866,3a,29999.9246330078,True,2
951102509,0.525440347150652,103.72362,0.0210362122447853,177.51,3.37257438822763,0.576884422110553,849773820,4.54122366626877,0.15108877721943,0.0887022484323195,74.6147580640279,0.0026375854183988,32.06,0.973333333333333,0.0055883834913654,0.99,-0.0453940723273143,0.327511222618229,0.134022691790717,2.30967543685275,60.0,0.686767169179229,0.0,832810580,174,59,1760,,,,409.0,VISl,831882777,1249.99685970866,probeD,3a,29999.9246330078,True,2019-03-06T09:04:43Z,2019-10-03T00:00:00Z,803390291,functional_connectivity,137.0,M,Sst-IRES-Cre/wt;Ai32(RCL-ChR2(H134R)_EYFP)/wt,832810580,174,59,1760,,,,409.0,VISl,831882777,1249.99685970866,3a,29999.9246330078,True,1
951102595,0.380174471555893,145.279485,0.0088968947274012,237.42,4.79098004390715,0.741708542713568,849773822,0.704421950158073,0.219765494137353,0.384010783203246,60.0524267459403,0.0011712697741367,16.84,0.943894389438944,0.0007071421355692,0.97,-0.0452734944521669,0.376250428847052,0.107788538386514,3.03470217462185,70.0,0.412060301507537,-0.892797319932998,832810580,175,27,1760,,,,409.0,VISl,831882777,1249.99685970866,probeD,3a,29999.9246330078,True,2019-03-06T09:04:43Z,2019-10-03T00:00:00Z,803390291,functional_connectivity,137.0,M,Sst-IRES-Cre/wt;Ai32(RCL-ChR2(H134R)_EYFP)/wt,832810580,175,27,1760,,,,409.0,VISl,831882777,1249.99685970866,3a,29999.9246330078,True,1
951102608,0.34649068021524,144.311505,0.0603918210226048,135.98,4.34339289005679,0.769179229480737,849773830,0.655006669012458,0.233500837520938,0.444137799783879,48.3421208528163,0.0083091304992073,25.32,0.956521739130435,0.0004074979625101,0.99,-0.0316689418868001,0.377402896948856,0.0613182204167212,3.22386870457362,70.0,0.343383584589614,-0.274706867671692,832810580,179,27,1800,,,,409.0,VISl,831882777,1249.99685970866,probeD,3a,29999.9246330078,True,2019-03-06T09:04:43Z,2019-10-03T00:00:00Z,803390291,functional_connectivity,137.0,M,Sst-IRES-Cre/wt;Ai32(RCL-ChR2(H134R)_EYFP)/wt,832810580,179,27,1800,,,,409.0,VISl,831882777,1249.99685970866,3a,29999.9246330078,True,1
951102660,0.654436890370175,155.71647,0.0009677756286315,56.62,4.63350348301062,0.398324958123953,849773828,26.5677293655606,0.260971524288107,0.0133900432457413,262.661330366664,0.0014551822619139,33.34,0.999333333333333,0.027479091995221,0.99,-0.112589895403694,0.477171634710982,0.137877935333978,3.69571912502308,50.0,-0.686767169179227,-1.37353433835846,832810580,178,59,1800,,,,409.0,VISl,831882777,1249.99685970866,probeD,3a,29999.9246330078,True,2019-03-06T09:04:43Z,2019-10-03T00:00:00Z,803390291,functional_connectivity,137.0,M,Sst-IRES-Cre/wt;Ai32(RCL-ChR2(H134R)_EYFP)/wt,832810580,178,59,1800,,,,409.0,VISl,831882777,1249.99685970866,3a,29999.9246330078,True,1
951102960,0.470741009191245,141.222315,0.0479733427485641,441.0,2.88756480155417,0.824120603015075,849773658,5.36125297169961,0.357118927973199,0.375226076011048,59.2854151830962,0.0155127272740344,52.15,0.887333333333333,0.0099597684231184,0.99,-0.0295713330531345,0.165239631517144,0.0621779501701835,1.05128055852387,100.0,2.06030150753769,-0.892797319932998,832810580,93,11,940,,,,8.0,grey,831882777,1249.99685970866,probeD,3a,29999.9246330078,True,2019-03-06T09:04:43Z,2019-10-03T00:00:00Z,803390291,functional_connectivity,137.0,M,Sst-IRES-Cre/wt;Ai32(RCL-ChR2(H134R)_EYFP)/wt,832810580,93,11,940,,,,8.0,grey,831882777,1249.99685970866,3a,29999.9246330078,True,1
951103042,0.698268834785911,106.97115,0.0165838556250851,197.41,4.44014622335099,0.714237855946399,849773676,1.9044201972374,0.274706867671692,0.157617660747854,58.073548848519,0.001568558096185,31.24,0.947368421052632,0.0009459139893922,0.99,-0.0478848022455798,0.239332008071626,0.0875460570094102,1.98435671038753,130.0,0.480737018425461,-1.13316582914573,832810580,102,59,1040,,,,8.0,grey,831882777,1249.99685970866,probeD,3a,29999.9246330078,True,2019-03-06T09:04:43Z,2019-10-03T00:00:00Z,803390291,functional_connectivity,137.0,M,Sst-IRES-Cre/wt;Ai32(RCL-ChR2(H134R)_EYFP)/wt,832810580,102,59,1040,,,,8.0,grey,831882777,1249.99685970866,3a,29999.9246330078,True,1
951103081,0.358940804566972,115.474125,0.0120831970932378,145.54,3.49236989310004,0.604355108877722,849773678,1.42368882016648,0.219765494137353,0.357242095139729,45.7057516016771,0.0081165177740698,39.5,0.693452380952381,0.0026968716289104,0.99,-0.0344287624285154,0.382597440427535,0.0294002925946347,2.36909818716241,130.0,-1.03015075376884,-0.766890005583473,832810580,103,27,1040,,,,8.0,grey,831882777,1249.99685970866,probeD,3a,29999.9246330078,True,2019-03-06T09:04:43Z,2019-10-03T00:00:00Z,803390291,functional_connectivity,137.0,M,Sst-IRES-Cre/wt;Ai32(RCL-ChR2(H134R)_EYFP)/wt,832810580,103,27,1040,,,,8.0,grey,831882777,1249.99685970866,3a,29999.9246330078,True,2
951103106,0.279885651427788,155.4384,0.0004158985224612,124.66,5.2645915984797,0.782914572864322,849773678,1.54254985650233,0.192294807370184,0.0,52.0618573292105,0.0047791431029924,44.94,0.736231884057971,0.0015174506828528,0.99,-0.0402879960717972,0.474768405564575,0.068661402292059,3.18881723476796,130.0,0.343383584589615,-1.13316582914573,832810580,103,27,1040,,,,8.0,grey,831882777,1249.99685970866,probeD,3a,29999.9246330078,True,2019-03-06T09:04:43Z,2019-10-03T00:00:00Z,803390291,functional_connectivity,137.0,M,Sst-IRES-Cre/wt;Ai32(RCL-ChR2(H134R)_EYFP)/wt,832810580,103,27,1040,,,,8.0,grey,831882777,1249.99685970866,3a,29999.9246330078,True,2
951103174,0.561482890059466,150.386145,0.0635599709697962,179.11,3.88684045088756,0.68676716917923,849773798,3.60162158176952,0.206030150753769,0.484760204699401,60.872816311244,0.0042690313947631,34.77,0.984924623115578,0.0006595848087204,0.99,-0.0385867174172527,0.180176293998003,0.10603213326824,1.51894778410365,70.0,1.03015075376884,0.343383584589615,832810580,163,27,1640,,,,409.0,VISl,831882777,1249.99685970866,probeD,3a,29999.9246330078,True,2019-03-06T09:04:43Z,2019-10-03T00:00:00Z,803390291,functional_connectivity,137.0,M,Sst-IRES-Cre/wt;Ai32(RCL-ChR2(H134R)_EYFP)/wt,832810580,163,27,1640,,,,409.0,VISl,831882777,1249.99685970866,3a,29999.9246330078,True,1
951103253,0.421421394563649,132.373605,0.0026080394089545,153.06,5.06120697476187,0.741708542713568,849773814,1.11377569890755,0.247236180904523,0.184329544804077,68.225412073329,0.0002752540372421,19.59,0.990196078431373,0.0002703433360367,0.99,-0.0426265216209644,0.245462978145785,0.127264852633034,1.72909996107498,70.0,0.68676716917923,0.343383584589615,832810580,171,27,1720,,,,409.0,VISl,831882777,1249.99685970866,probeD,3a,29999.9246330078,True,2019-03-06T09:04:43Z,2019-10-03T00:00:00Z,803390291,functional_connectivity,137.0,M,Sst-IRES-Cre/wt;Ai32(RCL-ChR2(H134R)_EYFP)/wt,832810580,171,27,1720,,,,409.0,VISl,831882777,1249.99685970866,3a,29999.9246330078,True,1
951103406,0.441233210250701,121.664985,0.0029132969143804,236.89,4.04595578681278,0.769179229480737,849773664,2.18077973253325,0.206030150753769,0.288481569529289,64.2694559110298,0.0009378006026312,36.41,0.944827586206897,0.0009470657872484,0.99,-0.0484545662257481,0.384098700014017,0.0593286198506766,2.51946048572289,120.0,1.99162479061976,-1.3964265773311,832810580,96,43,980,,,,8.0,grey,831882777,1249.99685970866,probeD,3a,29999.9246330078,True,2019-03-06T09:04:43Z,2019-10-03T00:00:00Z,803390291,functional_connectivity,137.0,M,Sst-IRES-Cre/wt;Ai32(RCL-ChR2(H134R)_EYFP)/wt,832810580,96,43,980,,,,8.0,grey,831882777,1249.99685970866,3a,29999.9246330078,True,1
951103536,0.395790918676221,107.28978,0.0045117009430676,216.96,3.48688854617199,0.618090452261307,849773672,0.634366129768507,0.192294807370184,0.0,44.6711880072927,0.0047811792297258,41.81,0.710144927536232,0.0015069318866787,0.99,-0.0317402380866344,0.3587897857927,0.064495681488919,1.95877556521498,120.0,1.30485762144054,-0.789782244556114,832810580,100,43,1020,,,,8.0,grey,831882777,1249.99685970866,probeD,3a,29999.9246330078,True,2019-03-06T09:04:43Z,2019-10-03T00:00:00Z,803390291,functional_connectivity,137.0,M,Sst-IRES-Cre/wt;Ai32(RCL-ChR2(H134R)_EYFP)/wt,832810580,100,43,1020,,,,8.0,grey,831882777,1249.99685970866,3a,29999.9246330078,True,1
951103584,0.380880381031683,274.99407,0.0063523411208111,124.7,4.38384419571714,0.686767169179229,849773816,0.461107613159189,0.164824120603015,0.0,103.952522907695,3.79201113574209e-07,36.91,0.994623655913978,0.0001006238679814,0.98,-0.128078913965869,0.794555999819178,0.0773367153160958,4.01045097836164,80.0,1.16750418760469,0.618090452261306,832810580,172,43,1740,,,,409.0,VISl,831882777,1249.99685970866,probeD,3a,29999.9246330078,True,2019-03-06T09:04:43Z,2019-10-03T00:00:00Z,803390291,functional_connectivity,137.0,M,Sst-IRES-Cre/wt;Ai32(RCL-ChR2(H134R)_EYFP)/wt,832810580,172,43,1740,,,,409.0,VISl,831882777,1249.99685970866,3a,29999.9246330078,True,1
951103680,0.318082956299521,126.093045,0.0296756396331571,392.88,4.11119749548806,0.824120603015075,849772494,5.59986460977857,0.206030150753769,0.464251579944754,55.7207671427353,0.0386149843078054,50.16,0.928666666666667,0.0166393889798145,0.99,-0.0288653618155306,0.356489534991462,0.111625385870533,2.5961916099067,70.0,-0.549413735343384,-0.686767169179229,832810582,6,59,80,8236.0,2432.0,9118.0,382.0,CA1,831882777,1250.000058944535,probeE,3a,30000.0014146688,True,2019-03-06T09:04:43Z,2019-10-03T00:00:00Z,803390291,functional_connectivity,137.0,M,Sst-IRES-Cre/wt;Ai32(RCL-ChR2(H134R)_EYFP)/wt,832810582,6,59,80,8236.0,2432.0,9118.0,382.0,CA1,831882777,1250.000058944535,3a,30000.0014146688,True,1
951103795,0.337977678362218,87.6998849999999,0.0342337436269154,128.55,4.48196472145827,0.260971524288107,849772512,20.5433098308507,0.192294807370184,0.007495184737591,106.352228723459,0.0066864045969793,44.05,0.992,0.0345956054230949,0.99,-0.0511061453933864,0.342982270811561,0.125929135706346,1.76945135308183,120.0,1.0072585147962,-0.137353433835846,832810582,15,27,160,8248.0,2378.0,9176.0,382.0,CA1,831882777,1250.000058944535,probeE,3a,30000.0014146688,True,2019-03-06T09:04:43Z,2019-10-03T00:00:00Z,803390291,functional_connectivity,137.0,M,Sst-IRES-Cre/wt;Ai32(RCL-ChR2(H134R)_EYFP)/wt,832810582,15,27,160,8248.0,2378.0,9176.0,382.0,CA1,831882777,1250.000058944535,3a,30000.0014146688,True,1
951103850,0.525196334114779,69.1286700000001,0.0771772373644638,296.25,3.1075589703757,0.467001675041876,849772526,4.21906493296568,0.1785594639866,0.184124302222626,58.5352282064398,0.0468566200981734,34.12,0.753333333333333,0.05722130697419,0.99,-0.0382232171288084,0.235266525886593,0.0964341955555682,2.06277682900492,120.0,0.68676716917923,0.457844779452819,832810582,22,59,240,8257.0,2339.0,9218.0,382.0,CA1,831882777,1250.000058944535,probeE,3a,30000.0014146688,True,2019-03-06T09:04:43Z,2019-10-03T00:00:00Z,803390291,functional_connectivity,137.0,M,Sst-IRES-Cre/wt;Ai32(RCL-ChR2(H134R)_EYFP)/wt,832810582,22,59,240,8257.0,2339.0,9218.0,382.0,CA1,831882777,1250.000058944535,3a,30000.0014146688,True,2
951103862,0.431700198251717,81.56343,0.0104415480829066,183.54,3.00750196320825,0.480737018425461,849772526,7.7503736793362,0.206030150753769,0.0812100479082142,66.0703210778198,0.0810854369997261,38.75,0.826666666666667,0.0587959709533849,0.99,-0.0410656851199664,0.266606284704833,0.0461012041719429,2.35852806847252,130.0,0.529791816223977,0.343383584589615,832810582,22,59,240,8257.0,2339.0,9218.0,382.0,CA1,831882777,1250.000058944535,probeE,3a,30000.0014146688,True,2019-03-06T09:04:43Z,2019-10-03T00:00:00Z,803390291,functional_connectivity,137.0,M,Sst-IRES-Cre/wt;Ai32(RCL-ChR2(H134R)_EYFP)/wt,832810582,22,59,240,8257.0,2339.0,9218.0,382.0,CA1,831882777,1250.000058944535,3a,30000.0014146688,True,2
951103876,0.599088699545623,86.5792199999999,0.0206994747301148,108.26,4.14987329026638,0.50820770519263,849772538,15.0612910845056,0.206030150753769,0.0544334282875371,85.454898225173,0.0206167667122858,47.88,0.970666666666667,0.0332618025751073,0.99,-0.046259653564821,0.268336428015359,0.163556250524698,2.03242661127038,110.0,0.206030150753769,0.0981095955970325,832810582,28,43,300,8264.0,2306.0,9255.0,382.0,CA1,831882777,1250.000058944535,probeE,3a,30000.0014146688,True,2019-03-06T09:04:43Z,2019-10-03T00:00:00Z,803390291,functional_connectivity,137.0,M,Sst-IRES-Cre/wt;Ai32(RCL-ChR2(H134R)_EYFP)/wt,832810582,28,43,300,8264.0,2306.0,9255.0,382.0,CA1,831882777,1250.000058944535,3a,30000.0014146688,True,1
951104026,0.451716224160662,139.255545,0.0002428965619194,68.03,5.59170661908445,0.604355108877722,849772568,4.25953314146138,0.233500837520938,0.0,93.2747380893907,0.0009876992398531,54.48,1.0,6.56814449917898e-05,0.99,-0.0765928876411538,0.295767916064066,0.0207317382282138,3.12090016713445,60.0,0.343383584589614,-0.824120603015075,832810582,43,27,440,8284.0,2216.0,9358.0,402.0,VISal,831882777,1250.000058944535,probeE,3a,30000.0014146688,True,2019-03-06T09:04:43Z,2019-10-03T00:00:00Z,803390291,functional_connectivity,137.0,M,Sst-IRES-Cre/wt;Ai32(RCL-ChR2(H134R)_EYFP)/wt,832810582,43,27,440,8284.0,2216.0,9358.0,402.0,VISal,831882777,1250.000058944535,3a,30000.0014146688,True,1
951104113,0.315258941912926,83.5945500000001,0.0066628587179746,166.9,3.7540228892439,0.865326633165829,849772576,5.14993540728247,0.274706867671692,0.120703761334176,59.858911842322,0.0117583751958114,53.15,0.928,0.0072659682325109,0.99,-0.0069902992656293,0.218997404953101,0.0572916852598061,1.72847174159954,70.0,1.03015075376884,-0.137353433835846,832810582,47,27,480,8290.0,2188.0,9391.0,402.0,VISal,831882777,1250.000058944535,probeE,3a,30000.0014146688,True,2019-03-06T09:04:43Z,2019-10-03T00:00:00Z,803390291,functional_connectivity,137.0,M,Sst-IRES-Cre/wt;Ai32(RCL-ChR2(H134R)_EYFP)/wt,832810582,47,27,480,8290.0,2188.0,9391.0,402.0,VISal,831882777,1250.000058944535,3a,30000.0014146688,True,1
951104152,0.425885268530104,191.88897,0.0004792938233068,179.85,5.69541589472755,0.714237855946399,849772580,2.94441804426713,0.1785594639866,0.254961223170746,77.7974657973154,0.0025250662856455,26.02,0.977987421383648,0.0005917571707045,0.99,-0.0733262113361564,0.56560283139877,0.259525250536973,4.78284746160933,70.0,1.44221105527638,0.343383584589615,832810582,49,11,500,8292.0,2177.0,9405.0,402.0,VISal,831882777,1250.000058944535,probeE,3a,30000.0014146688,True,2019-03-06T09:04:43Z,2019-10-03T00:00:00Z,803390291,functional_connectivity,137.0,M,Sst-IRES-Cre/wt;Ai32(RCL-ChR2(H134R)_EYFP)/wt,832810582,49,11,500,8292.0,2177.0,9405.0,402.0,VISal,831882777,1250.000058944535,3a,30000.0014146688,True,1
951104222,0.385960298301073,129.73896,0.0004948211421308,106.36,3.671064031266,0.879061976549414,849772590,6.36703202962785,0.192294807370184,0.008460840768019,67.863216531491,0.0142045347717154,45.75,0.883333333333333,0.0127121555692984,0.99,-0.0234064623815728,0.355007188734461,0.102688804742362,3.43898050384462,60.0,1.37353433835846,0.755443886097153,832810582,54,59,560,8300.0,2143.0,9446.0,402.0,VISal,831882777,1250.000058944535,probeE,3a,30000.0014146688,True,2019-03-06T09:04:43Z,2019-10-03T00:00:00Z,803390291,functional_connectivity,137.0,M,Sst-IRES-Cre/wt;Ai32(RCL-ChR2(H134R)_EYFP)/wt,832810582,54,59,560,8300.0,2143.0,9446.0,402.0,VISal,831882777,1250.000058944535,3a,30000.0014146688,True,2
951104234,0.451527322288973,136.800495,0.0198459988682431,184.96,3.25063162423628,0.755443886097152,849772590,2.36576333434503,0.164824120603015,0.299609213667091,40.0855543959361,0.0390058042473642,43.36,0.608863198458574,0.0131551688419308,0.99,-0.0582075505847163,0.415647394745803,0.0429189701933548,3.73353455409603,70.0,1.30485762144054,0.343383584589615,832810582,54,59,560,8300.0,2143.0,9446.0,402.0,VISal,831882777,1250.000058944535,probeE,3a,30000.0014146688,True,2019-03-06T09:04:43Z,2019-10-03T00:00:00Z,803390291,functional_connectivity,137.0,M,Sst-IRES-Cre/wt;Ai32(RCL-ChR2(H134R)_EYFP)/wt,832810582,54,59,560,8300.0,2143.0,9446.0,402.0,VISal,831882777,1250.000058944535,3a,30000.0014146688,True,2
951104245,0.528686626480214,111.317115,0.0076195213554705,270.58,3.95077787242587,0.645561139028476,849772592,1.14093911439745,0.1785594639866,0.409871932037746,47.1155390090636,0.0092960844792024,37.95,0.888888888888889,0.0018290824103241,0.99,-0.0370750512925132,0.3142919294901,0.0775274086335359,2.44967446632921,110.0,1.9376645130414,0.137353433835846,832810582,55,27,560,8301.0,2137.0,9453.0,402.0,VISal,831882777,1250.000058944535,probeE,3a,30000.0014146688,True,2019-03-06T09:04:43Z,2019-10-03T00:00:00Z,803390291,functional_connectivity,137.0,M,Sst-IRES-Cre/wt;Ai32(RCL-ChR2(H134R)_EYFP)/wt,832810582,55,27,560,8301.0,2137.0,9453.0,402.0,VISal,831882777,1250.000058944535,3a,30000.0014146688,True,1
951104271,0.56933526930316,128.14698,0.0071549760488337,189.2,4.52730547451859,0.700502512562814,849772596,1.00214739430544,0.1785594639866,0.303579097357511,60.7203010586059,0.0012809655943817,38.44,0.8671875,0.0016882766072393,0.99,-0.0575522450728241,0.337602818109654,0.123104178300116,3.10547369474571,100.0,1.56975352955252,-0.206030150753768,832810582,57,11,580,8304.0,2126.0,9467.0,402.0,VISal,831882777,1250.000058944535,probeE,3a,30000.0014146688,True,2019-03-06T09:04:43Z,2019-10-03T00:00:00Z,803390291,functional_connectivity,137.0,M,Sst-IRES-Cre/wt;Ai32(RCL-ChR2(H134R)_EYFP)/wt,832810582,57,11,580,8304.0,2126.0,9467.0,402.0,VISal,831882777,1250.000058944535,3a,30000.0014146688,True,2
951104283,0.548936714604721,135.279495,0.0026337329403568,158.04,5.18744719569622,0.65929648241206,849772596,1.10646996193504,0.164824120603015,0.0,69.2380046495293,0.0013183009096261,41.37,0.92434988179669,0.0015552625350779,0.99,-0.0885265892915207,0.368624657089836,0.0858771435325177,3.15335880587175,80.0,0.981095955970328,0.0,832810582,57,11,580,8304.0,2126.0,9467.0,402.0,VISal,831882777,1250.000058944535,probeE,3a,30000.0014146688,True,2019-03-06T09:04:43Z,2019-10-03T00:00:00Z,803390291,functional_connectivity,137.0,M,Sst-IRES-Cre/wt;Ai32(RCL-ChR2(H134R)_EYFP)/wt,832810582,57,11,580,8304.0,2126.0,9467.0,402.0,VISal,831882777,1250.000058944535,3a,30000.0014146688,True,2
951104323,0.690026080864857,110.05761,0.0028040284594053,104.04,5.53977509297004,0.343383584589615,849772600,9.75477014686289,0.1785594639866,0.0168213284527576,100.004512199527,0.0001755094030534,39.41,0.995333333333333,0.0008838031444785,0.99,-0.112398780368598,0.434983042705153,0.128338521779413,2.93927463490377,80.0,0.068676716917923,-0.892797319932998,832810582,59,27,600,8308.0,2109.0,9489.0,402.0,VISal,831882777,1250.000058944535,probeE,3a,30000.0014146688,True,2019-03-06T09:04:43Z,2019-10-03T00:00:00Z,803390291,functional_connectivity,137.0,M,Sst-IRES-Cre/wt;Ai32(RCL-ChR2(H134R)_EYFP)/wt,832810582,59,27,600,8308.0,2109.0,9489.0,402.0,VISal,831882777,1250.000058944535,3a,30000.0014146688,True,1
951104334,0.424985559720167,158.677155,0.0001989067564498,190.26,6.67881497692444,0.83785594639866,849772602,2.23378410161284,0.1785594639866,0.0,85.928449602942,0.0001717003654235,36.43,0.979865771812081,0.0001015125367982,0.99,-0.0582370311417408,0.438246804459093,0.187967742299407,3.78613909449435,90.0,0.892797319932998,0.412060301507537,832810582,60,43,620,8309.0,2103.0,9496.0,402.0,VISal,831882777,1250.000058944535,probeE,3a,30000.0014146688,True,2019-03-06T09:04:43Z,2019-10-03T00:00:00Z,803390291,functional_connectivity,137.0,M,Sst-IRES-Cre/wt;Ai32(RCL-ChR2(H134R)_EYFP)/wt,832810582,60,43,620,8309.0,2103.0,9496.0,402.0,VISal,831882777,1250.000058944535,3a,30000.0014146688,True,1
951104397,0.749376499267802,122.560425,0.0023399478635664,138.07,4.74890310952057,0.645561139028476,849772606,1.97023235181173,0.192294807370184,0.0,75.3863864235766,0.0004660663337748,42.3,0.978666666666667,0.000168776371308,0.99,-0.0543547211473668,0.280183725731495,0.217366082998269,2.47500613403738,110.0,1.09882747068677,-0.367910983488873,832810582,62,59,640,8312.0,2092.0,9510.0,402.0,VISal,831882777,1250.000058944535,probeE,3a,30000.0014146688,True,2019-03-06T09:04:43Z,2019-10-03T00:00:00Z,803390291,functional_connectivity,137.0,M,Sst-IRES-Cre/wt;Ai32(RCL-ChR2(H134R)_EYFP)/wt,832810582,62,59,640,8312.0,2092.0,9510.0,402.0,VISal,831882777,1250.000058944535,3a,30000.0014146688,True,1
951104420,0.405550527498654,79.499355,0.0088002794513084,105.36,4.56651767971872,0.494472361809045,849772608,7.32189872807777,0.206030150753769,0.0035544110508002,86.5392641072641,0.0001419491182362,33.72,0.991071428571429,0.0008967991169977,0.99,-0.03060469688093,0.210111229994782,0.0779839626753815,2.17124233991057,60.0,0.686767169179229,-0.137353433835845,832810582,63,27,640,8313.0,2086.0,9518.0,402.0,VISal,831882777,1250.000058944535,probeE,3a,30000.0014146688,True,2019-03-06T09:04:43Z,2019-10-03T00:00:00Z,803390291,functional_connectivity,137.0,M,Sst-IRES-Cre/wt;Ai32(RCL-ChR2(H134R)_EYFP)/wt,832810582,63,27,640,8313.0,2086.0,9518.0,402.0,VISal,831882777,1250.000058944535,3a,30000.0014146688,True,1
951104445,0.534058575333824,132.8652,0.0049729549470072,374.47,2.97657445040622,0.302177554438861,849772612,13.0612668103591,0.15108877721943,0.0149675005216026,55.7023938349472,0.0194021697433573,41.99,0.740666666666667,0.0242789123676858,0.99,-0.112432186628167,0.581447012439574,0.121411483543841,2.32537179831529,50.0,1.03015075376884,-0.343383584589614,832810582,65,11,660,8316.0,2075.0,9532.0,402.0,VISal,831882777,1250.000058944535,probeE,3a,30000.0014146688,True,2019-03-06T09:04:43Z,2019-10-03T00:00:00Z,803390291,functional_connectivity,137.0,M,Sst-IRES-Cre/wt;Ai32(RCL-ChR2(H134R)_EYFP)/wt,832810582,65,11,660,8316.0,2075.0,9532.0,402.0,VISal,831882777,1250.000058944535,3a,30000.0014146688,True,3
951104457,0.471597889477549,278.346315,0.0033733907264566,122.68,4.50132250452969,0.535678391959799,849772612,6.34079886934672,0.206030150753769,0.0739352812249797,62.8171185592184,0.0027585058800824,47.35,0.939506172839506,0.000685166152792,0.99,-0.126329469708273,0.83246198202629,0.244255222007543,4.2082259002156,70.0,0.618090452261307,-0.343383584589614,832810582,65,11,660,8316.0,2075.0,9532.0,402.0,VISal,831882777,1250.000058944535,probeE,3a,30000.0014146688,True,2019-03-06T09:04:43Z,2019-10-03T00:00:00Z,803390291,functional_connectivity,137.0,M,Sst-IRES-Cre/wt;Ai32(RCL-ChR2(H134R)_EYFP)/wt,832810582,65,11,660,8316.0,2075.0,9532.0,402.0,VISal,831882777,1250.000058944535,3a,30000.0014146688,True,3
951104469,0.57751063974027,240.652035,0.0003288055598131,67.3,3.47399249480009,0.274706867671692,849772612,54.5081348708049,0.164824120603015,0.0030656342453788,127.524250443495,0.0256624192411776,48.17,0.898666666666667,0.0266097907779809,0.99,-0.200648056816198,1.07220586239055,0.096453423362932,4.344217732293,40.0,0.343383584589615,-0.68676716917923,832810582,65,11,660,8316.0,2075.0,9532.0,402.0,VISal,831882777,1250.000058944535,probeE,3a,30000.0014146688,True,2019-03-06T09:04:43Z,2019-10-03T00:00:00Z,803390291,functional_connectivity,137.0,M,Sst-IRES-Cre/wt;Ai32(RCL-ChR2(H134R)_EYFP)/wt,832810582,65,11,660,8316.0,2075.0,9532.0,402.0,VISal,831882777,1250.000058944535,3a,30000.0014146688,True,3
951104494,0.403443072900692,141.677055,0.005788696502056,247.57,4.53638239478598,0.631825795644891,849772614,4.92736026055615,0.233500837520938,0.144412330204695,66.4634471972685,0.0037443408147347,35.25,0.790732436472347,0.0046367324673553,0.99,-0.0663337050007538,0.388050494624794,0.199870524198611,2.76007372482838,100.0,1.70710696338837,0.0,832810582,66,59,680,8318.0,2064.0,9547.0,402.0,VISal,831882777,1250.000058944535,probeE,3a,30000.0014146688,True,2019-03-06T09:04:43Z,2019-10-03T00:00:00Z,803390291,functional_connectivity,137.0,M,Sst-IRES-Cre/wt;Ai32(RCL-ChR2(H134R)_EYFP)/wt,832810582,66,59,680,8318.0,2064.0,9547.0,402.0,VISal,831882777,1250.000058944535,3a,30000.0014146688,True,1
951104521,0.400783050812695,441.588614999999,0.0001958992990693,110.17,5.64485065250121,0.631825795644891,849772618,11.9106681989589,0.164824120603015,0.0,119.581165669382,9.60539308557342e-06,49.56,0.998628257887517,0.0001401443486791,0.99,-0.181153799062809,1.2276114927315,0.113595813020939,4.53998022739825,80.0,0.902608279492702,0.343383584589614,832810582,68,43,700,8321.0,2053.0,9562.0,402.0,VISal,831882777,1250.000058944535,probeE,3a,30000.0014146688,True,2019-03-06T09:04:43Z,2019-10-03T00:00:00Z,803390291,functional_connectivity,137.0,M,Sst-IRES-Cre/wt;Ai32(RCL-ChR2(H134R)_EYFP)/wt,832810582,68,43,700,8321.0,2053.0,9562.0,402.0,VISal,831882777,1250.000058944535,3a,30000.0014146688,True,1
951104530,0.629508081211751,130.26897,0.0161898563436658,182.62,3.36977399388451,0.590619765494137,849772620,9.58191598997173,0.219765494137353,0.0356975832516941,69.7063282626481,0.0036617796012089,37.09,0.928258967629046,0.0015247600235644,0.99,-0.0750891578541597,0.331400542215424,0.111235770423256,1.91151521027834,110.0,1.00230884150482,0.220746590093324,832810582,69,11,700,8322.0,2047.0,9569.0,402.0,VISal,831882777,1250.000058944535,probeE,3a,30000.0014146688,True,2019-03-06T09:04:43Z,2019-10-03T00:00:00Z,803390291,functional_connectivity,137.0,M,Sst-IRES-Cre/wt;Ai32(RCL-ChR2(H134R)_EYFP)/wt,832810582,69,11,700,8322.0,2047.0,9569.0,402.0,VISal,831882777,1250.000058944535,3a,30000.0014146688,True,5
951104542,0.708785857329606,191.024145,0.0187359370156751,153.48,2.77813873816985,0.576884422110553,849772620,8.67605852894625,0.233500837520938,0.0850568739009784,51.0501750746098,0.0140441202833506,47.16,0.838951310861423,0.0054610811558136,0.99,-0.0957232900918489,0.472285012907263,0.0928395368908676,2.68844771121387,70.0,0.343383584589614,0.68676716917923,832810582,69,11,700,8322.0,2047.0,9569.0,402.0,VISal,831882777,1250.000058944535,probeE,3a,30000.0014146688,True,2019-03-06T09:04:43Z,2019-10-03T00:00:00Z,803390291,functional_connectivity,137.0,M,Sst-IRES-Cre/wt;Ai32(RCL-ChR2(H134R)_EYFP)/wt,832810582,69,11,700,8322.0,2047.0,9569.0,402.0,VISal,831882777,1250.000058944535,3a,30000.0014146688,True,5
951104552,0.487829230885588,162.232005,0.0344613533023337,205.21,2.22056411009296,0.631825795644891,849772620,4.73762740363915,0.192294807370184,0.07640746498189,43.3251521554003,0.016763127991306,45.72,0.725085910652921,0.002379495546944,0.99,-0.0670792153890215,0.474411843723887,0.054198932113513,2.30841955653118,70.0,0.686767169179229,0.0,832810582,69,11,700,8322.0,2047.0,9569.0,402.0,VISal,831882777,1250.000058944535,probeE,3a,30000.0014146688,True,2019-03-06T09:04:43Z,2019-10-03T00:00:00Z,803390291,functional_connectivity,137.0,M,Sst-IRES-Cre/wt;Ai32(RCL-ChR2(H134R)_EYFP)/wt,832810582,69,11,700,8322.0,2047.0,9569.0,402.0,VISal,831882777,1250.000058944535,3a,30000.0014146688,True,5
951104564,0.377472836137552,391.500135,0.0029612822975269,55.32,3.39539414763302,0.604355108877722,849772620,15.4588556453552,0.15108877721943,0.0071763384350742,68.4044863373196,0.0059356174085498,38.44,0.976,0.0007698229407236,0.99,-0.174420813347638,1.33098139715362,0.104167331557997,4.38188634862887,50.0,1.37353433835846,0.343383584589614,832810582,69,11,700,8322.0,2047.0,9569.0,402.0,VISal,831882777,1250.000058944535,probeE,3a,30000.0014146688,True,2019-03-06T09:04:43Z,2019-10-03T00:00:00Z,803390291,functional_connectivity,137.0,M,Sst-IRES-Cre/wt;Ai32(RCL-ChR2(H134R)_EYFP)/wt,832810582,69,11,700,8322.0,2047.0,9569.0,402.0,VISal,831882777,1250.000058944535,3a,30000.0014146688,True,5
951104577,0.693213153279791,134.538885,0.0501226331811394,180.71,2.66282508254326,0.604355108877722,849772620,13.2637095317534,0.288442211055276,0.0504743805309078,64.0393536191847,0.0127315577609654,40.52,0.809333333333333,0.0150063488398938,0.99,-0.0687279263832474,0.30697753618729,0.0572099580500527,1.90930836173245,110.0,0.649644619493866,0.0735821966977747,832810582,69,11,700,8322.0,2047.0,9569.0,402.0,VISal,831882777,1250.000058944535,probeE,3a,30000.0014146688,True,2019-03-06T09:04:43Z,2019-10-03T00:00:00Z,803390291,functional_connectivity,137.0,M,Sst-IRES-Cre/wt;Ai32(RCL-ChR2(H134R)_EYFP)/wt,832810582,69,11,700,8322.0,2047.0,9569.0,402.0,VISal,831882777,1250.000058944535,3a,30000.0014146688,True,5
951104589,0.54850580124084,350.21454,0.0001024832887825,109.84,5.81036139198076,0.535678391959799,849772622,7.45042087767213,0.192294807370184,0.0048059750037817,84.0837737034335,0.0003079467101234,42.69,0.996763754045308,0.0002063770508719,0.99,-0.186392855890234,0.970947669489543,0.18516922110131,4.54670183361217,90.0,1.3676139317276,0.0686767169179225,832810582,70,59,720,8324.0,2042.0,9577.0,402.0,VISal,831882777,1250.000058944535,probeE,3a,30000.0014146688,True,2019-03-06T09:04:43Z,2019-10-03T00:00:00Z,803390291,functional_connectivity,137.0,M,Sst-IRES-Cre/wt;Ai32(RCL-ChR2(H134R)_EYFP)/wt,832810582,70,59,720,8324.0,2042.0,9577.0,402.0,VISal,831882777,1250.000058944535,3a,30000.0014146688,True,4
951104600,0.581587028663128,157.03584,0.091895210719842,147.23,3.4390901577965,0.563149078726968,849772622,8.09109972624342,0.219765494137353,0.112935818389492,57.862142219366,0.0083309634250924,43.4,0.860119047619048,0.0045529801324503,0.99,-0.0741083676145958,0.398357189261745,0.118101450045567,2.11841430471926,70.0,0.686767169179229,0.068676716917923,832810582,70,59,720,8324.0,2042.0,9577.0,402.0,VISal,831882777,1250.000058944535,probeE,3a,30000.0014146688,True,2019-03-06T09:04:43Z,2019-10-03T00:00:00Z,803390291,functional_connectivity,137.0,M,Sst-IRES-Cre/wt;Ai32(RCL-ChR2(H134R)_EYFP)/wt,832810582,70,59,720,8324.0,2042.0,9577.0,402.0,VISal,831882777,1250.000058944535,3a,30000.0014146688,True,4
951104640,0.50450848965583,304.35834,0.0003897865026771,158.28,5.15277244593834,0.535678391959799,849772622,11.5677052159037,0.206030150753769,0.000569613995692,126.261644793502,0.0001033472437615,44.59,0.991683991683992,0.0005252652589557,0.99,-0.133857266962704,0.83208321384938,0.216863405099915,4.58205812731697,120.0,0.637712371380713,0.333572625029912,832810582,70,59,720,8324.0,2042.0,9577.0,402.0,VISal,831882777,1250.000058944535,probeE,3a,30000.0014146688,True,2019-03-06T09:04:43Z,2019-10-03T00:00:00Z,803390291,functional_connectivity,137.0,M,Sst-IRES-Cre/wt;Ai32(RCL-ChR2(H134R)_EYFP)/wt,832810582,70,59,720,8324.0,2042.0,9577.0,402.0,VISal,831882777,1250.000058944535,3a,30000.0014146688,True,4
951104672,0.480146404564289,184.561455,0.0028132812188737,133.82,6.78577421539161,0.384589614740369,849772622,4.68200903668653,0.206030150753769,0.0,91.3690407402958,6.04302161147578e-05,26.37,0.979949874686717,0.0004451749880145,0.98,-0.0585211170506727,0.580779144441569,0.183187501103239,2.78436755207184,80.0,-0.333572625029911,-0.343383584589615,832810582,70,59,720,8324.0,2042.0,9577.0,402.0,VISal,831882777,1250.000058944535,probeE,3a,30000.0014146688,True,2019-03-06T09:04:43Z,2019-10-03T00:00:00Z,803390291,functional_connectivity,137.0,M,Sst-IRES-Cre/wt;Ai32(RCL-ChR2(H134R)_EYFP)/wt,832810582,70,59,720,8324.0,2042.0,9577.0,402.0,VISal,831882777,1250.000058944535,3a,30000.0014146688,True,4
951104651,0.502146014524678,401.653005000001,0.0001672562427073,153.69,5.18244426029798,0.590619765494137,849772628,4.9803349756975,0.164824120603015,0.0,102.748192041175,1.50611095712444e-05,44.44,0.995288574793875,0.000137216562039,0.99,-0.21998463921891,1.08194585934397,0.254691940634265,4.78786643515716,50.0,0.68676716917923,0.618090452261306,832810582,73,11,740,8329.0,2019.0,9607.0,402.0,VISal,831882777,1250.000058944535,probeE,3a,30000.0014146688,True,2019-03-06T09:04:43Z,2019-10-03T00:00:00Z,803390291,functional_connectivity,137.0,M,Sst-IRES-Cre/wt;Ai32(RCL-ChR2(H134R)_EYFP)/wt,832810582,73,11,740,8329.0,2019.0,9607.0,402.0,VISal,831882777,1250.000058944535,3a,30000.0014146688,True,2
951104662,0.470608177156159,243.197955,0.000207723774874,183.5,3.83109886255779,0.686767169179229,849772628,2.75702380241395,0.192294807370184,0.170468039885408,63.5525105478839,0.0010935162438194,21.09,0.955128205128205,0.0005417851821752,0.99,-0.0947958772992864,0.694232414219682,0.113386689308999,3.47722135730246,50.0,2.06030150753769,0.68676716917923,832810582,73,11,740,8329.0,2019.0,9607.0,402.0,VISal,831882777,1250.000058944535,probeE,3a,30000.0014146688,True,2019-03-06T09:04:43Z,2019-10-03T00:00:00Z,803390291,functional_connectivity,137.0,M,Sst-IRES-Cre/wt;Ai32(RCL-ChR2(H134R)_EYFP)/wt,832810582,73,11,740,8329.0,2019.0,9607.0,402.0,VISal,831882777,1250.000058944535,3a,30000.0014146688,True,2
951104696,0.398461692837444,138.44259,0.0021037151364022,180.87,3.80266754343015,0.65929648241206,849772634,3.23562645917082,0.233500837520938,0.0072804516299018,51.9431024250225,0.0061451752328647,49.1,0.900552486187845,0.0008147469192382,0.99,-0.0315813634795277,0.359424007784607,0.182335005972755,2.66507199365889,110.0,0.858458961474037,0.755443886097152,832810582,76,43,780,8333.0,2002.0,9630.0,402.0,VISal,831882777,1250.000058944535,probeE,3a,30000.0014146688,True,2019-03-06T09:04:43Z,2019-10-03T00:00:00Z,803390291,functional_connectivity,137.0,M,Sst-IRES-Cre/wt;Ai32(RCL-ChR2(H134R)_EYFP)/wt,832810582,76,43,780,8333.0,2002.0,9630.0,402.0,VISal,831882777,1250.000058944535,3a,30000.0014146688,True,1
951104711,0.581677111549531,199.40037,0.0001900555805234,114.69,5.65693976466138,0.68676716917923,849772636,7.77874209684951,0.219765494137353,0.0012596686810405,94.4491030442674,0.0004032002720098,41.15,0.996229260935143,0.0002441235962893,0.99,-0.0673646417258437,0.546457103448751,0.0825775479854402,2.66678276998392,80.0,0.48073701842546,0.824120603015075,832810582,77,11,780,8335.0,1997.0,9637.0,402.0,VISal,831882777,1250.000058944535,probeE,3a,30000.0014146688,True,2019-03-06T09:04:43Z,2019-10-03T00:00:00Z,803390291,functional_connectivity,137.0,M,Sst-IRES-Cre/wt;Ai32(RCL-ChR2(H134R)_EYFP)/wt,832810582,77,11,780,8335.0,1997.0,9637.0,402.0,VISal,831882777,1250.000058944535,3a,30000.0014146688,True,1
951104784,0.424900406572775,203.64669,0.0008435760976151,101.88,4.16901934887825,0.686767169179229,849772638,2.95885645031333,0.192294807370184,0.0391777778609898,53.483383211674,0.008461468641806,32.14,0.878306878306878,0.0060230597143348,0.99,-0.0564782513394182,0.576423340552861,0.114428572632692,4.3289391322383,60.0,0.480737018425461,0.0,832810582,78,59,800,8336.0,1991.0,9645.0,402.0,VISal,831882777,1250.000058944535,probeE,3a,30000.0014146688,True,2019-03-06T09:04:43Z,2019-10-03T00:00:00Z,803390291,functional_connectivity,137.0,M,Sst-IRES-Cre/wt;Ai32(RCL-ChR2(H134R)_EYFP)/wt,832810582,78,59,800,8336.0,1991.0,9645.0,402.0,VISal,831882777,1250.000058944535,3a,30000.0014146688,True,1
951104824,0.455806443199467,156.311415,0.007925819751394,131.47,3.45887315985761,0.741708542713568,849772640,2.63195873595741,0.219765494137353,0.0495141626304647,52.5539498635075,0.0065834509741556,27.88,0.834862385321101,0.0010904382198596,0.99,-0.0478482778243279,0.331383359336868,0.0777359377601649,2.58158232838268,100.0,0.68676716917923,0.379973638685229,832810582,79,27,800,8338.0,1986.0,9653.0,402.0,VISal,831882777,1250.000058944535,probeE,3a,30000.0014146688,True,2019-03-06T09:04:43Z,2019-10-03T00:00:00Z,803390291,functional_connectivity,137.0,M,Sst-IRES-Cre/wt;Ai32(RCL-ChR2(H134R)_EYFP)/wt,832810582,79,27,800,8338.0,1986.0,9653.0,402.0,VISal,831882777,1250.000058944535,3a,30000.0014146688,True,2
951104837,0.422040177953095,138.969285,0.0043191294533181,174.09,3.13725320682815,0.645561139028476,849772640,2.59576104192608,0.1785594639866,0.0395925707391135,56.0499983655351,0.0048186262480847,25.21,0.863565891472868,0.0032362459546925,0.99,-0.0445098682685967,0.409747787035759,0.110879175086118,2.78054505763286,50.0,0.892797319932998,0.68676716917923,832810582,79,27,800,8338.0,1986.0,9653.0,402.0,VISal,831882777,1250.000058944535,probeE,3a,30000.0014146688,True,2019-03-06T09:04:43Z,2019-10-03T00:00:00Z,803390291,functional_connectivity,137.0,M,Sst-IRES-Cre/wt;Ai32(RCL-ChR2(H134R)_EYFP)/wt,832810582,79,27,800,8338.0,1986.0,9653.0,402.0,VISal,831882777,1250.000058944535,3a,30000.0014146688,True,2
951104849,0.432714371889594,120.130725,0.0016728724286646,128.76,3.67913100327332,0.700502512562814,849772648,2.6690715402311,0.219765494137353,0.326328111391016,48.7567211802624,0.0093930087492218,39.25,0.916230366492147,0.0004077887654195,0.99,-0.039188040865599,0.278378108535059,0.132374484398419,2.27370662483906,70.0,1.09882747068677,-0.274706867671692,832810582,83,27,840,8345.0,1957.0,9691.0,402.0,VISal,831882777,1250.000058944535,probeE,3a,30000.0014146688,True,2019-03-06T09:04:43Z,2019-10-03T00:00:00Z,803390291,functional_connectivity,137.0,M,Sst-IRES-Cre/wt;Ai32(RCL-ChR2(H134R)_EYFP)/wt,832810582,83,27,840,8345.0,1957.0,9691.0,402.0,VISal,831882777,1250.000058944535,3a,30000.0014146688,True,1
951104886,0.489211693705628,147.60291,0.0208499473271872,127.41,3.4469556373039,0.700502512562814,849772644,2.02229195671072,0.1785594639866,0.251606082952893,39.7780128214996,0.022840151916716,34.23,0.713768115942029,0.0029883183917413,0.99,-0.0946674623880282,0.394186899058194,0.0642216455276822,3.05366839675129,50.0,1.37353433835846,0.343383584589614,832810582,81,11,820,8342.0,1969.0,9675.0,402.0,VISal,831882777,1250.000058944535,probeE,3a,30000.0014146688,True,2019-03-06T09:04:43Z,2019-10-03T00:00:00Z,803390291,functional_connectivity,137.0,M,Sst-IRES-Cre/wt;Ai32(RCL-ChR2(H134R)_EYFP)/wt,832810582,81,11,820,8342.0,1969.0,9675.0,402.0,VISal,831882777,1250.000058944535,3a,30000.0014146688,True,1
951104915,0.376270113819308,215.22618,0.0004218071744445,111.73,4.79335498900474,0.68676716917923,849772646,1.86123255405449,0.1785594639866,0.0110012947742974,77.3404029209493,0.000189029701768,39.69,0.969924812030075,0.000236478497348,0.99,-0.0929642953492327,0.676902935075616,0.146472119503106,3.57582021282321,70.0,0.412060301507538,0.206030150753768,832810582,82,59,840,8343.0,1963.0,9683.0,402.0,VISal,831882777,1250.000058944535,probeE,3a,30000.0014146688,True,2019-03-06T09:04:43Z,2019-10-03T00:00:00Z,803390291,functional_connectivity,137.0,M,Sst-IRES-Cre/wt;Ai32(RCL-ChR2(H134R)_EYFP)/wt,832810582,82,59,840,8343.0,1963.0,9683.0,402.0,VISal,831882777,1250.000058944535,3a,30000.0014146688,True,2
951104936,0.716613896875757,91.13715,0.0903280989545263,220.95,3.45377654100847,0.425795644891122,849772646,6.69148945000414,0.32964824120603,0.154055802719459,63.2742834507635,0.0077750018263355,33.86,0.912666666666667,0.0107405844003565,0.99,-0.0588355646326721,0.261540476671901,0.118663550703781,1.75326211658803,100.0,1.25089734386217,-0.343383584589615,832810582,82,59,840,8343.0,1963.0,9683.0,402.0,VISal,831882777,1250.000058944535,probeE,3a,30000.0014146688,True,2019-03-06T09:04:43Z,2019-10-03T00:00:00Z,803390291,functional_connectivity,137.0,M,Sst-IRES-Cre/wt;Ai32(RCL-ChR2(H134R)_EYFP)/wt,832810582,82,59,840,8343.0,1963.0,9683.0,402.0,VISal,831882777,1250.000058944535,3a,30000.0014146688,True,2
951104970,0.2099542712977,363.365535,0.0007459258528869,103.86,3.63444593183723,0.65929648241206,849772652,1.86885847274086,0.137353433835846,0.0218233917913598,64.7428687131877,0.0012695891318648,35.89,0.989189189189189,0.0003396162336559,0.99,-0.0999895600696406,1.40156389121505,0.0659769950901668,3.43300061253778,50.0,0.686767169179229,0.0,832810582,85,11,860,8348.0,1946.0,9706.0,402.0,VISal,831882777,1250.000058944535,probeE,3a,30000.0014146688,True,2019-03-06T09:04:43Z,2019-10-03T00:00:00Z,803390291,functional_connectivity,137.0,M,Sst-IRES-Cre/wt;Ai32(RCL-ChR2(H134R)_EYFP)/wt,832810582,85,11,860,8348.0,1946.0,9706.0,402.0,VISal,831882777,1250.000058944535,3a,30000.0014146688,True,2
951104982,0.584796745771358,124.31757,0.0041961824565341,112.23,4.91013580345651,0.260971524288107,849772652,20.3597793877986,0.15108877721943,0.0120439859875535,96.205640807138,0.0018662485320886,39.68,0.996,0.0020366598778004,0.99,-0.157504991768518,0.549557858344818,0.114012292864799,2.84479204067598,100.0,-0.0981095955970329,-0.68676716917923,832810582,85,11,860,8348.0,1946.0,9706.0,402.0,VISal,831882777,1250.000058944535,probeE,3a,30000.0014146688,True,2019-03-06T09:04:43Z,2019-10-03T00:00:00Z,803390291,functional_connectivity,137.0,M,Sst-IRES-Cre/wt;Ai32(RCL-ChR2(H134R)_EYFP)/wt,832810582,85,11,860,8348.0,1946.0,9706.0,402.0,VISal,831882777,1250.000058944535,3a,30000.0014146688,True,2
951105006,0.417699882518787,152.036625,0.0119401662180544,156.43,4.50163419090808,0.590619765494137,849772662,2.91869327856509,0.206030150753769,0.255001668013268,54.8777253006941,0.0078604967409638,38.62,0.895104895104895,0.0047697481298469,0.99,-0.0653424014582231,0.392455815093237,0.0768085920388458,2.63660880081216,80.0,0.343383584589615,0.255084948552285,832810582,90,59,920,8357.0,1912.0,9752.0,402.0,VISal,831882777,1250.000058944535,probeE,3a,30000.0014146688,True,2019-03-06T09:04:43Z,2019-10-03T00:00:00Z,803390291,functional_connectivity,137.0,M,Sst-IRES-Cre/wt;Ai32(RCL-ChR2(H134R)_EYFP)/wt,832810582,90,59,920,8357.0,1912.0,9752.0,402.0,VISal,831882777,1250.000058944535,3a,30000.0014146688,True,2
951105017,0.413448719092607,215.13804,0.0040113909888521,204.26,5.03942173774074,0.618090452261307,849772662,0.537678106847316,0.15108877721943,0.0,47.6826152621826,0.0026575311076074,38.42,0.935897435897436,0.0001675378635571,0.99,-0.10322932357886,0.559340982554959,0.0805600020603119,3.20218399879534,70.0,0.343383584589615,0.206030150753768,832810582,90,59,920,8357.0,1912.0,9752.0,402.0,VISal,831882777,1250.000058944535,probeE,3a,30000.0014146688,True,2019-03-06T09:04:43Z,2019-10-03T00:00:00Z,803390291,functional_connectivity,137.0,M,Sst-IRES-Cre/wt;Ai32(RCL-ChR2(H134R)_EYFP)/wt,832810582,90,59,920,8357.0,1912.0,9752.0,402.0,VISal,831882777,1250.000058944535,3a,30000.0014146688,True,2
951105044,0.499599230505137,217.384635,0.0086931832323305,134.52,3.95220627419155,0.645561139028476,849772660,1.02044959915274,0.192294807370184,0.402582273249798,44.3723007415624,0.0094125972415877,23.15,0.891975308641975,0.000943523385901,0.99,-0.123032410276274,0.716505593806304,0.205926021919747,3.61646403077281,50.0,1.03015075376884,1.37353433835846,832810582,89,11,900,8355.0,1918.0,9745.0,402.0,VISal,831882777,1250.000058944535,probeE,3a,30000.0014146688,True,2019-03-06T09:04:43Z,2019-10-03T00:00:00Z,803390291,functional_connectivity,137.0,M,Sst-IRES-Cre/wt;Ai32(RCL-ChR2(H134R)_EYFP)/wt,832810582,89,11,900,8355.0,1918.0,9745.0,402.0,VISal,831882777,1250.000058944535,3a,30000.0014146688,True,2
951105072,0.595970102584815,129.21441,0.0670362517614987,123.13,4.45108778218474,0.274706867671692,849772660,10.0769906310912,0.123618090452261,0.0698065727402932,78.8867392900198,0.0047032211296493,24.27,0.947333333333333,0.009768596364801,0.99,-0.112764201751579,0.567124045403304,0.102265755137137,2.62542802997808,60.0,0.206030150753768,0.0,832810582,89,11,900,8355.0,1918.0,9745.0,402.0,VISal,831882777,1250.000058944535,probeE,3a,30000.0014146688,True,2019-03-06T09:04:43Z,2019-10-03T00:00:00Z,803390291,functional_connectivity,137.0,M,Sst-IRES-Cre/wt;Ai32(RCL-ChR2(H134R)_EYFP)/wt,832810582,89,11,900,8355.0,1918.0,9745.0,402.0,VISal,831882777,1250.000058944535,3a,30000.0014146688,True,2
951105144,0.494559028944439,345.292934999999,0.0002418044430424,172.69,6.23979265761166,0.700502512562814,849772666,0.644644326288197,0.164824120603015,0.0917074784041171,83.1496577272899,7.00107205044031e-05,33.25,0.979919678714859,0.0001344492622096,0.99,-0.171125306869009,0.94671297682487,0.370355597175793,5.25226895858091,70.0,0.755443886097153,0.412060301507537,832810582,92,43,940,8360.0,1901.0,9767.0,402.0,VISal,831882777,1250.000058944535,probeE,3a,30000.0014146688,True,2019-03-06T09:04:43Z,2019-10-03T00:00:00Z,803390291,functional_connectivity,137.0,M,Sst-IRES-Cre/wt;Ai32(RCL-ChR2(H134R)_EYFP)/wt,832810582,92,43,940,8360.0,1901.0,9767.0,402.0,VISal,831882777,1250.000058944535,3a,30000.0014146688,True,1
951105263,0.485124001765765,154.81791,0.0029844554367852,201.33,3.62142643666943,0.727973199329983,849772670,2.96261857019861,0.219765494137353,0.338678948498699,59.7846443266341,0.0086051859270653,43.7,0.959333333333333,0.0023577322902154,0.99,-0.0666295751026796,0.387889063677517,0.0979071060133299,3.14603945768312,60.0,0.68676716917923,-0.137353433835846,832810582,94,59,960,8363.0,1890.0,9783.0,402.0,VISal,831882777,1250.000058944535,probeE,3a,30000.0014146688,True,2019-03-06T09:04:43Z,2019-10-03T00:00:00Z,803390291,functional_connectivity,137.0,M,Sst-IRES-Cre/wt;Ai32(RCL-ChR2(H134R)_EYFP)/wt,832810582,94,59,960,8363.0,1890.0,9783.0,402.0,VISal,831882777,1250.000058944535,3a,30000.0014146688,True,1
951105678,0.327731170026913,85.9446900000001,0.0873584575904753,174.83,3.58506339136328,0.288442211055276,849772542,8.0582574364341,0.137353433835846,0.114445156563762,68.7153427832442,0.020756155821353,39.03,0.906,0.0330180852828936,0.99,-0.0501629834031282,0.378301083781968,0.0311037584697356,2.43846248263694,90.0,0.343383584589614,0.0735821966977745,832810582,30,59,320,8267.0,2295.0,9268.0,382.0,CA1,831882777,1250.000058944535,probeE,3a,30000.0014146688,True,2019-03-06T09:04:43Z,2019-10-03T00:00:00Z,803390291,functional_connectivity,137.0,M,Sst-IRES-Cre/wt;Ai32(RCL-ChR2(H134R)_EYFP)/wt,832810582,30,59,320,8267.0,2295.0,9268.0,382.0,CA1,831882777,1250.000058944535,3a,30000.0014146688,True,1
951105709,0.602602403142631,138.42153,0.0070908207735086,29.04,4.07514236336595,0.618090452261306,849772668,0.146214280946755,0.233500837520938,0.0,31.7547866424244,0.0149193755604284,27.04,0.244444444444444,0.00050075112669,0.96,-0.0475189874366763,0.415932399542554,0.0691496445601785,2.27486004649214,70.0,0.824120603015076,-1.03015075376884,832810582,93,11,940,8361.0,1895.0,9775.0,402.0,VISal,831882777,1250.000058944535,probeE,3a,30000.0014146688,True,2019-03-06T09:04:43Z,2019-10-03T00:00:00Z,803390291,functional_connectivity,137.0,M,Sst-IRES-Cre/wt;Ai32(RCL-ChR2(H134R)_EYFP)/wt,832810582,93,11,940,8361.0,1895.0,9775.0,402.0,VISal,831882777,1250.000058944535,3a,30000.0014146688,True,1
951106154,0.265216930278692,275.06349,0.001987658615254,36.66,6.74432804859772,0.68676716917923,849771510,1.4079123288047,0.219765494137353,0.0,66.7145596840771,0.0001696893856723,16.95,0.991341991341991,0.0001007759750075,0.98,-0.0560460567947604,0.823508277101986,0.343756132026881,3.94370924396495,60.0,0.0,0.0,832810584,82,59,840,7868.0,2315.0,7797.0,726.0,DG,831882777,1250.001648213235,probeF,3a,30000.0395571176,False,2019-03-06T09:04:43Z,2019-10-03T00:00:00Z,803390291,functional_connectivity,137.0,M,Sst-IRES-Cre/wt;Ai32(RCL-ChR2(H134R)_EYFP)/wt,832810584,82,59,840,7868.0,2315.0,7797.0,726.0,DG,831882777,1250.001648213235,3a,30000.0395571176,False,3
951106164,1.34158053013107,143.667225,0.0545853040088907,777.29,1.93464469655089,0.15108877721943,849771510,4.12910681349445,0.0961474036850921,0.0906065699107027,21.7181802262905,0.0369697129960839,61.27,0.542237442922374,0.0162065650322758,0.99,-0.286404075049965,0.450445549975224,0.0984765287264013,2.25263229968841,60.0,0.0,0.0,832810584,82,59,840,7868.0,2315.0,7797.0,726.0,DG,831882777,1250.001648213235,probeF,3a,30000.0395571176,False,2019-03-06T09:04:43Z,2019-10-03T00:00:00Z,803390291,functional_connectivity,137.0,M,Sst-IRES-Cre/wt;Ai32(RCL-ChR2(H134R)_EYFP)/wt,832810584,82,59,840,7868.0,2315.0,7797.0,726.0,DG,831882777,1250.001648213235,3a,30000.0395571176,False,3
951106176,0.549570102023216,177.65787,1.31174903306473e-06,56.9,6.40376271640995,0.384589614740368,849771510,34.099834436764,0.219765494137353,0.0001594221383148,106.817281845722,1.24103707634354e-05,26.23,1.0,0.0001551831160769,0.99,-0.0949018320413077,0.519760876332351,0.204692012815946,2.74755838913857,60.0,-0.343383584589615,-0.412060301507537,832810584,82,59,840,7868.0,2315.0,7797.0,726.0,DG,831882777,1250.001648213235,probeF,3a,30000.0395571176,False,2019-03-06T09:04:43Z,2019-10-03T00:00:00Z,803390291,functional_connectivity,137.0,M,Sst-IRES-Cre/wt;Ai32(RCL-ChR2(H134R)_EYFP)/wt,832810584,82,59,840,7868.0,2315.0,7797.0,726.0,DG,831882777,1250.001648213235,3a,30000.0395571176,False,3
951106239,0.261523637734828,279.689865,0.0037581734083814,48.19,6.13365822418484,0.549413735343384,849771514,0.770395118560231,0.1785594639866,0.0,38.2304527295543,0.0078928041868434,21.01,0.845238095238095,0.0002681684097613,0.99,-0.128609868844145,0.916805966373198,0.380271551221477,3.81477418641771,70.0,0.137353433835846,-0.0686767169179227,832810584,84,43,860,7862.0,2294.0,7815.0,726.0,DG,831882777,1250.001648213235,probeF,3a,30000.0395571176,False,2019-03-06T09:04:43Z,2019-10-03T00:00:00Z,803390291,functional_connectivity,137.0,M,Sst-IRES-Cre/wt;Ai32(RCL-ChR2(H134R)_EYFP)/wt,832810584,84,43,860,7862.0,2294.0,7815.0,726.0,DG,831882777,1250.001648213235,3a,30000.0395571176,False,2
951109991,0.227227359733523,159.914235,0.0006109149835097,37.29,6.20354025271446,0.604355108877722,849771514,4.61066558544275,0.219765494137353,0.0232538386984692,86.7714574140825,0.0002507349976607,19.3,0.990167158308751,0.0009315805817203,0.99,-0.0332570633838438,0.549040641290087,0.202819506191496,2.59586403434383,110.0,0.95656855707107,0.137353433835846,832810584,84,43,860,7862.0,2294.0,7815.0,726.0,DG,831882777,1250.001648213235,probeF,3a,30000.0395571176,False,2019-03-06T09:04:43Z,2019-10-03T00:00:00Z,803390291,functional_connectivity,137.0,M,Sst-IRES-Cre/wt;Ai32(RCL-ChR2(H134R)_EYFP)/wt,832810584,84,43,860,7862.0,2294.0,7815.0,726.0,DG,831882777,1250.001648213235,3a,30000.0395571176,False,2
951106250,0.502857905505599,64.600575,0.0384673548189086,121.94,4.15262205699019,0.769179229480737,849771520,6.88574639779696,0.260971524288107,0.134235409986075,54.2019243076183,0.0121840072554327,19.96,0.93446088794926,0.0025191560827122,0.99,-0.0185407932692889,0.138807972518092,0.117166128000554,1.13072309187246,110.0,2.42009413501229e-18,-0.353194544149318,832810584,87,27,880,7856.0,2273.0,7832.0,726.0,DG,831882777,1250.001648213235,probeF,3a,30000.0395571176,False,2019-03-06T09:04:43Z,2019-10-03T00:00:00Z,803390291,functional_connectivity,137.0,M,Sst-IRES-Cre/wt;Ai32(RCL-ChR2(H134R)_EYFP)/wt,832810584,87,27,880,7856.0,2273.0,7832.0,726.0,DG,831882777,1250.001648213235,3a,30000.0395571176,False,1
951106308,0.246038441796234,74.6536049999999,0.0041213849938925,49.63,5.01049534361823,0.453266331658292,849771526,18.4042497454465,0.206030150753769,0.0217091411026644,105.862330980764,0.0001986764023992,23.9,0.999333333333333,0.0008375209380234,0.99,-0.0302529984706953,0.254994268997795,0.158265170751282,1.36709557109106,100.0,0.618090452261307,-0.147164393395549,832810584,90,59,920,7850.0,2252.0,7849.0,726.0,DG,831882777,1250.001648213235,probeF,3a,30000.0395571176,False,2019-03-06T09:04:43Z,2019-10-03T00:00:00Z,803390291,functional_connectivity,137.0,M,Sst-IRES-Cre/wt;Ai32(RCL-ChR2(H134R)_EYFP)/wt,832810584,90,59,920,7850.0,2252.0,7849.0,726.0,DG,831882777,1250.001648213235,3a,30000.0395571176,False,1
951106375,0.302134463161862,90.6859200000001,0.0044748521595627,116.15,4.61347991478663,0.521943048576214,849771530,3.63419430634319,0.1785594639866,0.0514645659040165,59.332185504208,0.0014592719436739,29.59,0.968253968253968,0.0004736290131601,0.99,-0.0349802108894752,0.296734817377403,0.176953103947268,1.69463071467721,90.0,-0.62790141182101,-0.0686767169179227,832810584,92,43,940,7845.0,2238.0,7860.0,726.0,DG,831882777,1250.001648213235,probeF,3a,30000.0395571176,False,2019-03-06T09:04:43Z,2019-10-03T00:00:00Z,803390291,functional_connectivity,137.0,M,Sst-IRES-Cre/wt;Ai32(RCL-ChR2(H134R)_EYFP)/wt,832810584,92,43,940,7845.0,2238.0,7860.0,726.0,DG,831882777,1250.001648213235,3a,30000.0395571176,False,1
951106390,0.36345774890425,192.90804,0.000599223921177,73.05,5.55677673098652,0.590619765494137,849771532,5.52976526144817,0.274706867671692,0.0,71.2721452648419,0.0021184777738202,32.18,0.991749174917492,0.0001042100875364,0.99,-0.0286552077774941,0.307529052921184,0.324609845833564,1.79478971374076,80.0,0.686767169179229,0.156975352955253,832810584,93,11,940,7843.0,2230.0,7866.0,726.0,DG,831882777,1250.001648213235,probeF,3a,30000.0395571176,False,2019-03-06T09:04:43Z,2019-10-03T00:00:00Z,803390291,functional_connectivity,137.0,M,Sst-IRES-Cre/wt;Ai32(RCL-ChR2(H134R)_EYFP)/wt,832810584,93,11,940,7843.0,2230.0,7866.0,726.0,DG,831882777,1250.001648213235,3a,30000.0395571176,False,1
951106469,0.30008244633784,342.858165,0.0004433142990743,56.02,7.89082745408339,0.631825795644891,849771534,1.04389939882803,0.206030150753769,0.0,76.6438056503576,9.53524206111838e-06,21.34,0.984126984126984,0.00010042177144,0.99,-0.094305765065517,1.08980630120299,0.298443192896674,4.79729317621742,90.0,0.206030150753768,-1.09882747068677,832810584,94,59,960,7841.0,2223.0,7872.0,726.0,DG,831882777,1250.001648213235,probeF,3a,30000.0395571176,False,2019-03-06T09:04:43Z,2019-10-03T00:00:00Z,803390291,functional_connectivity,137.0,M,Sst-IRES-Cre/wt;Ai32(RCL-ChR2(H134R)_EYFP)/wt,832810584,94,59,960,7841.0,2223.0,7872.0,726.0,DG,831882777,1250.001648213235,3a,30000.0395571176,False,1
951106514,0.316796720792387,102.34692,0.0154314166409266,133.97,4.07503883422796,0.412060301507538,849771536,1.81182160346179,0.164824120603015,0.282352935765838,44.768070113964,0.0076736191914096,23.97,0.884259259259259,0.0001343002954606,0.99,-0.022182077797959,0.234986864083765,0.126371577279484,1.14319435469748,80.0,0.343383584589614,-0.196219191194065,832810584,95,27,960,7839.0,2216.0,7878.0,726.0,DG,831882777,1250.001648213235,probeF,3a,30000.0395571176,False,2019-03-06T09:04:43Z,2019-10-03T00:00:00Z,803390291,functional_connectivity,137.0,M,Sst-IRES-Cre/wt;Ai32(RCL-ChR2(H134R)_EYFP)/wt,832810584,95,27,960,7839.0,2216.0,7878.0,726.0,DG,831882777,1250.001648213235,3a,30000.0395571176,False,4
951106532,0.410338484232091,118.80141,0.0009053361505007,60.55,6.0334964478067,0.467001675041876,849771536,5.77244054809928,0.192294807370184,0.0296710531352098,71.6451109563273,0.0004119540209598,23.9,0.984057971014493,0.0011600136472193,0.99,-0.0384059216160718,0.363127408802134,0.103171659519627,1.76971348327888,80.0,-0.0686767169179227,-0.549413735343384,832810584,95,27,960,7839.0,2216.0,7878.0,726.0,DG,831882777,1250.001648213235,probeF,3a,30000.0395571176,False,2019-03-06T09:04:43Z,2019-10-03T00:00:00Z,803390291,functional_connectivity,137.0,M,Sst-IRES-Cre/wt;Ai32(RCL-ChR2(H134R)_EYFP)/wt,832810584,95,27,960,7839.0,2216.0,7878.0,726.0,DG,831882777,1250.001648213235,3a,30000.0395571176,False,4
951106544,0.435334387350466,71.71671,0.0043131466481569,190.18,3.33199959761936,0.590619765494137,849771536,2.22249017618457,0.288442211055276,0.425335011433013,38.1519359138092,0.0186846223786784,21.54,0.759493670886076,0.0009071666162685,0.99,-0.0275503227441881,0.199823532922339,0.0895100262135163,1.23033856127933,140.0,-0.26980138789184,-1.28360054239451,832810584,95,27,960,7839.0,2216.0,7878.0,726.0,DG,831882777,1250.001648213235,probeF,3a,30000.0395571176,False,2019-03-06T09:04:43Z,2019-10-03T00:00:00Z,803390291,functional_connectivity,137.0,M,Sst-IRES-Cre/wt;Ai32(RCL-ChR2(H134R)_EYFP)/wt,832810584,95,27,960,7839.0,2216.0,7878.0,726.0,DG,831882777,1250.001648213235,3a,30000.0395571176,False,4
951110031,0.288956384372249,127.64856,0.0004428988392072,88.64,4.98362809258871,0.755443886097152,849771536,14.3028395679285,0.192294807370184,0.0422878316824607,57.5743401549037,0.0066634880330124,25.91,0.983918128654971,0.0024098910310142,0.99,-0.0243476536109001,0.241755141372936,0.094059492604659,1.12143721609446,90.0,1.45202201483609,0.0,832810584,95,27,960,7839.0,2216.0,7878.0,726.0,DG,831882777,1250.001648213235,probeF,3a,30000.0395571176,False,2019-03-06T09:04:43Z,2019-10-03T00:00:00Z,803390291,functional_connectivity,137.0,M,Sst-IRES-Cre/wt;Ai32(RCL-ChR2(H134R)_EYFP)/wt,832810584,95,27,960,7839.0,2216.0,7878.0,726.0,DG,831882777,1250.001648213235,3a,30000.0395571176,False,4
951106571,1.04233811130181,45.3125400000001,0.0098455037417264,136.11,4.6313063020524,0.727973199329983,849771548,8.46000340338901,,0.0189938726298792,60.0585893426337,0.0039850271558614,17.33,0.903914590747331,0.0033611139692012,0.98,,0.0041094891907853,0.0736382975828643,0.288568226482674,30.0,,1.03015075376884,832810584,101,11,1020,7826.0,2174.0,7912.0,726.0,DG,831882777,1250.001648213235,probeF,3a,30000.0395571176,False,2019-03-06T09:04:43Z,2019-10-03T00:00:00Z,803390291,functional_connectivity,137.0,M,Sst-IRES-Cre/wt;Ai32(RCL-ChR2(H134R)_EYFP)/wt,832810584,101,11,1020,7826.0,2174.0,7912.0,726.0,DG,831882777,1250.001648213235,3a,30000.0395571176,False,1
951106584,0.389376784777177,88.98162,0.0046647361655938,128.05,4.57005812096355,0.618090452261307,849771540,1.53337149534105,0.137353433835846,0.078842139215941,38.89006308434,0.011377893393669,24.07,0.729166666666667,0.0006698821007502,0.96,-0.0412918380410024,0.272902925349205,0.128254948474801,1.35958093596841,60.0,1.03015075376885,0.618090452261306,832810584,97,11,980,7835.0,2202.0,7889.0,726.0,DG,831882777,1250.001648213235,probeF,3a,30000.0395571176,False,2019-03-06T09:04:43Z,2019-10-03T00:00:00Z,803390291,functional_connectivity,137.0,M,Sst-IRES-Cre/wt;Ai32(RCL-ChR2(H134R)_EYFP)/wt,832810584,97,11,980,7835.0,2202.0,7889.0,726.0,DG,831882777,1250.001648213235,3a,30000.0395571176,False,2
951106594,0.242599044759708,106.78434,0.0472972985432184,135.63,4.7424883695527,0.288442211055276,849771540,38.3982534237576,0.123618090452261,0.0626182022519762,87.331141550553,0.001510243051803,16.29,0.983333333333333,0.0065359477124183,0.99,-0.0567590851861559,0.450562128001337,0.114560784321798,1.83400655762558,30.0,0.0,0.686767169179227,832810584,97,11,980,7835.0,2202.0,7889.0,726.0,DG,831882777,1250.001648213235,probeF,3a,30000.0395571176,False,2019-03-06T09:04:43Z,2019-10-03T00:00:00Z,803390291,functional_connectivity,137.0,M,Sst-IRES-Cre/wt;Ai32(RCL-ChR2(H134R)_EYFP)/wt,832810584,97,11,980,7835.0,2202.0,7889.0,726.0,DG,831882777,1250.001648213235,3a,30000.0395571176,False,2
951106703,0.451462777780124,194.096565,0.0001744474721728,41.03,6.63630463742356,0.315912897822446,849771550,25.5310228206102,0.137353433835846,0.0026543214689158,76.6371993246362,0.0013318376953011,25.77,1.0,0.0014454348349795,0.99,-0.120014053151291,0.71667931919608,0.204736125621802,2.99207667582497,90.0,-0.0686767169179227,-0.196219191194065,832810584,102,59,1040,7823.0,2167.0,7918.0,726.0,DG,831882777,1250.001648213235,probeF,3a,30000.0395571176,False,2019-03-06T09:04:43Z,2019-10-03T00:00:00Z,803390291,functional_connectivity,137.0,M,Sst-IRES-Cre/wt;Ai32(RCL-ChR2(H134R)_EYFP)/wt,832810584,102,59,1040,7823.0,2167.0,7918.0,726.0,DG,831882777,1250.001648213235,3a,30000.0395571176,False,1
951106974,0.869602090784699,67.186275,0.0115398385805056,99.0,4.59959452490975,0.782914572864322,849771614,4.23824474811608,0.233500837520938,0.0275200892475755,59.2680623295957,0.0041142794943362,22.39,0.978468899521531,0.0013219230501635,0.99,-0.0085251777523362,0.0968827553296028,0.0934035803115623,1.31321056052612,80.0,0.68676716917923,0.470926058865757,832810584,134,59,1360,7707.0,1895.0,8111.0,382.0,CA1,831882777,1250.001648213235,probeF,3a,30000.0395571176,False,2019-03-06T09:04:43Z,2019-10-03T00:00:00Z,803390291,functional_connectivity,137.0,M,Sst-IRES-Cre/wt;Ai32(RCL-ChR2(H134R)_EYFP)/wt,832810584,134,59,1360,7707.0,1895.0,8111.0,382.0,CA1,831882777,1250.001648213235,3a,30000.0395571176,False,1
951107004,0.0746338895571984,59.9537250000001,0.0245214831703172,57.94,5.27558245116537,0.480737018425461,849771616,21.2225473169824,0.1785594639866,0.0063109498148111,79.5008968590285,0.006222161844126,22.9,0.999333333333333,0.0072139303482587,0.99,-0.0219530979962222,0.226359618568483,0.130513929528922,1.32767811402432,80.0,0.0,-0.137353433835846,832810584,135,27,1360,7704.0,1888.0,8115.0,382.0,CA1,831882777,1250.001648213235,probeF,3a,30000.0395571176,False,2019-03-06T09:04:43Z,2019-10-03T00:00:00Z,803390291,functional_connectivity,137.0,M,Sst-IRES-Cre/wt;Ai32(RCL-ChR2(H134R)_EYFP)/wt,832810584,135,27,1360,7704.0,1888.0,8115.0,382.0,CA1,831882777,1250.001648213235,3a,30000.0395571176,False,1
951107051,0.907358180959911,56.7777600000001,0.0425687434592289,59.28,5.25354214731578,0.412060301507538,849771622,25.8670093927536,0.206030150753769,0.0089580031072042,109.814018105808,0.0068086770975041,17.82,0.995333333333333,0.0117125672681228,0.99,-0.0466147387198021,0.19712911920936,0.100364293279186,1.64392878194663,90.0,0.274706867671691,-0.412060301507537,832810584,138,59,1400,7690.0,1861.0,8130.0,382.0,CA1,831882777,1250.001648213235,probeF,3a,30000.0395571176,False,2019-03-06T09:04:43Z,2019-10-03T00:00:00Z,803390291,functional_connectivity,137.0,M,Sst-IRES-Cre/wt;Ai32(RCL-ChR2(H134R)_EYFP)/wt,832810584,138,59,1400,7690.0,1861.0,8130.0,382.0,CA1,831882777,1250.001648213235,3a,30000.0395571176,False,1
951107129,0.128628244618426,141.757395,2.89110179880565e-05,101.78,3.49516161741633,0.563149078726968,849771634,1.47567017039003,0.247236180904523,0.0283761400687377,53.8724916327338,0.0016556888490088,25.87,0.985714285714286,0.0001342732460557,0.99,-0.0259839289705335,0.456062372574851,0.0152397311014905,2.82503691201639,150.0,-0.675321049692909,-2.64895908111988,832810584,144,43,1460,7663.0,1806.0,8159.0,382.0,CA1,831882777,1250.001648213235,probeF,3a,30000.0395571176,False,2019-03-06T09:04:43Z,2019-10-03T00:00:00Z,803390291,functional_connectivity,137.0,M,Sst-IRES-Cre/wt;Ai32(RCL-ChR2(H134R)_EYFP)/wt,832810584,144,43,1460,7663.0,1806.0,8159.0,382.0,CA1,831882777,1250.001648213235,3a,30000.0395571176,False,1
951107140,0.0722645990135056,141.220755,0.0042118170641442,147.87,5.13271073831323,0.700502512562814,849771644,2.29832620326304,0.219765494137353,0.0935833453675377,57.1839669000499,0.0020349441493675,12.95,0.975308641975309,0.000236526440277,0.99,-0.0434383475245601,0.448097658619864,0.391184356616017,2.25977156855369,110.0,-0.618090452261306,-1.80685171891202,832810584,149,11,1500,7643.0,1765.0,8181.0,382.0,CA1,831882777,1250.001648213235,probeF,3a,30000.0395571176,False,2019-03-06T09:04:43Z,2019-10-03T00:00:00Z,803390291,functional_connectivity,137.0,M,Sst-IRES-Cre/wt;Ai32(RCL-ChR2(H134R)_EYFP)/wt,832810584,149,11,1500,7643.0,1765.0,8181.0,382.0,CA1,831882777,1250.001648213235,3a,30000.0395571176,False,2
951107222,0.0400767998176377,55.292835,0.0176075277469261,88.25,2.51270808972553,0.714237855946399,849771644,6.03621803358962,0.645561139028476,0.0254386077114438,41.1853408776563,0.0409294178340745,36.72,0.856338028169014,0.0061171591498185,0.99,-0.0134783471603823,0.0739330225288268,0.0647104689159351,0.649533685952161,80.0,-3.09045226130653,-2.76669059583632,832810584,149,11,1500,7643.0,1765.0,8181.0,382.0,CA1,831882777,1250.001648213235,probeF,3a,30000.0395571176,False,2019-03-06T09:04:43Z,2019-10-03T00:00:00Z,803390291,functional_connectivity,137.0,M,Sst-IRES-Cre/wt;Ai32(RCL-ChR2(H134R)_EYFP)/wt,832810584,149,11,1500,7643.0,1765.0,8181.0,382.0,CA1,831882777,1250.001648213235,3a,30000.0395571176,False,2
951107150,0.155281173540198,52.84617,0.0208132425916091,160.02,3.26914262892538,0.673031825795645,849771636,10.3033134441812,0.439530988274707,0.289872779471586,56.1094022884365,0.0171908374396223,25.07,0.916,0.0055260544834434,0.99,-0.0085097527490839,0.082155944278037,0.100084267783955,0.938377527936313,130.0,-0.80940416367552,-2.89423307011247,832810584,145,11,1460,7659.0,1799.0,8163.0,382.0,CA1,831882777,1250.001648213235,probeF,3a,30000.0395571176,False,2019-03-06T09:04:43Z,2019-10-03T00:00:00Z,803390291,functional_connectivity,137.0,M,Sst-IRES-Cre/wt;Ai32(RCL-ChR2(H134R)_EYFP)/wt,832810584,145,11,1460,7659.0,1799.0,8163.0,382.0,CA1,831882777,1250.001648213235,3a,30000.0395571176,False,2
951110042,0.124365037413333,74.1955500000001,0.0025945616296804,142.4,5.24462381973511,0.714237855946399,849771636,1.04472370347019,0.65929648241206,0.0,45.1125198233599,0.0063482134405484,8.51,0.833333333333333,0.0007723822956545,0.99,-0.0191860445433526,0.072158167985355,-0.115317128544948,0.716774955850646,110.0,-3.15912897822445,-3.26214405360134,832810584,145,11,1460,7659.0,1799.0,8163.0,382.0,CA1,831882777,1250.001648213235,probeF,3a,30000.0395571176,False,2019-03-06T09:04:43Z,2019-10-03T00:00:00Z,803390291,functional_connectivity,137.0,M,Sst-IRES-Cre/wt;Ai32(RCL-ChR2(H134R)_EYFP)/wt,832810584,145,11,1460,7659.0,1799.0,8163.0,382.0,CA1,831882777,1250.001648213235,3a,30000.0395571176,False,2
951107159,0.262040221405824,86.045505,0.0170660490284817,63.26,2.54779894786264,0.590619765494137,849771638,2.93435966515163,0.247236180904523,0.0215291300938029,37.0385991288064,0.0274322328621328,24.66,0.845977011494253,0.0013867749027566,0.99,-0.0126613704303534,0.268765231101206,0.0736638257897742,1.80692747153921,80.0,-1.71691792294807,-3.82627422828428,832810584,146,59,1480,7656.0,1792.0,8167.0,382.0,CA1,831882777,1250.001648213235,probeF,3a,30000.0395571176,False,2019-03-06T09:04:43Z,2019-10-03T00:00:00Z,803390291,functional_connectivity,137.0,M,Sst-IRES-Cre/wt;Ai32(RCL-ChR2(H134R)_EYFP)/wt,832810584,146,59,1480,7656.0,1792.0,8167.0,382.0,CA1,831882777,1250.001648213235,3a,30000.0395571176,False,3
951107167,0.307417189734921,73.97286,0.0221018895386507,56.36,4.47994993818623,0.727973199329983,849771638,6.37682071172903,0.370854271356784,0.176271253092068,55.985533303281,0.0061452900929835,3.26,0.971518987341772,0.0014112625636789,0.99,-0.0235013325859825,0.15691027234097,0.145725368174528,1.99694776289676,50.0,-1.71691792294807,-3.77721943048576,832810584,146,59,1480,7656.0,1792.0,8167.0,382.0,CA1,831882777,1250.001648213235,probeF,3a,30000.0395571176,False,2019-03-06T09:04:43Z,2019-10-03T00:00:00Z,803390291,functional_connectivity,137.0,M,Sst-IRES-Cre/wt;Ai32(RCL-ChR2(H134R)_EYFP)/wt,832810584,146,59,1480,7656.0,1792.0,8167.0,382.0,CA1,831882777,1250.001648213235,3a,30000.0395571176,False,3
951107174,0.247477462086005,172.300245,0.0005453492936324,88.35,7.68374185838346,0.755443886097152,849771638,3.13219277926938,0.274706867671692,0.0188954049027955,76.6614054193602,5.00105417620884e-05,18.59,1.0,0.0001015744032503,0.99,-0.0363079549096086,0.354753199806285,0.223191816161064,3.24569944833367,70.0,-1.37353433835846,-3.02177554438861,832810584,146,59,1480,7656.0,1792.0,8167.0,382.0,CA1,831882777,1250.001648213235,probeF,3a,30000.0395571176,False,2019-03-06T09:04:43Z,2019-10-03T00:00:00Z,803390291,functional_connectivity,137.0,M,Sst-IRES-Cre/wt;Ai32(RCL-ChR2(H134R)_EYFP)/wt,832810584,146,59,1480,7656.0,1792.0,8167.0,382.0,CA1,831882777,1250.001648213235,3a,30000.0395571176,False,3
951107202,0.349128037440419,109.754775,0.0091527578975819,92.6,4.45745971146169,1.18123953098827,849771656,4.46558796842307,0.15108877721943,0.0061973298750835,60.5386664969592,0.0021142699214807,9.2,0.968253968253968,0.0001702417432754,0.99,-0.0148052980153744,0.182153150646166,0.160083502887097,0.943821353382339,120.0,-1.44221105527638,-2.25488553880514,832810584,155,27,1560,7619.0,1715.0,8207.0,382.0,CA1,831882777,1250.001648213235,probeF,3a,30000.0395571176,False,2019-03-06T09:04:43Z,2019-10-03T00:00:00Z,803390291,functional_connectivity,137.0,M,Sst-IRES-Cre/wt;Ai32(RCL-ChR2(H134R)_EYFP)/wt,832810584,155,27,1560,7619.0,1715.0,8207.0,382.0,CA1,831882777,1250.001648213235,3a,30000.0395571176,False,2
951107212,0.0744958612862069,67.8186599999999,0.0009558920375176,132.61,3.96876790365456,0.975209380234506,849771656,16.5564884595866,0.370854271356784,0.0029304803045262,60.3126597456272,0.0050371356310483,37.93,0.985477178423237,0.0007004272606289,0.99,-0.0184333914047801,0.135264308652408,0.150482336435291,0.86996636231278,130.0,-0.892797319932998,-3.26214405360134,832810584,155,27,1560,7619.0,1715.0,8207.0,382.0,CA1,831882777,1250.001648213235,probeF,3a,30000.0395571176,False,2019-03-06T09:04:43Z,2019-10-03T00:00:00Z,803390291,functional_connectivity,137.0,M,Sst-IRES-Cre/wt;Ai32(RCL-ChR2(H134R)_EYFP)/wt,832810584,155,27,1560,7619.0,1715.0,8207.0,382.0,CA1,831882777,1250.001648213235,3a,30000.0395571176,False,2
951107244,0.436871790247762,74.54421,0.0009022831353185,47.44,4.64922116844797,0.975209380234506,849771660,3.65018581640104,0.206030150753769,0.0788407761378934,47.813864715549,0.0080696520706993,9.69,0.936213991769547,0.0008131734092295,0.98,-0.0222960322383476,0.221241436534451,0.131741593343388,1.19208279372319,110.0,-0.343383584589615,-2.51814628699051,832810584,157,11,1580,7610.0,1693.0,8218.0,382.0,CA1,831882777,1250.001648213235,probeF,3a,30000.0395571176,False,2019-03-06T09:04:43Z,2019-10-03T00:00:00Z,803390291,functional_connectivity,137.0,M,Sst-IRES-Cre/wt;Ai32(RCL-ChR2(H134R)_EYFP)/wt,832810584,157,11,1580,7610.0,1693.0,8218.0,382.0,CA1,831882777,1250.001648213235,3a,30000.0395571176,False,4
951107412,0.150903667718302,88.4124149999999,0.0359463752095043,140.97,2.91919727276317,0.68676716917923,849771660,7.26327792390501,0.219765494137353,0.0831620027900607,38.6318041763637,0.0274361746964219,36.85,0.581239530988275,0.0101350202360303,0.99,-0.020939519915533,0.161633530109023,0.0825169489614387,0.883134315689787,120.0,-0.206030150753769,-1.94153726023602,832810584,157,11,1580,7610.0,1693.0,8218.0,382.0,CA1,831882777,1250.001648213235,probeF,3a,30000.0395571176,False,2019-03-06T09:04:43Z,2019-10-03T00:00:00Z,803390291,functional_connectivity,137.0,M,Sst-IRES-Cre/wt;Ai32(RCL-ChR2(H134R)_EYFP)/wt,832810584,157,11,1580,7610.0,1693.0,8218.0,382.0,CA1,831882777,1250.001648213235,3a,30000.0395571176,False,4
951107473,0.335067238257407,147.807855,0.0007184292145973,117.08,4.3740493835902,0.879061976549414,849771660,5.92576121154054,0.219765494137353,0.0369541244487431,42.5779376619915,0.0159300976922148,52.5,0.928425357873211,0.0005082850462539,0.99,-0.0523112662313317,0.408546740686541,0.151538812617739,1.9703633244243,90.0,-1.37353433835846,-1.27542474276143,832810584,157,11,1580,7610.0,1693.0,8218.0,382.0,CA1,831882777,1250.001648213235,probeF,3a,30000.0395571176,False,2019-03-06T09:04:43Z,2019-10-03T00:00:00Z,803390291,functional_connectivity,137.0,M,Sst-IRES-Cre/wt;Ai32(RCL-ChR2(H134R)_EYFP)/wt,832810584,157,11,1580,7610.0,1693.0,8218.0,382.0,CA1,831882777,1250.001648213235,3a,30000.0395571176,False,4
951107550,0.224800404821974,86.081775,0.0451339419554717,139.96,2.33366743570806,1.01641541038526,849771660,8.23744115000653,0.219765494137353,0.184860151282933,33.5730896107685,0.0506106009992713,32.29,0.556534508076358,0.0064804393055697,0.99,-0.028655692684887,0.218686575175037,0.0131062816068583,1.15436693904607,70.0,0.686767169179229,-1.16750418760469,832810584,157,11,1580,7610.0,1693.0,8218.0,382.0,CA1,831882777,1250.001648213235,probeF,3a,30000.0395571176,False,2019-03-06T09:04:43Z,2019-10-03T00:00:00Z,803390291,functional_connectivity,137.0,M,Sst-IRES-Cre/wt;Ai32(RCL-ChR2(H134R)_EYFP)/wt,832810584,157,11,1580,7610.0,1693.0,8218.0,382.0,CA1,831882777,1250.001648213235,3a,30000.0395571176,False,4
951107255,0.0943274756405887,67.98948,0.0196447653405966,184.94,2.48895959870149,0.727973199329983,849771652,4.78492358679481,0.288442211055276,0.340057570573329,35.674453343517,0.0286836778837105,24.35,0.567430025445293,0.0073968993819029,0.99,-0.0264455541821862,0.177475457830621,0.132006935209251,0.913902788734649,140.0,0.843742522134482,-2.18620882188721,832810584,153,11,1540,7626.0,1729.0,8199.0,382.0,CA1,831882777,1250.001648213235,probeF,3a,30000.0395571176,False,2019-03-06T09:04:43Z,2019-10-03T00:00:00Z,803390291,functional_connectivity,137.0,M,Sst-IRES-Cre/wt;Ai32(RCL-ChR2(H134R)_EYFP)/wt,832810584,153,11,1540,7626.0,1729.0,8199.0,382.0,CA1,831882777,1250.001648213235,3a,30000.0395571176,False,4
951107322,0.2299240398625,26.1309750000001,0.0017713869967819,65.81,2.64857259813599,0.782914572864322,849771652,17.5476323613166,0.700502512562814,0.0493690136947702,52.3221171778232,0.0319276510253687,28.97,0.918,0.0148966298499009,0.99,-0.0078921512767164,0.0679416387055195,0.0973556750749674,0.358355577762336,130.0,1.16750418760469,-2.75851479620324,832810584,153,11,1540,7626.0,1729.0,8199.0,382.0,CA1,831882777,1250.001648213235,probeF,3a,30000.0395571176,False,2019-03-06T09:04:43Z,2019-10-03T00:00:00Z,803390291,functional_connectivity,137.0,M,Sst-IRES-Cre/wt;Ai32(RCL-ChR2(H134R)_EYFP)/wt,832810584,153,11,1540,7626.0,1729.0,8199.0,382.0,CA1,831882777,1250.001648213235,3a,30000.0395571176,False,4
951107358,0.0371506532024459,139.303905,0.0017138944199618,39.22,4.90742112548527,0.645561139028476,849771652,9.436639543417,0.15108877721943,0.194986032806129,48.1419234664838,0.0143118557231663,5.35,0.891891891891892,0.0024980323717619,0.99,-0.0105184585663463,0.508126129881964,0.0714260099378428,1.88541776859203,80.0,-0.343383584589615,-2.57047140464226,832810584,153,11,1540,7626.0,1729.0,8199.0,382.0,CA1,831882777,1250.001648213235,probeF,3a,30000.0395571176,False,2019-03-06T09:04:43Z,2019-10-03T00:00:00Z,803390291,functional_connectivity,137.0,M,Sst-IRES-Cre/wt;Ai32(RCL-ChR2(H134R)_EYFP)/wt,832810584,153,11,1540,7626.0,1729.0,8199.0,382.0,CA1,831882777,1250.001648213235,3a,30000.0395571176,False,4
951110054,0.153821317372158,97.4420850000001,0.0050312860074426,229.62,5.71253023713362,0.741708542713568,849771652,1.58909448915088,0.247236180904523,0.440458482330609,56.1886058484647,0.0013799769388237,20.24,0.971326164874552,0.0001682312169846,0.99,-0.032157406521143,0.254053316613953,0.161593767991211,1.27908736063423,150.0,0.588657573582197,-2.00307091010609,832810584,153,11,1540,7626.0,1729.0,8199.0,382.0,CA1,831882777,1250.001648213235,probeF,3a,30000.0395571176,False,2019-03-06T09:04:43Z,2019-10-03T00:00:00Z,803390291,functional_connectivity,137.0,M,Sst-IRES-Cre/wt;Ai32(RCL-ChR2(H134R)_EYFP)/wt,832810584,153,11,1540,7626.0,1729.0,8199.0,382.0,CA1,831882777,1250.001648213235,3a,30000.0395571176,False,4
951107300,0.235843614745283,91.810875,0.0159203249393853,160.33,2.90185417549884,0.83785594639866,849771654,6.07116855041709,0.315912897822446,0.296729416234705,36.9799528871868,0.0330283090460078,43.77,0.706924315619968,0.006807583648184,0.99,-0.0310890817187668,0.215554464102657,0.0695837763510847,1.73756625611098,80.0,0.892797319932999,-1.37353433835846,832810584,154,59,1560,7623.0,1722.0,8203.0,382.0,CA1,831882777,1250.001648213235,probeF,3a,30000.0395571176,False,2019-03-06T09:04:43Z,2019-10-03T00:00:00Z,803390291,functional_connectivity,137.0,M,Sst-IRES-Cre/wt;Ai32(RCL-ChR2(H134R)_EYFP)/wt,832810584,154,59,1560,7623.0,1722.0,8203.0,382.0,CA1,831882777,1250.001648213235,3a,30000.0395571176,False,1
951107312,0.2546946264781,180.34653,0.0007438021388678,115.76,5.78681124118989,0.714237855946399,849771646,3.67310148545302,0.164824120603015,0.0091600122850493,66.9532524876541,0.0003755786585662,13.18,0.954666666666667,0.0001012658227848,0.99,-0.0518319554722999,0.555987654054939,0.221256459611029,4.36799630160282,70.0,-0.343383584589614,-2.57047140464226,832810584,150,59,1520,7639.0,1757.0,8185.0,382.0,CA1,831882777,1250.001648213235,probeF,3a,30000.0395571176,False,2019-03-06T09:04:43Z,2019-10-03T00:00:00Z,803390291,functional_connectivity,137.0,M,Sst-IRES-Cre/wt;Ai32(RCL-ChR2(H134R)_EYFP)/wt,832810584,150,59,1520,7639.0,1757.0,8185.0,382.0,CA1,831882777,1250.001648213235,3a,30000.0395571176,False,1
951107564,0.409752665856653,176.997795,0.0050238329111038,64.37,4.43031657582496,0.961474036850921,849771662,10.0978967273556,0.137353433835846,0.455798609659389,60.5415773367717,0.0026126221140648,28.38,0.987179487179487,0.0004791238877481,0.99,-0.0252743088047949,0.229519834406194,0.197492892765616,1.74695836718152,50.0,0.0,-0.892797319932998,832810584,158,59,1600,7606.0,1686.0,8222.0,382.0,CA1,831882777,1250.001648213235,probeF,3a,30000.0395571176,False,2019-03-06T09:04:43Z,2019-10-03T00:00:00Z,803390291,functional_connectivity,137.0,M,Sst-IRES-Cre/wt;Ai32(RCL-ChR2(H134R)_EYFP)/wt,832810584,158,59,1600,7606.0,1686.0,8222.0,382.0,CA1,831882777,1250.001648213235,3a,30000.0395571176,False,4
951107576,1.07495067352559,111.716085,0.0440161278623149,76.8,4.92514963672393,1.0713567839196,849771662,1.82451589495101,1.16750418760469,0.129937543954972,44.6668561302538,0.0049931744212601,20.71,0.71505376344086,0.0005702019185617,0.95,,0.0104531861503851,0.131906937369629,0.4910855568356,40.0,,-0.892797319932998,832810584,158,59,1600,7606.0,1686.0,8222.0,382.0,CA1,831882777,1250.001648213235,probeF,3a,30000.0395571176,False,2019-03-06T09:04:43Z,2019-10-03T00:00:00Z,803390291,functional_connectivity,137.0,M,Sst-IRES-Cre/wt;Ai32(RCL-ChR2(H134R)_EYFP)/wt,832810584,158,59,1600,7606.0,1686.0,8222.0,382.0,CA1,831882777,1250.001648213235,3a,30000.0395571176,False,4
951107597,0.789666318372102,55.956225,0.0459960605181314,112.2,3.53081322780419,1.05762144053601,849771662,12.1690445712401,0.467001675041876,0.166074144734961,52.931224996536,0.0134747416582077,31.07,0.883376849434291,0.010016983813386,0.99,-0.0286109808417356,0.0100719037503924,0.100169108163617,1.06611963294301,80.0,2.81574539363484,-1.30485762144054,832810584,158,59,1600,7606.0,1686.0,8222.0,382.0,CA1,831882777,1250.001648213235,probeF,3a,30000.0395571176,False,2019-03-06T09:04:43Z,2019-10-03T00:00:00Z,803390291,functional_connectivity,137.0,M,Sst-IRES-Cre/wt;Ai32(RCL-ChR2(H134R)_EYFP)/wt,832810584,158,59,1600,7606.0,1686.0,8222.0,382.0,CA1,831882777,1250.001648213235,3a,30000.0395571176,False,4
951107663,0.348034611806915,118.312935,0.0002848425568486,113.05,4.92790088259177,0.824120603015075,849771662,10.7495919774452,0.164824120603015,0.0037432255451936,65.3200934601758,0.0016127697229529,33.58,0.996960486322188,0.0001378692310343,0.99,-0.0281982916561451,0.295228470670228,0.273785006507249,2.21909746777659,70.0,1.44221105527638,-1.09882747068677,832810584,158,59,1600,7606.0,1686.0,8222.0,382.0,CA1,831882777,1250.001648213235,probeF,3a,30000.0395571176,False,2019-03-06T09:04:43Z,2019-10-03T00:00:00Z,803390291,functional_connectivity,137.0,M,Sst-IRES-Cre/wt;Ai32(RCL-ChR2(H134R)_EYFP)/wt,832810584,158,59,1600,7606.0,1686.0,8222.0,382.0,CA1,831882777,1250.001648213235,3a,30000.0395571176,False,4
951107689,0.236924483142091,144.226485,0.0003272389042772,59.24,4.7159510403468,0.233500837520938,849771664,27.0109793751395,0.123618090452261,0.0141443706686969,78.1669388615123,0.0019756541323825,26.52,0.990666666666667,0.0009796718099436,0.99,-0.128415691658782,0.632288656189908,0.115768488725696,1.88188780947641,70.0,0.0,-0.824120603015076,832810584,159,27,1600,7603.0,1678.0,8226.0,382.0,CA1,831882777,1250.001648213235,probeF,3a,30000.0395571176,False,2019-03-06T09:04:43Z,2019-10-03T00:00:00Z,803390291,functional_connectivity,137.0,M,Sst-IRES-Cre/wt;Ai32(RCL-ChR2(H134R)_EYFP)/wt,832810584,159,27,1600,7603.0,1678.0,8226.0,382.0,CA1,831882777,1250.001648213235,3a,30000.0395571176,False,1
951107726,0.376998291821448,122.4717,0.0014123799587426,154.18,3.64118591907232,0.879061976549414,849771666,1.4702297597518,0.1785594639866,0.142932668457754,41.7605165654666,0.0067836234867277,57.47,0.851851851851852,0.0002343880796919,0.99,-0.0300952765416241,0.32874950782414,0.0941683513202615,2.35405376552328,110.0,2.06030150753769,-1.3964265773311,832810584,160,43,1620,7597.0,1664.0,8234.0,382.0,CA1,831882777,1250.001648213235,probeF,3a,30000.0395571176,False,2019-03-06T09:04:43Z,2019-10-03T00:00:00Z,803390291,functional_connectivity,137.0,M,Sst-IRES-Cre/wt;Ai32(RCL-ChR2(H134R)_EYFP)/wt,832810584,160,43,1620,7597.0,1664.0,8234.0,382.0,CA1,831882777,1250.001648213235,3a,30000.0395571176,False,2
951107820,0.560021390718594,116.22741,0.0008424746494139,106.65,4.37282350800562,0.810385259631491,849771666,5.47173421464029,0.219765494137353,0.0227025485870052,51.7864409541726,0.0057659744549208,34.96,0.986193293885602,0.0012545349744007,0.99,-0.0408806186608334,0.252160249558276,0.0971913187676453,2.39202764621236,110.0,1.785594639866,-2.06175961193085,832810584,160,43,1620,7597.0,1664.0,8234.0,382.0,CA1,831882777,1250.001648213235,probeF,3a,30000.0395571176,False,2019-03-06T09:04:43Z,2019-10-03T00:00:00Z,803390291,functional_connectivity,137.0,M,Sst-IRES-Cre/wt;Ai32(RCL-ChR2(H134R)_EYFP)/wt,832810584,160,43,1620,7597.0,1664.0,8234.0,382.0,CA1,831882777,1250.001648213235,3a,30000.0395571176,False,2
951107773,0.144338525828116,110.12703,0.0008550500220942,151.8,4.55802640233378,0.741708542713568,849771668,3.40404845025287,0.315912897822446,0.0426609416535297,49.1819943889182,0.0049538817326805,41.92,0.951515151515152,0.0004044489383215,0.99,-0.0198393599809362,0.222371855414636,0.156841729556667,1.30432085630826,100.0,2.4036850921273,-1.00519304962574,832810584,161,11,1620,7594.0,1657.0,8238.0,382.0,CA1,831882777,1250.001648213235,probeF,3a,30000.0395571176,False,2019-03-06T09:04:43Z,2019-10-03T00:00:00Z,803390291,functional_connectivity,137.0,M,Sst-IRES-Cre/wt;Ai32(RCL-ChR2(H134R)_EYFP)/wt,832810584,161,11,1620,7594.0,1657.0,8238.0,382.0,CA1,831882777,1250.001648213235,3a,30000.0395571176,False,1
951107861,0.0632418508146289,93.020265,0.0006151146624791,60.93,4.16484752934155,0.645561139028476,849771672,3.10466100422133,0.1785594639866,0.0256426871470991,46.1240717261587,0.0069374275015567,24.67,0.964401294498382,0.0003031221582297,0.99,-0.0326654025023188,0.339290607970134,0.138340401494379,1.4741678218755,120.0,0.824120603015075,-0.93858179787828,832810584,163,27,1640,7587.0,1642.0,8246.0,382.0,CA1,831882777,1250.001648213235,probeF,3a,30000.0395571176,False,2019-03-06T09:04:43Z,2019-10-03T00:00:00Z,803390291,functional_connectivity,137.0,M,Sst-IRES-Cre/wt;Ai32(RCL-ChR2(H134R)_EYFP)/wt,832810584,163,27,1640,7587.0,1642.0,8246.0,382.0,CA1,831882777,1250.001648213235,3a,30000.0395571176,False,1
951107937,0.113004699043801,65.17212,0.0005716793485609,60.85,3.21053277407753,0.50820770519263,849771684,13.5987185425977,0.260971524288107,0.0380935394893054,43.5712125922368,0.0691452404058892,27.78,0.89,0.0017825311942959,0.99,-0.0127877984816075,0.13597319964025,0.0806846141552276,0.932349468186268,70.0,0.0,0.241296572954864,832810584,169,11,1700,7562.0,1583.0,8282.0,382.0,CA1,831882777,1250.001648213235,probeF,3a,30000.0395571176,False,2019-03-06T09:04:43Z,2019-10-03T00:00:00Z,803390291,functional_connectivity,137.0,M,Sst-IRES-Cre/wt;Ai32(RCL-ChR2(H134R)_EYFP)/wt,832810584,169,11,1700,7562.0,1583.0,8282.0,382.0,CA1,831882777,1250.001648213235,3a,30000.0395571176,False,1
951107989,0.296577089345708,181.721475,1.26239687214248e-06,38.11,8.87837437939047,0.480737018425461,849771692,33.7953363019511,0.164824120603015,0.0,133.720539524282,4.34630520400097e-05,31.14,1.0,0.0,0.99,-0.0923724224456063,0.617670659034554,0.207029162707294,3.75259526667902,50.0,1.37353433835846,0.0686767169179227,832810584,173,11,1740,7546.0,1546.0,8306.0,417.0,VISrl,831882777,1250.001648213235,probeF,3a,30000.0395571176,False,2019-03-06T09:04:43Z,2019-10-03T00:00:00Z,803390291,functional_connectivity,137.0,M,Sst-IRES-Cre/wt;Ai32(RCL-ChR2(H134R)_EYFP)/wt,832810584,173,11,1740,7546.0,1546.0,8306.0,417.0,VISrl,831882777,1250.001648213235,3a,30000.0395571176,False,1
951108111,1.01036334650637,38.204205,0.0394285962679058,166.53,3.87197593476034,0.15108877721943,849771706,8.37328655503406,0.068676716917923,0.0255586555859218,64.7330254330742,0.0106629371881191,51.25,0.988,0.0003160056881023,0.99,-0.0222275672749068,0.0362483790184078,0.0561619832273583,0.479782487658186,60.0,-0.618090452261307,-7.21105527638191,832810584,180,43,1820,7521.0,1487.0,8347.0,417.0,VISrl,831882777,1250.001648213235,probeF,3a,30000.0395571176,False,2019-03-06T09:04:43Z,2019-10-03T00:00:00Z,803390291,functional_connectivity,137.0,M,Sst-IRES-Cre/wt;Ai32(RCL-ChR2(H134R)_EYFP)/wt,832810584,180,43,1820,7521.0,1487.0,8347.0,417.0,VISrl,831882777,1250.001648213235,3a,30000.0395571176,False,1
951108144,0.464903955011573,203.811075,0.0001833130218757,50.41,3.70190867650636,0.645561139028476,849771718,5.68951550109825,0.192294807370184,0.0,78.1447054190459,0.0014610521469581,34.03,0.985815602836879,0.0011319201481786,0.99,-0.020043767741021,0.182386908727405,0.163205397559222,1.68958216009487,40.0,,0.549413735343384,832810584,186,59,1880,7502.0,1442.0,8381.0,417.0,VISrl,831882777,1250.001648213235,probeF,3a,30000.0395571176,False,2019-03-06T09:04:43Z,2019-10-03T00:00:00Z,803390291,functional_connectivity,137.0,M,Sst-IRES-Cre/wt;Ai32(RCL-ChR2(H134R)_EYFP)/wt,832810584,186,59,1880,7502.0,1442.0,8381.0,417.0,VISrl,831882777,1250.001648213235,3a,30000.0395571176,False,1
951108198,0.144292779869824,184.525185,0.0001861929031294,36.84,3.98392854370367,0.673031825795645,849771720,11.6261575339153,0.206030150753769,0.0032000557862418,77.6603748893428,0.0006789133488454,32.3,0.996,0.0005996641880546,0.99,-0.0222211984277004,0.310268762338831,0.149521055583856,2.09386931989454,30.0,,-0.343383584589615,832810584,187,27,1880,7499.0,1434.0,8387.0,417.0,VISrl,831882777,1250.001648213235,probeF,3a,30000.0395571176,False,2019-03-06T09:04:43Z,2019-10-03T00:00:00Z,803390291,functional_connectivity,137.0,M,Sst-IRES-Cre/wt;Ai32(RCL-ChR2(H134R)_EYFP)/wt,832810584,187,27,1880,7499.0,1434.0,8387.0,417.0,VISrl,831882777,1250.001648213235,3a,30000.0395571176,False,3
951108206,0.288174358131233,279.472635,0.0066387204062331,34.94,3.93013157091432,0.810385259631491,849771720,3.74085932703835,0.274706867671692,0.141299016882803,50.8240684236978,0.0065252056142146,25.59,0.948434622467772,0.0002376345181111,0.99,-0.0370881535110892,0.398678596135838,0.0487038800984219,2.7983867160216,30.0,,0.0,832810584,187,27,1880,7499.0,1434.0,8387.0,417.0,VISrl,831882777,1250.001648213235,probeF,3a,30000.0395571176,False,2019-03-06T09:04:43Z,2019-10-03T00:00:00Z,803390291,functional_connectivity,137.0,M,Sst-IRES-Cre/wt;Ai32(RCL-ChR2(H134R)_EYFP)/wt,832810584,187,27,1880,7499.0,1434.0,8387.0,417.0,VISrl,831882777,1250.001648213235,3a,30000.0395571176,False,3
951108216,0.26254993233138,90.31971,0.0073264311664932,62.58,3.72234205351041,0.851591289782245,849771720,9.04377595096482,0.302177554438861,0.0423077913353681,66.8396957861238,0.0026865198184399,28.49,0.990950226244344,0.0016391155750854,0.99,-0.0356815778858846,0.212177053042256,0.08200384998245,1.86561919666605,50.0,-0.68676716917923,-0.549413735343383,832810584,187,27,1880,7499.0,1434.0,8387.0,417.0,VISrl,831882777,1250.001648213235,probeF,3a,30000.0395571176,False,2019-03-06T09:04:43Z,2019-10-03T00:00:00Z,803390291,functional_connectivity,137.0,M,Sst-IRES-Cre/wt;Ai32(RCL-ChR2(H134R)_EYFP)/wt,832810584,187,27,1880,7499.0,1434.0,8387.0,417.0,VISrl,831882777,1250.001648213235,3a,30000.0395571176,False,3
951108235,0.296271739659834,194.649,0.007474066293078,48.6,3.74901555330938,0.714237855946399,849771724,3.99425057403751,0.1785594639866,0.0503506006521717,48.8881889765875,0.0082602937465881,12.12,0.922431865828092,0.002167801375199,0.99,-0.0862387580019614,0.607775692568891,0.182934676330547,3.69713390407646,20.0,0.0,,832810584,189,11,1900,7492.0,1420.0,8398.0,417.0,VISrl,831882777,1250.001648213235,probeF,3a,30000.0395571176,False,2019-03-06T09:04:43Z,2019-10-03T00:00:00Z,803390291,functional_connectivity,137.0,M,Sst-IRES-Cre/wt;Ai32(RCL-ChR2(H134R)_EYFP)/wt,832810584,189,11,1900,7492.0,1420.0,8398.0,417.0,VISrl,831882777,1250.001648213235,3a,30000.0395571176,False,1
951108264,0.108126381261912,276.042975,0.0001172610348277,47.53,2.96949370014478,0.920268006700167,849771728,7.21662228115891,0.302177554438861,0.0011864896832713,64.0692324638767,0.0042590000720821,32.69,0.944444444444444,0.0036381109280615,0.99,-0.0406909914961829,0.28745000310489,0.0052138798373733,1.29256001049783,30.0,0.68676716917923,1.37353433835846,832810584,191,27,1920,7486.0,1405.0,8410.0,417.0,VISrl,831882777,1250.001648213235,probeF,3a,30000.0395571176,False,2019-03-06T09:04:43Z,2019-10-03T00:00:00Z,803390291,functional_connectivity,137.0,M,Sst-IRES-Cre/wt;Ai32(RCL-ChR2(H134R)_EYFP)/wt,832810584,191,27,1920,7486.0,1405.0,8410.0,417.0,VISrl,831882777,1250.001648213235,3a,30000.0395571176,False,1
951108286,0.41403434159696,106.318095,0.0170149780922673,74.45,4.21148101884578,0.824120603015075,849771732,10.5268648631343,0.206030150753769,0.118771823411052,56.8961814144911,0.0098714955376826,38.31,0.888888888888889,0.0046044370029301,0.99,-0.0247550586331541,0.250870841766279,0.0735202312212806,2.29574395139025,40.0,3.43383584589615,0.343383584589614,832810584,193,11,1940,7480.0,1390.0,8422.0,417.0,VISrl,831882777,1250.001648213235,probeF,3a,30000.0395571176,False,2019-03-06T09:04:43Z,2019-10-03T00:00:00Z,803390291,functional_connectivity,137.0,M,Sst-IRES-Cre/wt;Ai32(RCL-ChR2(H134R)_EYFP)/wt,832810584,193,11,1940,7480.0,1390.0,8422.0,417.0,VISrl,831882777,1250.001648213235,3a,30000.0395571176,False,3
951108297,0.315695085159291,94.3232550000001,0.0143368801198163,107.6,3.84134117931001,0.810385259631491,849771732,2.57380881467202,0.247236180904523,0.233195065810966,38.331502685842,0.0282629047470811,24.86,0.845679012345679,0.0004380644291683,0.99,-0.0285433785960351,0.242396599800462,0.0123231180575567,2.50206206966703,70.0,1.16750418760469,-0.137353433835846,832810584,193,11,1940,7480.0,1390.0,8422.0,417.0,VISrl,831882777,1250.001648213235,probeF,3a,30000.0395571176,False,2019-03-06T09:04:43Z,2019-10-03T00:00:00Z,803390291,functional_connectivity,137.0,M,Sst-IRES-Cre/wt;Ai32(RCL-ChR2(H134R)_EYFP)/wt,832810584,193,11,1940,7480.0,1390.0,8422.0,417.0,VISrl,831882777,1250.001648213235,3a,30000.0395571176,False,3
951108307,0.268793122285549,164.970975,0.0028047705016872,43.92,2.53622149928744,0.700502512562814,849771732,4.5889039428898,0.15108877721943,0.0088030919242612,45.057799427104,0.0153070610994682,22.29,0.970639032815199,0.0017334556949118,0.99,-0.054039887075912,0.555965032400157,0.134741147253239,3.55455766398288,50.0,1.71691792294807,0.686767169179229,832810584,193,11,1940,7480.0,1390.0,8422.0,417.0,VISrl,831882777,1250.001648213235,probeF,3a,30000.0395571176,False,2019-03-06T09:04:43Z,2019-10-03T00:00:00Z,803390291,functional_connectivity,137.0,M,Sst-IRES-Cre/wt;Ai32(RCL-ChR2(H134R)_EYFP)/wt,832810584,193,11,1940,7480.0,1390.0,8422.0,417.0,VISrl,831882777,1250.001648213235,3a,30000.0395571176,False,3
951108354,0.559572504990004,128.90436,0.0161758867379212,65.44,4.39785647275946,0.563149078726968,849771734,0.549811196318932,0.1785594639866,0.204411232567173,39.727610830884,0.0088803507471101,16.45,0.76,0.0002673350041771,0.99,-0.065949865917953,0.413484610728866,0.223204691700305,3.7473625105075,60.0,0.686767169179229,0.343383584589615,832810584,194,59,1960,7477.0,1382.0,8428.0,417.0,VISrl,831882777,1250.001648213235,probeF,3a,30000.0395571176,False,2019-03-06T09:04:43Z,2019-10-03T00:00:00Z,803390291,functional_connectivity,137.0,M,Sst-IRES-Cre/wt;Ai32(RCL-ChR2(H134R)_EYFP)/wt,832810584,194,59,1960,7477.0,1382.0,8428.0,417.0,VISrl,831882777,1250.001648213235,3a,30000.0395571176,False,1
951108380,0.522588953898089,94.1393699999999,0.0007896181577581,118.46,4.80167203143919,0.206030150753769,849771738,14.9364001158906,0.123618090452261,0.0041546199017942,62.9169819610258,0.0045297331121844,22.97,0.994,0.0031413149278824,0.99,-0.101373216932387,0.369172988983953,0.164222566546994,2.36814694754686,110.0,0.745632926537449,0.235463029432878,832810584,196,43,1980,7471.0,1367.0,8440.0,417.0,VISrl,831882777,1250.001648213235,probeF,3a,30000.0395571176,False,2019-03-06T09:04:43Z,2019-10-03T00:00:00Z,803390291,functional_connectivity,137.0,M,Sst-IRES-Cre/wt;Ai32(RCL-ChR2(H134R)_EYFP)/wt,832810584,196,43,1980,7471.0,1367.0,8440.0,417.0,VISrl,831882777,1250.001648213235,3a,30000.0395571176,False,2
951108390,0.352993468690617,62.4175500000001,0.0885974744923682,146.41,3.56164784526198,0.673031825795645,849771738,3.26210319087338,0.260971524288107,0.441316452233767,38.5024168260021,0.029120355137275,24.66,0.82,0.0020304568527918,0.99,-0.0145165839286858,0.121011036942626,0.110886318691821,1.32971087728655,120.0,2.18293850203398,0.470926058865757,832810584,196,43,1980,7471.0,1367.0,8440.0,417.0,VISrl,831882777,1250.001648213235,probeF,3a,30000.0395571176,False,2019-03-06T09:04:43Z,2019-10-03T00:00:00Z,803390291,functional_connectivity,137.0,M,Sst-IRES-Cre/wt;Ai32(RCL-ChR2(H134R)_EYFP)/wt,832810584,196,43,1980,7471.0,1367.0,8440.0,417.0,VISrl,831882777,1250.001648213235,3a,30000.0395571176,False,2
951108422,0.557821671931304,63.2310900000001,0.0097426578551544,69.45,3.02465705172297,0.631825795644891,849771740,7.99163350571522,0.233500837520938,0.0377333535650918,44.7772239666246,0.0265469703190361,35.04,0.770524233432245,0.0084859774397185,0.99,-0.0425496510988889,0.157764957014284,0.115213913339997,1.60555763361919,70.0,0.68676716917923,0.480737018425461,832810584,197,11,1980,7468.0,1360.0,8446.0,417.0,VISrl,831882777,1250.001648213235,probeF,3a,30000.0395571176,False,2019-03-06T09:04:43Z,2019-10-03T00:00:00Z,803390291,functional_connectivity,137.0,M,Sst-IRES-Cre/wt;Ai32(RCL-ChR2(H134R)_EYFP)/wt,832810584,197,11,1980,7468.0,1360.0,8446.0,417.0,VISrl,831882777,1250.001648213235,3a,30000.0395571176,False,3
951108446,0.460078517081859,103.496445,0.0300544230227007,52.71,3.94054588337561,0.65929648241206,849771740,13.8593636704479,0.192294807370184,0.0977955104813439,59.8072598653869,0.0140347950921877,21.32,0.81,0.0107154403953628,0.99,-0.056875863513933,0.26518590576025,0.095099691580473,2.83295918016325,60.0,0.686767169179229,0.206030150753769,832810584,197,11,1980,7468.0,1360.0,8446.0,417.0,VISrl,831882777,1250.001648213235,probeF,3a,30000.0395571176,False,2019-03-06T09:04:43Z,2019-10-03T00:00:00Z,803390291,functional_connectivity,137.0,M,Sst-IRES-Cre/wt;Ai32(RCL-ChR2(H134R)_EYFP)/wt,832810584,197,11,1980,7468.0,1360.0,8446.0,417.0,VISrl,831882777,1250.001648213235,3a,30000.0395571176,False,3
951108499,0.589667905978206,128.570715,0.0017157161892,170.02,4.05885881075397,0.563149078726968,849771740,0.719782813531772,0.192294807370184,0.119269382488315,40.4761827752617,0.0057464341484088,32.01,0.78494623655914,0.000300932891965,0.99,-0.102502663152513,0.360465419879806,0.132030257426698,2.8751991088419,80.0,0.961474036850921,0.480737018425461,832810584,197,11,1980,7468.0,1360.0,8446.0,417.0,VISrl,831882777,1250.001648213235,probeF,3a,30000.0395571176,False,2019-03-06T09:04:43Z,2019-10-03T00:00:00Z,803390291,functional_connectivity,137.0,M,Sst-IRES-Cre/wt;Ai32(RCL-ChR2(H134R)_EYFP)/wt,832810584,197,11,1980,7468.0,1360.0,8446.0,417.0,VISrl,831882777,1250.001648213235,3a,30000.0395571176,False,3
951108469,0.581768353414088,145.366065,0.0021924197406495,52.5,6.60988255324626,0.604355108877722,849771742,1.73944765588038,0.192294807370184,0.0,65.2662751868838,0.0004450276060601,37.24,0.970833333333333,0.0001344086021505,0.98,-0.0903012253235772,0.365751455029229,0.270680241640736,3.28191249219652,70.0,3.50251256281407,-0.137353433835845,832810584,198,59,2000,7465.0,1352.0,8452.0,417.0,VISrl,831882777,1250.001648213235,probeF,3a,30000.0395571176,False,2019-03-06T09:04:43Z,2019-10-03T00:00:00Z,803390291,functional_connectivity,137.0,M,Sst-IRES-Cre/wt;Ai32(RCL-ChR2(H134R)_EYFP)/wt,832810584,198,59,2000,7465.0,1352.0,8452.0,417.0,VISrl,831882777,1250.001648213235,3a,30000.0395571176,False,2
951108478,0.48654240853486,124.41117,0.0013828993021525,69.68,4.93279163691698,0.233500837520938,849771742,6.61042864731641,0.137353433835846,0.0127266816843975,65.7244688011275,0.0026016363967951,24.73,0.993464052287582,0.0018568186507117,0.99,-0.0939318107319093,0.554922156252384,0.155302837717095,3.21537119040961,60.0,0.343383584589615,-0.274706867671692,832810584,198,59,2000,7465.0,1352.0,8452.0,417.0,VISrl,831882777,1250.001648213235,probeF,3a,30000.0395571176,False,2019-03-06T09:04:43Z,2019-10-03T00:00:00Z,803390291,functional_connectivity,137.0,M,Sst-IRES-Cre/wt;Ai32(RCL-ChR2(H134R)_EYFP)/wt,832810584,198,59,2000,7465.0,1352.0,8452.0,417.0,VISrl,831882777,1250.001648213235,3a,30000.0395571176,False,2
951108541,0.167742709649199,41.664675,0.0561908029689109,202.82,2.75857379829382,0.673031825795645,849771744,3.73047308854717,0.32964824120603,0.275293389394256,44.9414892724586,0.0168084453878744,33.49,0.785932721712538,0.0020786478566073,0.99,-0.0103075787977178,0.0784117959332843,0.0792684072940194,0.939601239893066,110.0,2.81574539363484,0.613184972481455,832810584,199,27,2000,7462.0,1344.0,8458.0,417.0,VISrl,831882777,1250.001648213235,probeF,3a,30000.0395571176,False,2019-03-06T09:04:43Z,2019-10-03T00:00:00Z,803390291,functional_connectivity,137.0,M,Sst-IRES-Cre/wt;Ai32(RCL-ChR2(H134R)_EYFP)/wt,832810584,199,27,2000,7462.0,1344.0,8458.0,417.0,VISrl,831882777,1250.001648213235,3a,30000.0395571176,False,1
951108568,0.533455036342562,117.61893,0.001387778752658,57.23,5.49289071762351,0.618090452261307,849771748,0.925529252214239,0.206030150753769,0.0,52.6318003799531,0.000860772438359,39.14,0.852941176470588,0.0001003411599438,0.99,-0.0625995331362683,0.318786783351254,0.168495035241615,2.68769361091604,70.0,1.37353433835846,0.0,832810584,201,11,2020,7456.0,1329.0,8471.0,417.0,VISrl,831882777,1250.001648213235,probeF,3a,30000.0395571176,False,2019-03-06T09:04:43Z,2019-10-03T00:00:00Z,803390291,functional_connectivity,137.0,M,Sst-IRES-Cre/wt;Ai32(RCL-ChR2(H134R)_EYFP)/wt,832810584,201,11,2020,7456.0,1329.0,8471.0,417.0,VISrl,831882777,1250.001648213235,3a,30000.0395571176,False,1
951108576,0.57287909270778,72.5466300000001,0.0286022158518063,73.1,3.91002750798,0.480737018425461,849771750,11.4146409627377,0.1785594639866,0.0754057613007904,79.3400714653929,0.0041528686364025,26.35,0.975333333333333,0.008002977852224,0.99,-0.0249321082440675,0.230328915924194,0.0873463455634412,1.83737017851515,80.0,0.824120603015075,-0.412060301507538,832810584,202,59,2040,7453.0,1322.0,8477.0,417.0,VISrl,831882777,1250.001648213235,probeF,3a,30000.0395571176,False,2019-03-06T09:04:43Z,2019-10-03T00:00:00Z,803390291,functional_connectivity,137.0,M,Sst-IRES-Cre/wt;Ai32(RCL-ChR2(H134R)_EYFP)/wt,832810584,202,59,2040,7453.0,1322.0,8477.0,417.0,VISrl,831882777,1250.001648213235,3a,30000.0395571176,False,2
951108583,0.539428758275065,102.52047,0.0323988375802472,96.78,4.50611503832736,0.563149078726968,849771750,6.38572320186433,0.1785594639866,0.20911771434682,48.3254182477581,0.0135171708857178,22.35,0.85972850678733,0.0017725057095135,0.99,-0.0425244813978945,0.284282691406321,0.0779233082829043,2.43757010641322,50.0,0.343383584589615,0.343383584589614,832810584,202,59,2040,7453.0,1322.0,8477.0,417.0,VISrl,831882777,1250.001648213235,probeF,3a,30000.0395571176,False,2019-03-06T09:04:43Z,2019-10-03T00:00:00Z,803390291,functional_connectivity,137.0,M,Sst-IRES-Cre/wt;Ai32(RCL-ChR2(H134R)_EYFP)/wt,832810584,202,59,2040,7453.0,1322.0,8477.0,417.0,VISrl,831882777,1250.001648213235,3a,30000.0395571176,False,2
951108615,0.680421792645558,217.074,1.0819242934647e-05,45.95,6.85769361932616,0.233500837520938,849771754,53.7903291458328,0.164824120603015,4.27123540875176e-05,131.690828973735,2.79109264919458e-05,39.16,0.996666666666667,0.0002664535038635,0.99,-0.203827067791637,0.999604780490962,0.0750004192742831,3.65120049905672,60.0,0.343383584589615,0.343383584589615,832810584,204,43,2060,7444.0,1299.0,8495.0,417.0,VISrl,831882777,1250.001648213235,probeF,3a,30000.0395571176,False,2019-03-06T09:04:43Z,2019-10-03T00:00:00Z,803390291,functional_connectivity,137.0,M,Sst-IRES-Cre/wt;Ai32(RCL-ChR2(H134R)_EYFP)/wt,832810584,204,43,2060,7444.0,1299.0,8495.0,417.0,VISrl,831882777,1250.001648213235,3a,30000.0395571176,False,1
951108653,0.434070338280993,141.8391,0.0122004508754318,49.89,3.13886340280682,0.549413735343384,849771758,19.0322050218419,0.219765494137353,0.0116001235252275,80.5105885235239,0.0025253150376773,20.78,0.986666666666667,0.0028854895450413,0.99,-0.0602487619049024,0.388691590844917,0.15748970635346,2.49956419245241,80.0,0.0,1.09882747068677,832810584,206,59,2080,7438.0,1284.0,8508.0,417.0,VISrl,831882777,1250.001648213235,probeF,3a,30000.0395571176,False,2019-03-06T09:04:43Z,2019-10-03T00:00:00Z,803390291,functional_connectivity,137.0,M,Sst-IRES-Cre/wt;Ai32(RCL-ChR2(H134R)_EYFP)/wt,832810584,206,59,2080,7438.0,1284.0,8508.0,417.0,VISrl,831882777,1250.001648213235,3a,30000.0395571176,False,1
951108664,0.435988561900718,230.45802,0.000333444501701,43.41,4.93646861088498,0.727973199329983,849771760,37.4418951779267,0.219765494137353,0.0,97.1475223680972,0.0031223499545476,26.8,0.956666666666667,0.0042870194672851,0.99,-0.0641858114713186,0.5602690700052,0.215527203816372,3.56195582408273,80.0,1.17731514716439,0.686767169179229,832810584,207,27,2080,7436.0,1276.0,8514.0,417.0,VISrl,831882777,1250.001648213235,probeF,3a,30000.0395571176,False,2019-03-06T09:04:43Z,2019-10-03T00:00:00Z,803390291,functional_connectivity,137.0,M,Sst-IRES-Cre/wt;Ai32(RCL-ChR2(H134R)_EYFP)/wt,832810584,207,27,2080,7436.0,1276.0,8514.0,417.0,VISrl,831882777,1250.001648213235,3a,30000.0395571176,False,1
951108679,0.455545502167702,104.71851,0.0526518518187991,84.52,2.59522690882858,0.65929648241206,849771764,8.79516567089017,0.288442211055276,0.0702953405444622,43.2989421722799,0.0233494442638511,35.34,0.861423220973783,0.0092811397650604,0.99,-0.0247985205319587,0.177198996790743,0.0988610440302346,0.899259726449039,70.0,1.03015075376884,1.03015075376884,832810584,209,11,2100,7430.0,1261.0,8527.0,417.0,VISrl,831882777,1250.001648213235,probeF,3a,30000.0395571176,False,2019-03-06T09:04:43Z,2019-10-03T00:00:00Z,803390291,functional_connectivity,137.0,M,Sst-IRES-Cre/wt;Ai32(RCL-ChR2(H134R)_EYFP)/wt,832810584,209,11,2100,7430.0,1261.0,8527.0,417.0,VISrl,831882777,1250.001648213235,3a,30000.0395571176,False,1
951108706,0.584842091554563,94.8183599999999,0.0278729231071948,142.01,2.39892201802726,0.961474036850921,849771772,13.8791469818597,0.425795644891122,0.0340026082007284,41.799352109391,0.0294659847086495,31.57,0.588039867109635,0.0113757432037667,0.99,-0.0159138620968003,0.142267109732393,0.0306118424381985,0.761481248920068,90.0,1.03015075376884,1.07920555156736,832810584,213,11,2140,7419.0,1230.0,8552.0,417.0,VISrl,831882777,1250.001648213235,probeF,3a,30000.0395571176,False,2019-03-06T09:04:43Z,2019-10-03T00:00:00Z,803390291,functional_connectivity,137.0,M,Sst-IRES-Cre/wt;Ai32(RCL-ChR2(H134R)_EYFP)/wt,832810584,213,11,2140,7419.0,1230.0,8552.0,417.0,VISrl,831882777,1250.001648213235,3a,30000.0395571176,False,5
951108793,0.531087560677966,178.92342,0.0331631675641741,70.89,2.90803615414334,0.563149078726968,849771772,20.564422490684,0.219765494137353,0.100820296724044,66.0988590609564,0.0064691445133338,36.54,0.961191961191961,0.0043071751234373,0.99,-0.0852938742517713,0.454902549245286,0.107760378420977,2.32828621473025,90.0,0.755443886097153,0.313950705910505,832810584,213,11,2140,7419.0,1230.0,8552.0,417.0,VISrl,831882777,1250.001648213235,probeF,3a,30000.0395571176,False,2019-03-06T09:04:43Z,2019-10-03T00:00:00Z,803390291,functional_connectivity,137.0,M,Sst-IRES-Cre/wt;Ai32(RCL-ChR2(H134R)_EYFP)/wt,832810584,213,11,2140,7419.0,1230.0,8552.0,417.0,VISrl,831882777,1250.001648213235,3a,30000.0395571176,False,5
951108802,0.607702486689843,84.30942,0.0065833630921642,78.03,2.56327148254749,1.16750418760469,849771772,28.2108372122637,0.343383584589615,0.0062890490965745,68.1756187768434,0.0180155316422821,32.5,0.75,0.0140060397792357,0.99,-0.0293689031259137,0.125789905471953,0.042211411881782,1.03888959589632,90.0,1.37353433835846,0.0,832810584,213,11,2140,7419.0,1230.0,8552.0,417.0,VISrl,831882777,1250.001648213235,probeF,3a,30000.0395571176,False,2019-03-06T09:04:43Z,2019-10-03T00:00:00Z,803390291,functional_connectivity,137.0,M,Sst-IRES-Cre/wt;Ai32(RCL-ChR2(H134R)_EYFP)/wt,832810584,213,11,2140,7419.0,1230.0,8552.0,417.0,VISrl,831882777,1250.001648213235,3a,30000.0395571176,False,5
951108811,0.511878657653828,638.639039999999,1.13506687237147e-05,49.3,5.80938651969152,0.50820770519263,849771772,14.2327736733452,0.1785594639866,0.0,111.365872547355,2.8861838556451e-06,33.78,0.998173515981735,0.0001037882719252,0.99,-0.3468656235696,1.72693347599142,0.167713653351359,6.37292963033995,80.0,0.68676716917923,0.206030150753768,832810584,213,11,2140,7419.0,1230.0,8552.0,417.0,VISrl,831882777,1250.001648213235,probeF,3a,30000.0395571176,False,2019-03-06T09:04:43Z,2019-10-03T00:00:00Z,803390291,functional_connectivity,137.0,M,Sst-IRES-Cre/wt;Ai32(RCL-ChR2(H134R)_EYFP)/wt,832810584,213,11,2140,7419.0,1230.0,8552.0,417.0,VISrl,831882777,1250.001648213235,3a,30000.0395571176,False,5
951108819,0.600666014413642,219.538215,0.0001737559340902,104.21,5.03379784739466,0.549413735343384,849771772,15.0102578118279,0.247236180904523,0.0027425566860686,73.538948799228,0.0008522729201855,42.54,0.993073593073593,0.0007280291211648,0.99,-0.12542950862786,0.611939840359939,0.169584283531237,2.62985336672345,90.0,0.343383584589615,0.824120603015075,832810584,213,11,2140,7419.0,1230.0,8552.0,417.0,VISrl,831882777,1250.001648213235,probeF,3a,30000.0395571176,False,2019-03-06T09:04:43Z,2019-10-03T00:00:00Z,803390291,functional_connectivity,137.0,M,Sst-IRES-Cre/wt;Ai32(RCL-ChR2(H134R)_EYFP)/wt,832810584,213,11,2140,7419.0,1230.0,8552.0,417.0,VISrl,831882777,1250.001648213235,3a,30000.0395571176,False,5
951108714,0.565930798003146,117.300495,0.0827075742646792,121.89,3.28003679342919,0.576884422110553,849771766,3.04613537462816,0.1785594639866,0.0066593756816209,48.5807192656406,0.0031279212357255,36.43,0.961904761904762,0.0002349781805975,0.99,-0.0548837075390334,0.281010140575067,0.0715249225696086,1.61542387971076,80.0,1.09882747068677,0.206030150753768,832810584,210,59,2120,7427.0,1253.0,8533.0,417.0,VISrl,831882777,1250.001648213235,probeF,3a,30000.0395571176,False,2019-03-06T09:04:43Z,2019-10-03T00:00:00Z,803390291,functional_connectivity,137.0,M,Sst-IRES-Cre/wt;Ai32(RCL-ChR2(H134R)_EYFP)/wt,832810584,210,59,2120,7427.0,1253.0,8533.0,417.0,VISrl,831882777,1250.001648213235,3a,30000.0395571176,False,4
951108722,0.566953380180939,184.27227,0.0002873818657371,49.0,4.47395364638241,0.50820770519263,849771766,20.9813557786871,0.206030150753769,0.0005614677437311,92.1345803318567,0.0056109683512218,39.06,0.996,0.0023236441755447,0.99,-0.0963177654563739,0.40037392488108,0.0632888270779008,2.42822978556412,60.0,0.0,0.206030150753768,832810584,210,59,2120,7427.0,1253.0,8533.0,417.0,VISrl,831882777,1250.001648213235,probeF,3a,30000.0395571176,False,2019-03-06T09:04:43Z,2019-10-03T00:00:00Z,803390291,functional_connectivity,137.0,M,Sst-IRES-Cre/wt;Ai32(RCL-ChR2(H134R)_EYFP)/wt,832810584,210,59,2120,7427.0,1253.0,8533.0,417.0,VISrl,831882777,1250.001648213235,3a,30000.0395571176,False,4
951108731,0.558286844287489,230.088495,1.76321191726627e-06,52.29,6.73820801556886,0.233500837520938,849771766,24.6895726418961,0.123618090452261,0.0001013689086093,103.201877491391,0.000197100656002,36.48,0.997333333333333,0.0001266624445851,0.99,-0.228107162177818,1.02822622557182,0.0932021827167272,3.53449441181028,70.0,-0.0686767169179227,-0.206030150753769,832810584,210,59,2120,7427.0,1253.0,8533.0,417.0,VISrl,831882777,1250.001648213235,probeF,3a,30000.0395571176,False,2019-03-06T09:04:43Z,2019-10-03T00:00:00Z,803390291,functional_connectivity,137.0,M,Sst-IRES-Cre/wt;Ai32(RCL-ChR2(H134R)_EYFP)/wt,832810584,210,59,2120,7427.0,1253.0,8533.0,417.0,VISrl,831882777,1250.001648213235,3a,30000.0395571176,False,4
951108749,0.521990607110605,171.040155,0.0008007863881713,73.51,3.73805163313682,0.494472361809045,849771766,5.07953006590184,0.206030150753769,0.119744300082408,39.9516033778136,0.0134395698331405,36.63,0.822404371584699,0.0008773705878382,0.99,-0.0829413451607717,0.512080989188661,-0.0141982322706714,2.58495890090592,70.0,0.343383584589615,0.618090452261306,832810584,210,59,2120,7427.0,1253.0,8533.0,417.0,VISrl,831882777,1250.001648213235,probeF,3a,30000.0395571176,False,2019-03-06T09:04:43Z,2019-10-03T00:00:00Z,803390291,functional_connectivity,137.0,M,Sst-IRES-Cre/wt;Ai32(RCL-ChR2(H134R)_EYFP)/wt,832810584,210,59,2120,7427.0,1253.0,8533.0,417.0,VISrl,831882777,1250.001648213235,3a,30000.0395571176,False,4
951108776,0.583740440004246,218.300355,0.0001995156487933,62.87,4.56864369048306,0.549413735343384,849771770,12.3190680161127,0.219765494137353,0.0016286816423284,70.6920797481464,0.0012268101625252,31.46,0.994026284348865,0.0009944107259198,0.99,-0.11571566747138,0.559633989222666,0.209138005089626,3.3781188833325,90.0,0.343383584589615,0.618090452261306,832810584,212,43,2140,7422.0,1238.0,8545.0,417.0,VISrl,831882777,1250.001648213235,probeF,3a,30000.0395571176,False,2019-03-06T09:04:43Z,2019-10-03T00:00:00Z,803390291,functional_connectivity,137.0,M,Sst-IRES-Cre/wt;Ai32(RCL-ChR2(H134R)_EYFP)/wt,832810584,212,43,2140,7422.0,1238.0,8545.0,417.0,VISrl,831882777,1250.001648213235,3a,30000.0395571176,False,1
951108828,0.326545886486676,94.9026,0.0340940390603003,200.27,3.94784920246837,0.618090452261306,849771774,2.77609317385742,0.274706867671692,0.0160359183116903,62.1840888799489,0.0007313749126233,21.39,0.957805907172996,0.0009071666162685,0.99,-0.0198593958415895,0.220177240060254,0.0693619875834656,1.59945270868985,80.0,0.618090452261306,0.137353433835846,832810584,214,59,2160,7416.0,1222.0,8558.0,417.0,VISrl,831882777,1250.001648213235,probeF,3a,30000.0395571176,False,2019-03-06T09:04:43Z,2019-10-03T00:00:00Z,803390291,functional_connectivity,137.0,M,Sst-IRES-Cre/wt;Ai32(RCL-ChR2(H134R)_EYFP)/wt,832810584,214,59,2160,7416.0,1222.0,8558.0,417.0,VISrl,831882777,1250.001648213235,3a,30000.0395571176,False,3
951108836,0.462322061160447,191.827935,0.0003562854313755,53.34,5.47801506970681,0.50820770519263,849771774,23.7361818927769,0.206030150753769,0.0,70.644413916278,0.005482096929854,35.94,0.996666666666667,0.0002429543245869,0.99,-0.112911133234565,0.549406084475343,0.0546850812004762,2.97863130793133,60.0,0.68676716917923,-0.343383584589615,832810584,214,59,2160,7416.0,1222.0,8558.0,417.0,VISrl,831882777,1250.001648213235,probeF,3a,30000.0395571176,False,2019-03-06T09:04:43Z,2019-10-03T00:00:00Z,803390291,functional_connectivity,137.0,M,Sst-IRES-Cre/wt;Ai32(RCL-ChR2(H134R)_EYFP)/wt,832810584,214,59,2160,7416.0,1222.0,8558.0,417.0,VISrl,831882777,1250.001648213235,3a,30000.0395571176,False,3
951108852,0.410759862918695,130.33059,0.0530850474834528,91.64,2.37512484466636,0.521943048576214,849771774,10.8519706140011,0.247236180904523,0.0855268155939439,51.0048915892858,0.0142021424958147,26.69,0.864316239316239,0.0105284888521883,0.99,-0.0632695244242012,0.351749663906427,0.0620042079540289,2.15647705711152,130.0,1.04159687325516,0.274706867671692,832810584,214,59,2160,7416.0,1222.0,8558.0,417.0,VISrl,831882777,1250.001648213235,probeF,3a,30000.0395571176,False,2019-03-06T09:04:43Z,2019-10-03T00:00:00Z,803390291,functional_connectivity,137.0,M,Sst-IRES-Cre/wt;Ai32(RCL-ChR2(H134R)_EYFP)/wt,832810584,214,59,2160,7416.0,1222.0,8558.0,417.0,VISrl,831882777,1250.001648213235,3a,30000.0395571176,False,3
951108870,0.242000462706902,177.285225,0.0003528556538388,108.3,5.29398640384438,0.618090452261306,849771778,19.6979134508482,0.233500837520938,0.0,109.044280567463,5.12238814165343e-06,35.41,0.998,0.0001943407960199,0.99,-0.029325786163158,0.323808834443589,0.0658120086566882,2.16894984004518,90.0,0.68676716917923,0.196219191194065,832810584,216,43,2180,7411.0,1207.0,8570.0,417.0,VISrl,831882777,1250.001648213235,probeF,3a,30000.0395571176,False,2019-03-06T09:04:43Z,2019-10-03T00:00:00Z,803390291,functional_connectivity,137.0,M,Sst-IRES-Cre/wt;Ai32(RCL-ChR2(H134R)_EYFP)/wt,832810584,216,43,2180,7411.0,1207.0,8570.0,417.0,VISrl,831882777,1250.001648213235,3a,30000.0395571176,False,1
951108879,0.381613424007028,209.131845,0.0022719832513916,107.04,4.9511090318086,0.65929648241206,849771780,2.59804337115144,0.206030150753769,0.0,76.2886942034717,3.85927170723746e-05,33.9,0.986111111111111,0.0001343002954606,0.99,-0.0670281251659529,0.527560129673235,0.173043326398211,3.149134804303,80.0,1.03015075376885,0.451304139746351,832810584,217,11,2180,7408.0,1199.0,8577.0,417.0,VISrl,831882777,1250.001648213235,probeF,3a,30000.0395571176,False,2019-03-06T09:04:43Z,2019-10-03T00:00:00Z,803390291,functional_connectivity,137.0,M,Sst-IRES-Cre/wt;Ai32(RCL-ChR2(H134R)_EYFP)/wt,832810584,217,11,2180,7408.0,1199.0,8577.0,417.0,VISrl,831882777,1250.001648213235,3a,30000.0395571176,False,2
951108888,0.306181857614157,145.898025,0.0033128322036801,80.78,3.08167537572342,0.631825795644891,849771780,2.76125569029859,0.206030150753769,0.0081043589541012,49.1856639712486,0.00423393190212,37.56,0.907216494845361,0.0002356188360429,0.99,-0.0578155512061375,0.493061855514212,0.117645205191467,2.3679713086137,50.0,1.71691792294807,0.686767169179229,832810584,217,11,2180,7408.0,1199.0,8577.0,417.0,VISrl,831882777,1250.001648213235,probeF,3a,30000.0395571176,False,2019-03-06T09:04:43Z,2019-10-03T00:00:00Z,803390291,functional_connectivity,137.0,M,Sst-IRES-Cre/wt;Ai32(RCL-ChR2(H134R)_EYFP)/wt,832810584,217,11,2180,7408.0,1199.0,8577.0,417.0,VISrl,831882777,1250.001648213235,3a,30000.0395571176,False,2
951108926,0.369864639228586,122.520255,0.0798997517028717,102.19,2.71803752334859,0.576884422110553,849771782,8.64975833201362,0.247236180904523,0.0635937878454369,48.2499935371688,0.0129707103764942,31.39,0.846050870147256,0.0032133456397634,0.99,-0.0372947667457801,0.238390131947802,0.0948924723372786,1.63751918713778,150.0,1.06448911222781,0.515075376884422,832810584,218,59,2200,7405.0,1192.0,8583.0,417.0,VISrl,831882777,1250.001648213235,probeF,3a,30000.0395571176,False,2019-03-06T09:04:43Z,2019-10-03T00:00:00Z,803390291,functional_connectivity,137.0,M,Sst-IRES-Cre/wt;Ai32(RCL-ChR2(H134R)_EYFP)/wt,832810584,218,59,2200,7405.0,1192.0,8583.0,417.0,VISrl,831882777,1250.001648213235,3a,30000.0395571176,False,7
951108935,0.304533193508459,287.28336,2.79704412031007e-05,43.2,4.4071432853447,0.700502512562814,849771782,1.52529330984791,0.137353433835846,0.0,63.6131268538227,0.0003260688384841,15.95,0.981481481481482,0.0001005429318318,0.99,-0.121841171944332,0.821613623882957,0.30975305577728,3.88998537374399,50.0,0.68676716917923,0.686767169179229,832810584,218,59,2200,7405.0,1192.0,8583.0,417.0,VISrl,831882777,1250.001648213235,probeF,3a,30000.0395571176,False,2019-03-06T09:04:43Z,2019-10-03T00:00:00Z,803390291,functional_connectivity,137.0,M,Sst-IRES-Cre/wt;Ai32(RCL-ChR2(H134R)_EYFP)/wt,832810584,218,59,2200,7405.0,1192.0,8583.0,417.0,VISrl,831882777,1250.001648213235,3a,30000.0395571176,False,7
951108946,0.315945922718257,126.49221,0.0223749965810926,89.45,2.85628857956663,0.549413735343384,849771782,4.47003921349071,0.206030150753769,0.102052392314979,43.0214732508078,0.0147544521299116,20.12,0.866666666666667,0.0028116531165311,0.99,-0.0464749278296093,0.382320461004707,0.128319906910837,1.83627582164473,100.0,1.1969370662838,0.137353433835846,832810584,218,59,2200,7405.0,1192.0,8583.0,417.0,VISrl,831882777,1250.001648213235,probeF,3a,30000.0395571176,False,2019-03-06T09:04:43Z,2019-10-03T00:00:00Z,803390291,functional_connectivity,137.0,M,Sst-IRES-Cre/wt;Ai32(RCL-ChR2(H134R)_EYFP)/wt,832810584,218,59,2200,7405.0,1192.0,8583.0,417.0,VISrl,831882777,1250.001648213235,3a,30000.0395571176,False,7
951108954,0.385653617640667,178.02564,0.0017535909787843,50.25,4.72410631468642,0.274706867671692,849771782,17.2253292462331,0.164824120603015,0.0043733692517225,67.1675795549775,0.0038885642968562,19.06,0.996,0.0002204293964643,0.99,-0.164330689435577,0.796670435541081,0.12740983415929,2.64755597607754,70.0,0.137353433835846,-0.343383584589615,832810584,218,59,2200,7405.0,1192.0,8583.0,417.0,VISrl,831882777,1250.001648213235,probeF,3a,30000.0395571176,False,2019-03-06T09:04:43Z,2019-10-03T00:00:00Z,803390291,functional_connectivity,137.0,M,Sst-IRES-Cre/wt;Ai32(RCL-ChR2(H134R)_EYFP)/wt,832810584,218,59,2200,7405.0,1192.0,8583.0,417.0,VISrl,831882777,1250.001648213235,3a,30000.0395571176,False,7
951108964,0.25608967361098,105.693315,0.0285193356993762,83.46,3.52739790872319,0.673031825795645,849771782,7.02653763067743,0.206030150753769,0.260322974568798,50.2298720287868,0.010828861623979,9.35,0.902116402116402,0.0029407741758993,0.99,-0.0394690095719942,0.308629126324003,0.0702243138639675,1.82358464170253,50.0,0.68676716917923,-0.343383584589615,832810584,218,59,2200,7405.0,1192.0,8583.0,417.0,VISrl,831882777,1250.001648213235,probeF,3a,30000.0395571176,False,2019-03-06T09:04:43Z,2019-10-03T00:00:00Z,803390291,functional_connectivity,137.0,M,Sst-IRES-Cre/wt;Ai32(RCL-ChR2(H134R)_EYFP)/wt,832810584,218,59,2200,7405.0,1192.0,8583.0,417.0,VISrl,831882777,1250.001648213235,3a,30000.0395571176,False,7
951108976,0.391623149824708,415.24665,0.0008180513409934,273.73,4.89452870902492,0.563149078726968,849771782,4.95258715100961,0.1785594639866,0.0,88.0256695715083,1.2797903311106e-05,43.34,0.997652582159624,0.0002366943937242,0.99,-0.190104083185036,1.10879506550666,0.417957816711287,5.18555381926512,80.0,0.206030150753769,0.549413735343383,832810584,218,59,2200,7405.0,1192.0,8583.0,417.0,VISrl,831882777,1250.001648213235,probeF,3a,30000.0395571176,False,2019-03-06T09:04:43Z,2019-10-03T00:00:00Z,803390291,functional_connectivity,137.0,M,Sst-IRES-Cre/wt;Ai32(RCL-ChR2(H134R)_EYFP)/wt,832810584,218,59,2200,7405.0,1192.0,8583.0,417.0,VISrl,831882777,1250.001648213235,3a,30000.0395571176,False,7
951109003,0.314021654544153,308.587305,1.37023468183374e-05,101.32,5.06531193713772,0.727973199329983,849771782,3.11356349435663,0.206030150753769,0.0,79.4811934121882,4.87299079857997e-05,32.63,0.985507246376812,0.0001009285425918,0.99,-0.0862642213316897,0.635595853970605,0.295978844765959,3.45581460385275,70.0,0.480737018425461,0.274706867671691,832810584,218,59,2200,7405.0,1192.0,8583.0,417.0,VISrl,831882777,1250.001648213235,probeF,3a,30000.0395571176,False,2019-03-06T09:04:43Z,2019-10-03T00:00:00Z,803390291,functional_connectivity,137.0,M,Sst-IRES-Cre/wt;Ai32(RCL-ChR2(H134R)_EYFP)/wt,832810584,218,59,2200,7405.0,1192.0,8583.0,417.0,VISrl,831882777,1250.001648213235,3a,30000.0395571176,False,7
951108986,0.612547489183599,142.83243,0.0273774186201421,90.75,3.20547633669805,0.549413735343384,849771776,10.1656545689409,0.219765494137353,0.0460417629819631,67.7908502707211,0.0013218219594729,28.74,0.975352112676056,0.0016467682173734,0.99,-0.0681754546524529,0.367769259754846,0.0958352918760141,2.19905081037174,100.0,0.62790141182101,-0.0686767169179227,832810584,215,27,2160,7413.0,1215.0,8564.0,417.0,VISrl,831882777,1250.001648213235,probeF,3a,30000.0395571176,False,2019-03-06T09:04:43Z,2019-10-03T00:00:00Z,803390291,functional_connectivity,137.0,M,Sst-IRES-Cre/wt;Ai32(RCL-ChR2(H134R)_EYFP)/wt,832810584,215,27,2160,7413.0,1215.0,8564.0,417.0,VISrl,831882777,1250.001648213235,3a,30000.0395571176,False,1
951108995,0.321054999060223,171.91941,0.0023623443812586,65.91,4.23827156994362,0.892797319932998,849771784,3.72453809512363,0.206030150753769,0.0044543780624297,60.6685467996679,0.0013898444017918,29.03,0.989821882951654,0.0004390853514371,0.99,-0.0102640093837938,0.388466099035142,0.134204016959874,2.354114412856,80.0,0.68676716917923,0.755443886097152,832810584,219,27,2200,7403.0,1184.0,8589.0,417.0,VISrl,831882777,1250.001648213235,probeF,3a,30000.0395571176,False,2019-03-06T09:04:43Z,2019-10-03T00:00:00Z,803390291,functional_connectivity,137.0,M,Sst-IRES-Cre/wt;Ai32(RCL-ChR2(H134R)_EYFP)/wt,832810584,219,27,2200,7403.0,1184.0,8589.0,417.0,VISrl,831882777,1250.001648213235,3a,30000.0395571176,False,2
951109011,0.619328017387266,131.101425,0.0005319092026254,96.63,4.22599640229755,0.741708542713568,849771784,3.75305903574228,0.164824120603015,0.0,68.0998427289186,0.0002460190149162,35.61,0.993993993993994,0.0001011224592982,0.99,-0.0539474294647888,0.317865179663632,0.0736552571530684,2.19384942335266,70.0,1.23618090452261,0.412060301507538,832810584,219,27,2200,7403.0,1184.0,8589.0,417.0,VISrl,831882777,1250.001648213235,probeF,3a,30000.0395571176,False,2019-03-06T09:04:43Z,2019-10-03T00:00:00Z,803390291,functional_connectivity,137.0,M,Sst-IRES-Cre/wt;Ai32(RCL-ChR2(H134R)_EYFP)/wt,832810584,219,27,2200,7403.0,1184.0,8589.0,417.0,VISrl,831882777,1250.001648213235,3a,30000.0395571176,False,2
951109019,0.341051003911758,247.209105,0.004619433246856,42.97,4.89759546348218,0.741708542713568,849771790,0.759349436355323,0.192294807370184,0.0,58.7283777859062,0.0003258864214567,26.02,0.946236559139785,6.68739759922426e-05,0.99,-0.0564674133785204,0.536461753878484,0.0150802941106382,3.31753682922075,70.0,1.09882747068677,-0.412060301507538,832810584,222,59,2240,7395.0,1161.0,8608.0,417.0,VISrl,831882777,1250.001648213235,probeF,3a,30000.0395571176,False,2019-03-06T09:04:43Z,2019-10-03T00:00:00Z,803390291,functional_connectivity,137.0,M,Sst-IRES-Cre/wt;Ai32(RCL-ChR2(H134R)_EYFP)/wt,832810584,222,59,2240,7395.0,1161.0,8608.0,417.0,VISrl,831882777,1250.001648213235,3a,30000.0395571176,False,7
951109087,0.232988477016662,257.179455,0.0006679512425713,42.29,3.17976497571522,0.755443886097153,849771790,1.62635305897639,0.123618090452261,0.0,75.1548336247414,3.77758266431483e-05,24.99,0.990049751243781,0.0001006745192791,0.99,-0.0460447275609273,0.377788319031271,-0.179199535716676,2.52476857904541,40.0,2.06030150753769,0.343383584589614,832810584,222,59,2240,7395.0,1161.0,8608.0,417.0,VISrl,831882777,1250.001648213235,probeF,3a,30000.0395571176,False,2019-03-06T09:04:43Z,2019-10-03T00:00:00Z,803390291,functional_connectivity,137.0,M,Sst-IRES-Cre/wt;Ai32(RCL-ChR2(H134R)_EYFP)/wt,832810584,222,59,2240,7395.0,1161.0,8608.0,417.0,VISrl,831882777,1250.001648213235,3a,30000.0395571176,False,7
951109095,0.289793983667556,197.740335,0.0016028955870122,56.57,4.08062458084573,0.68676716917923,849771790,1.92277300829616,0.192294807370184,0.0167138262155656,45.8416558886064,0.0050039495335737,32.31,0.944444444444444,0.0001343815091043,0.99,-0.0586099536087474,0.588142650180909,-0.0016974400951266,3.59434696261718,50.0,0.0,0.0,832810584,222,59,2240,7395.0,1161.0,8608.0,417.0,VISrl,831882777,1250.001648213235,probeF,3a,30000.0395571176,False,2019-03-06T09:04:43Z,2019-10-03T00:00:00Z,803390291,functional_connectivity,137.0,M,Sst-IRES-Cre/wt;Ai32(RCL-ChR2(H134R)_EYFP)/wt,832810584,222,59,2240,7395.0,1161.0,8608.0,417.0,VISrl,831882777,1250.001648213235,3a,30000.0395571176,False,7
951109104,0.448884573331769,102.34185,0.0097333140484503,108.83,3.29057770504174,0.398324958123953,849771790,2.50094028430531,0.260971524288107,0.0493963974350772,40.2703024598256,0.015746933978593,23.94,0.910891089108911,0.0007408155705963,0.99,-0.0277172458094749,0.255389322219229,0.140055931689222,2.11814575930122,80.0,0.0,-0.549413735343384,832810584,222,59,2240,7395.0,1161.0,8608.0,417.0,VISrl,831882777,1250.001648213235,probeF,3a,30000.0395571176,False,2019-03-06T09:04:43Z,2019-10-03T00:00:00Z,803390291,functional_connectivity,137.0,M,Sst-IRES-Cre/wt;Ai32(RCL-ChR2(H134R)_EYFP)/wt,832810584,222,59,2240,7395.0,1161.0,8608.0,417.0,VISrl,831882777,1250.001648213235,3a,30000.0395571176,False,7
951109116,0.338256160791452,121.10007,0.0010024773278777,71.63,3.73057573032554,0.714237855946399,849771790,4.59764157209667,0.260971524288107,0.0730805324050147,46.1956467658393,0.0118962608645214,30.86,0.908602150537634,0.0031587528021194,0.99,-0.0415406334363314,0.282724923330032,0.0671439701401576,2.40916838089456,110.0,1.46996397512678,-0.068676716917923,832810584,222,59,2240,7395.0,1161.0,8608.0,417.0,VISrl,831882777,1250.001648213235,probeF,3a,30000.0395571176,False,2019-03-06T09:04:43Z,2019-10-03T00:00:00Z,803390291,functional_connectivity,137.0,M,Sst-IRES-Cre/wt;Ai32(RCL-ChR2(H134R)_EYFP)/wt,832810584,222,59,2240,7395.0,1161.0,8608.0,417.0,VISrl,831882777,1250.001648213235,3a,30000.0395571176,False,7
951109224,0.350169408948565,135.76953,0.012351660465106,63.3,2.9749814424236,0.727973199329983,849771790,2.9190275988075,0.247236180904523,0.0725196189907574,46.0563770434434,0.0079592737067233,10.89,0.871345029239766,0.0018881920561062,0.99,-0.0522291736700136,0.370105942152377,0.159834566648552,2.33574782730523,50.0,0.0,-0.343383584589615,832810584,222,59,2240,7395.0,1161.0,8608.0,417.0,VISrl,831882777,1250.001648213235,probeF,3a,30000.0395571176,False,2019-03-06T09:04:43Z,2019-10-03T00:00:00Z,803390291,functional_connectivity,137.0,M,Sst-IRES-Cre/wt;Ai32(RCL-ChR2(H134R)_EYFP)/wt,832810584,222,59,2240,7395.0,1161.0,8608.0,417.0,VISrl,831882777,1250.001648213235,3a,30000.0395571176,False,7
951110145,0.371925922431195,189.49437,0.0008219397103149,45.84,4.54796311233339,0.700502512562814,849771790,1.78099260984511,0.233500837520938,0.0194808400838001,50.0074974176632,0.0029206616776011,10.01,0.792270531400966,0.0008391232839928,0.99,-0.0624206439161009,0.534791382799564,0.0541663345035098,3.3382530032215,50.0,0.0,-0.343383584589615,832810584,222,59,2240,7395.0,1161.0,8608.0,417.0,VISrl,831882777,1250.001648213235,probeF,3a,30000.0395571176,False,2019-03-06T09:04:43Z,2019-10-03T00:00:00Z,803390291,functional_connectivity,137.0,M,Sst-IRES-Cre/wt;Ai32(RCL-ChR2(H134R)_EYFP)/wt,832810584,222,59,2240,7395.0,1161.0,8608.0,417.0,VISrl,831882777,1250.001648213235,3a,30000.0395571176,False,7
951109041,0.431827974388197,72.3917999999999,0.0279326671722067,194.86,2.91194257038088,0.714237855946399,849771788,2.79043607463096,0.288442211055276,0.174586412608983,42.2180416190373,0.0122131935707407,22.36,0.901360544217687,0.0004376220292196,0.99,-0.0127330704476335,0.129257767482043,0.0677976100184882,1.33883835073041,90.0,0.343383584589615,-1.23618090452261,832810584,221,11,2220,7398.0,1168.0,8602.0,417.0,VISrl,831882777,1250.001648213235,probeF,3a,30000.0395571176,False,2019-03-06T09:04:43Z,2019-10-03T00:00:00Z,803390291,functional_connectivity,137.0,M,Sst-IRES-Cre/wt;Ai32(RCL-ChR2(H134R)_EYFP)/wt,832810584,221,11,2220,7398.0,1168.0,8602.0,417.0,VISrl,831882777,1250.001648213235,3a,30000.0395571176,False,3
951109051,0.397055263409388,186.21174,0.0023423912705263,80.24,6.02931896235631,0.769179229480737,849771788,1.47698905781749,0.192294807370184,0.0,60.2960871248598,0.0004991327141967,37.62,0.984615384615385,0.0001006542526421,0.99,-0.0630023905217758,0.497473156091347,0.121446868709933,3.71725979810972,70.0,1.03015075376885,0.755443886097152,832810584,221,11,2220,7398.0,1168.0,8602.0,417.0,VISrl,831882777,1250.001648213235,probeF,3a,30000.0395571176,False,2019-03-06T09:04:43Z,2019-10-03T00:00:00Z,803390291,functional_connectivity,137.0,M,Sst-IRES-Cre/wt;Ai32(RCL-ChR2(H134R)_EYFP)/wt,832810584,221,11,2220,7398.0,1168.0,8602.0,417.0,VISrl,831882777,1250.001648213235,3a,30000.0395571176,False,3
951109067,0.601132346867633,170.278485,0.0005027019215096,55.84,5.27483960584571,0.219765494137353,849771788,15.6850335918979,0.123618090452261,0.0030139931143426,71.371494884363,0.0023365456804611,20.57,0.998,0.0010037137408411,0.99,-0.193370899748897,0.739830536778359,0.157758566545392,3.73695395038518,80.0,-0.48073701842546,-0.137353433835846,832810584,221,11,2220,7398.0,1168.0,8602.0,417.0,VISrl,831882777,1250.001648213235,probeF,3a,30000.0395571176,False,2019-03-06T09:04:43Z,2019-10-03T00:00:00Z,803390291,functional_connectivity,137.0,M,Sst-IRES-Cre/wt;Ai32(RCL-ChR2(H134R)_EYFP)/wt,832810584,221,11,2220,7398.0,1168.0,8602.0,417.0,VISrl,831882777,1250.001648213235,3a,30000.0395571176,False,3
951109059,0.333277570180986,284.557845,0.0015358758318856,87.83,4.71116021295745,0.727973199329983,849771792,1.54013079340674,0.1785594639866,0.0,95.1097878762465,1.38267300122096e-06,29.22,0.990196078431373,0.0001006846556584,0.99,-0.0989351617890829,0.627164467604893,0.342252757968726,4.03119315685339,50.0,0.68676716917923,0.48073701842546,832810584,223,27,2240,7392.0,1153.0,8614.0,417.0,VISrl,831882777,1250.001648213235,probeF,3a,30000.0395571176,False,2019-03-06T09:04:43Z,2019-10-03T00:00:00Z,803390291,functional_connectivity,137.0,M,Sst-IRES-Cre/wt;Ai32(RCL-ChR2(H134R)_EYFP)/wt,832810584,223,27,2240,7392.0,1153.0,8614.0,417.0,VISrl,831882777,1250.001648213235,3a,30000.0395571176,False,1
951109172,0.430848653897166,169.49088,0.0034915826430237,42.85,3.74302405211255,0.192294807370184,849771796,13.0161000215209,0.0961474036850922,0.0109418666144089,56.07621064689,0.0099654094832371,22.32,0.996666666666667,0.0019371011850501,0.99,-0.185149558528967,0.693180096289152,0.116459649939618,3.37221124145667,40.0,0.0,0.0,832810584,225,11,2260,7387.0,1137.0,8627.0,417.0,VISrl,831882777,1250.001648213235,probeF,3a,30000.0395571176,False,2019-03-06T09:04:43Z,2019-10-03T00:00:00Z,803390291,functional_connectivity,137.0,M,Sst-IRES-Cre/wt;Ai32(RCL-ChR2(H134R)_EYFP)/wt,832810584,225,11,2260,7387.0,1137.0,8627.0,417.0,VISrl,831882777,1250.001648213235,3a,30000.0395571176,False,2
951109182,0.329468263674878,104.15457,0.0019429972077857,99.71,4.2318217572527,0.700502512562814,849771796,2.76785012743585,0.247236180904523,0.177447324706465,42.4275166643302,0.0122351551382818,35.71,0.737913486005089,0.0058432127537406,0.99,-0.041796895007033,0.258473005011241,0.0893136494382841,2.31379996903653,60.0,,0.372816463268725,832810584,225,11,2260,7387.0,1137.0,8627.0,417.0,VISrl,831882777,1250.001648213235,probeF,3a,30000.0395571176,False,2019-03-06T09:04:43Z,2019-10-03T00:00:00Z,803390291,functional_connectivity,137.0,M,Sst-IRES-Cre/wt;Ai32(RCL-ChR2(H134R)_EYFP)/wt,832810584,225,11,2260,7387.0,1137.0,8627.0,417.0,VISrl,831882777,1250.001648213235,3a,30000.0395571176,False,2
951109293,0.319947436512441,161.437965,0.0026680835553626,57.84,4.28897559181496,0.604355108877722,849771802,0.340767539067836,0.137353433835846,0.0,37.1424961470865,0.0054679784676268,18.22,0.538461538461538,0.0001668836153666,0.99,-0.0954401949195874,0.509204272867301,0.155215754574536,3.20537657473579,30.0,1.03015075376885,,832810584,228,43,2300,7378.0,1106.0,8652.0,417.0,VISrl,831882777,1250.001648213235,probeF,3a,30000.0395571176,False,2019-03-06T09:04:43Z,2019-10-03T00:00:00Z,803390291,functional_connectivity,137.0,M,Sst-IRES-Cre/wt;Ai32(RCL-ChR2(H134R)_EYFP)/wt,832810584,228,43,2300,7378.0,1106.0,8652.0,417.0,VISrl,831882777,1250.001648213235,3a,30000.0395571176,False,1
951109318,0.460867977720216,81.17889,0.0240500331503645,67.09,3.21063412968278,0.549413735343384,849771804,9.63842931981711,0.192294807370184,0.15298442486428,53.2030336891045,0.0162950619990042,3.95,0.726415094339623,0.0191102756892231,0.99,-0.0303705771637925,0.265929662577516,0.117642145536154,2.07387171170018,30.0,0.343383584589615,,832810584,229,11,2300,7375.0,1099.0,8658.0,417.0,VISrl,831882777,1250.001648213235,probeF,3a,30000.0395571176,False,2019-03-06T09:04:43Z,2019-10-03T00:00:00Z,803390291,functional_connectivity,137.0,M,Sst-IRES-Cre/wt;Ai32(RCL-ChR2(H134R)_EYFP)/wt,832810584,229,11,2300,7375.0,1099.0,8658.0,417.0,VISrl,831882777,1250.001648213235,3a,30000.0395571176,False,1
951109337,0.494455690111767,126.41382,0.0013009532346995,98.62,3.91344180756477,0.32964824120603,849771806,3.58753866359709,0.164824120603015,0.0192043108428544,54.1620993195955,0.0039013360046091,18.25,0.96646942800789,0.0013223476757196,0.99,-0.106934991482563,0.526859228408161,0.118662775119454,2.14092970572905,60.0,0.206030150753769,-0.68676716917923,832810584,230,59,2320,7373.0,1091.0,8664.0,417.0,VISrl,831882777,1250.001648213235,probeF,3a,30000.0395571176,False,2019-03-06T09:04:43Z,2019-10-03T00:00:00Z,803390291,functional_connectivity,137.0,M,Sst-IRES-Cre/wt;Ai32(RCL-ChR2(H134R)_EYFP)/wt,832810584,230,59,2320,7373.0,1091.0,8664.0,417.0,VISrl,831882777,1250.001648213235,3a,30000.0395571176,False,1
951109371,0.378523445498989,220.016745,9.39160466635792e-05,36.97,4.66807098714983,0.274706867671692,849771810,9.23468490608846,0.137353433835846,0.0014491647064763,71.6162292249329,0.0009128485592774,25.79,0.995423340961098,0.0012548363484262,0.99,-0.129085235786723,0.74986814006759,0.0931437580159656,3.11108707401277,50.0,0.0,0.686767169179229,832810584,232,43,2340,7368.0,1075.0,8677.0,417.0,VISrl,831882777,1250.001648213235,probeF,3a,30000.0395571176,False,2019-03-06T09:04:43Z,2019-10-03T00:00:00Z,803390291,functional_connectivity,137.0,M,Sst-IRES-Cre/wt;Ai32(RCL-ChR2(H134R)_EYFP)/wt,832810584,232,43,2340,7368.0,1075.0,8677.0,417.0,VISrl,831882777,1250.001648213235,3a,30000.0395571176,False,2
951109489,0.308845946871835,259.32504,0.0001638901342692,242.43,4.99547040227897,0.645561139028476,849771810,0.260315405993282,0.164824120603015,0.0,54.1041377109945,0.0003822847815822,17.84,0.861111111111111,3.33733813910025e-05,0.98,-0.0361407482921997,0.39716082698943,-0.107693666090093,2.25848218415182,60.0,0.618090452261307,0.0,832810584,232,43,2340,7368.0,1075.0,8677.0,417.0,VISrl,831882777,1250.001648213235,probeF,3a,30000.0395571176,False,2019-03-06T09:04:43Z,2019-10-03T00:00:00Z,803390291,functional_connectivity,137.0,M,Sst-IRES-Cre/wt;Ai32(RCL-ChR2(H134R)_EYFP)/wt,832810584,232,43,2340,7368.0,1075.0,8677.0,417.0,VISrl,831882777,1250.001648213235,3a,30000.0395571176,False,2
951109396,0.284459360926635,212.69664,0.001601236687373,62.75,5.38542240080076,0.65929648241206,849771812,0.886457212175982,0.164824120603015,0.0786350849893977,48.1212716968197,0.0025713040786265,33.4,0.975,0.0001338688085676,0.99,-0.100821828084257,0.655611641321268,0.30084530368996,4.33933838186745,50.0,0.343383584589615,0.343383584589614,832810584,233,11,2340,7366.0,1068.0,8683.0,417.0,VISrl,831882777,1250.001648213235,probeF,3a,30000.0395571176,False,2019-03-06T09:04:43Z,2019-10-03T00:00:00Z,803390291,functional_connectivity,137.0,M,Sst-IRES-Cre/wt;Ai32(RCL-ChR2(H134R)_EYFP)/wt,832810584,233,11,2340,7366.0,1068.0,8683.0,417.0,VISrl,831882777,1250.001648213235,3a,30000.0395571176,False,3
951109405,0.210383365486893,64.7017799999999,0.0962141017743096,89.23,3.39733231919365,0.645561139028476,849771812,6.29340108194271,0.260971524288107,0.234019665467713,49.7580873502442,0.0138116053049527,29.95,0.766899766899767,0.0047011186603527,0.99,-0.0199875647706082,0.191633548977152,0.0781815647742035,1.55908341942205,50.0,0.68676716917923,0.686767169179229,832810584,233,11,2340,7366.0,1068.0,8683.0,417.0,VISrl,831882777,1250.001648213235,probeF,3a,30000.0395571176,False,2019-03-06T09:04:43Z,2019-10-03T00:00:00Z,803390291,functional_connectivity,137.0,M,Sst-IRES-Cre/wt;Ai32(RCL-ChR2(H134R)_EYFP)/wt,832810584,233,11,2340,7366.0,1068.0,8683.0,417.0,VISrl,831882777,1250.001648213235,3a,30000.0395571176,False,3
951109413,0.407756737634098,240.46737,0.0036446791871106,62.28,4.64786695607898,0.65929648241206,849771812,1.81050271603434,0.15108877721943,0.169658672356182,59.3634696212781,0.0007439696216605,24.76,0.983739837398374,0.0002352624857162,0.99,-0.146116612450559,0.688593223203332,0.0828339793027465,4.31794925012371,60.0,0.686767169179229,0.343383584589615,832810584,233,11,2340,7366.0,1068.0,8683.0,417.0,VISrl,831882777,1250.001648213235,probeF,3a,30000.0395571176,False,2019-03-06T09:04:43Z,2019-10-03T00:00:00Z,803390291,functional_connectivity,137.0,M,Sst-IRES-Cre/wt;Ai32(RCL-ChR2(H134R)_EYFP)/wt,832810584,233,11,2340,7366.0,1068.0,8683.0,417.0,VISrl,831882777,1250.001648213235,3a,30000.0395571176,False,3
951109431,0.495358971277206,112.973445,0.0005371253131636,55.62,4.60853553700902,0.384589614740368,849771814,14.8444077178259,0.1785594639866,0.0,91.0714797200731,0.0005863851436652,35.92,0.998,0.0007757243896874,0.99,-0.0669362243569974,0.372575359235457,0.0897815761616718,2.09948024353052,50.0,1.37353433835846,-1.37353433835846,832810584,234,59,2360,7363.0,1060.0,8689.0,417.0,VISrl,831882777,1250.001648213235,probeF,3a,30000.0395571176,False,2019-03-06T09:04:43Z,2019-10-03T00:00:00Z,803390291,functional_connectivity,137.0,M,Sst-IRES-Cre/wt;Ai32(RCL-ChR2(H134R)_EYFP)/wt,832810584,234,59,2360,7363.0,1060.0,8689.0,417.0,VISrl,831882777,1250.001648213235,3a,30000.0395571176,False,3
951109441,0.565449748890792,159.1122,0.000414153183012,86.21,3.9812337430655,0.302177554438861,849771814,12.9902168557572,0.233500837520938,0.0021971027321082,68.1533842612477,0.0028731954458329,27.06,0.994666666666667,0.0016320409333509,0.99,-0.169713019708889,0.659892990169394,0.139387748515341,3.26348678760551,80.0,-1.6940658945086e-17,-0.412060301507538,832810584,234,59,2360,7363.0,1060.0,8689.0,417.0,VISrl,831882777,1250.001648213235,probeF,3a,30000.0395571176,False,2019-03-06T09:04:43Z,2019-10-03T00:00:00Z,803390291,functional_connectivity,137.0,M,Sst-IRES-Cre/wt;Ai32(RCL-ChR2(H134R)_EYFP)/wt,832810584,234,59,2360,7363.0,1060.0,8689.0,417.0,VISrl,831882777,1250.001648213235,3a,30000.0395571176,False,3
951109452,0.340807059296805,226.744635,0.0022565058289508,70.01,4.14500629706881,0.673031825795645,849771814,0.888765265174022,0.1785594639866,0.156454394259085,41.8702054710699,0.0057043377383803,19.35,0.833333333333333,0.0003682131619468,0.99,-0.116433730410809,0.741723809152141,0.217909421756413,4.20951036031804,50.0,0.0,-0.343383584589615,832810584,234,59,2360,7363.0,1060.0,8689.0,417.0,VISrl,831882777,1250.001648213235,probeF,3a,30000.0395571176,False,2019-03-06T09:04:43Z,2019-10-03T00:00:00Z,803390291,functional_connectivity,137.0,M,Sst-IRES-Cre/wt;Ai32(RCL-ChR2(H134R)_EYFP)/wt,832810584,234,59,2360,7363.0,1060.0,8689.0,417.0,VISrl,831882777,1250.001648213235,3a,30000.0395571176,False,3
951109523,0.175939860302701,125.290035,0.0029930943980781,71.54,3.11245738173746,0.645561139028476,849771818,2.3903186013278,0.192294807370184,0.108148458542419,54.3533080397227,0.00331631346511,32.64,0.922141119221411,0.0010476866403055,0.99,-0.0452633796872111,0.396059114113529,0.110756640146939,2.71999015854683,80.0,0.549413735343384,0.686767169179229,832810584,236,43,2380,7359.0,1044.0,8701.0,417.0,VISrl,831882777,1250.001648213235,probeF,3a,30000.0395571176,False,2019-03-06T09:04:43Z,2019-10-03T00:00:00Z,803390291,functional_connectivity,137.0,M,Sst-IRES-Cre/wt;Ai32(RCL-ChR2(H134R)_EYFP)/wt,832810584,236,43,2380,7359.0,1044.0,8701.0,417.0,VISrl,831882777,1250.001648213235,3a,30000.0395571176,False,2
951110216,0.228316384728428,209.065155,0.0301172516971129,361.02,3.80884986356526,0.645561139028476,849771818,0.431935632490436,0.260971524288107,0.331202686489632,37.2421113377007,0.0096048817034911,31.74,0.638888888888889,0.0001336541031809,0.99,-0.0423806116567309,0.210559283819877,-0.178610040020005,1.48955054201451,60.0,0.412060301507537,-0.686767169179227,832810584,236,43,2380,7359.0,1044.0,8701.0,417.0,VISrl,831882777,1250.001648213235,probeF,3a,30000.0395571176,False,2019-03-06T09:04:43Z,2019-10-03T00:00:00Z,803390291,functional_connectivity,137.0,M,Sst-IRES-Cre/wt;Ai32(RCL-ChR2(H134R)_EYFP)/wt,832810584,236,43,2380,7359.0,1044.0,8701.0,417.0,VISrl,831882777,1250.001648213235,3a,30000.0395571176,False,2
951109566,0.252473123563093,70.869435,0.0494199942215841,99.06,3.63287146315123,0.65929648241206,849771820,2.56210368875338,0.219765494137353,0.188264531656092,47.6717078164926,0.0087061456275784,28.98,0.879385964912281,0.0018954779312212,0.99,-0.0150573827369479,0.226377905008079,0.0870172554857063,1.87133627288206,50.0,0.68676716917923,-0.343383584589615,832810584,237,11,2380,7356.0,1037.0,8708.0,417.0,VISrl,831882777,1250.001648213235,probeF,3a,30000.0395571176,False,2019-03-06T09:04:43Z,2019-10-03T00:00:00Z,803390291,functional_connectivity,137.0,M,Sst-IRES-Cre/wt;Ai32(RCL-ChR2(H134R)_EYFP)/wt,832810584,237,11,2380,7356.0,1037.0,8708.0,417.0,VISrl,831882777,1250.001648213235,3a,30000.0395571176,False,3
951109592,0.353715242080193,150.00648,3.01295287007928e-05,75.79,4.88513718596945,0.65929648241206,849771820,1.41599051429784,0.247236180904523,0.277366328261713,49.4931510957198,0.0041141477625104,14.97,0.944444444444444,0.0010757025682398,0.99,-0.0617322083955906,0.392377619934273,0.119792129062603,3.73956707242095,60.0,1.03015075376884,0.549413735343384,832810584,237,11,2380,7356.0,1037.0,8708.0,417.0,VISrl,831882777,1250.001648213235,probeF,3a,30000.0395571176,False,2019-03-06T09:04:43Z,2019-10-03T00:00:00Z,803390291,functional_connectivity,137.0,M,Sst-IRES-Cre/wt;Ai32(RCL-ChR2(H134R)_EYFP)/wt,832810584,237,11,2380,7356.0,1037.0,8708.0,417.0,VISrl,831882777,1250.001648213235,3a,30000.0395571176,False,3
951109671,0.299225044593008,121.215705,0.0068341446454671,47.38,5.12360897867785,0.714237855946399,849771820,0.196019643905011,0.233500837520938,0.0,53.22053306282,0.0004015560934892,9.56,0.848484848484849,0.0001001101211332,0.99,-0.0359030398757613,0.285941830964118,0.101715723019511,2.66029708723863,90.0,1.25580282364202,-0.48073701842546,832810584,237,11,2380,7356.0,1037.0,8708.0,417.0,VISrl,831882777,1250.001648213235,probeF,3a,30000.0395571176,False,2019-03-06T09:04:43Z,2019-10-03T00:00:00Z,803390291,functional_connectivity,137.0,M,Sst-IRES-Cre/wt;Ai32(RCL-ChR2(H134R)_EYFP)/wt,832810584,237,11,2380,7356.0,1037.0,8708.0,417.0,VISrl,831882777,1250.001648213235,3a,30000.0395571176,False,3
951109610,0.369025500359909,182.678535,0.000613988958402,92.14,6.71639645121187,0.645561139028476,849771822,4.24071766204255,0.206030150753769,0.0068720006779648,98.0374684267341,3.44463047903532e-05,38.97,0.99009900990099,0.0005443287745798,0.99,-0.0763619704690183,0.385052110039169,0.0539223860118471,2.49467682853163,60.0,1.37353433835846,0.137353433835846,832810584,238,59,2400,7354.0,1029.0,8714.0,417.0,VISrl,831882777,1250.001648213235,probeF,3a,30000.0395571176,False,2019-03-06T09:04:43Z,2019-10-03T00:00:00Z,803390291,functional_connectivity,137.0,M,Sst-IRES-Cre/wt;Ai32(RCL-ChR2(H134R)_EYFP)/wt,832810584,238,59,2400,7354.0,1029.0,8714.0,417.0,VISrl,831882777,1250.001648213235,3a,30000.0395571176,False,2
951109643,0.221595880061207,108.41376,0.0150681400111166,66.28,4.22928332883766,0.206030150753769,849771822,13.9872957509107,0.137353433835846,0.0508499202873679,67.485647259341,0.0027916438529564,25.78,0.989333333333333,0.0024637437706478,0.99,-0.117121031104297,0.463822725654864,0.108110899610143,1.90366256372153,90.0,-0.343383584589614,-0.078487676477626,832810584,238,59,2400,7354.0,1029.0,8714.0,417.0,VISrl,831882777,1250.001648213235,probeF,3a,30000.0395571176,False,2019-03-06T09:04:43Z,2019-10-03T00:00:00Z,803390291,functional_connectivity,137.0,M,Sst-IRES-Cre/wt;Ai32(RCL-ChR2(H134R)_EYFP)/wt,832810584,238,59,2400,7354.0,1029.0,8714.0,417.0,VISrl,831882777,1250.001648213235,3a,30000.0395571176,False,2
951109619,2.20874997414965,82.4615999999999,0.0053437265214862,159.43,3.31349314800796,0.164824120603015,849771826,3.24940889938416,0.123618090452261,0.0526702881540194,46.5938202918898,0.0110850117439108,30.14,0.93854748603352,0.0006109357499236,0.99,-0.0565628105531711,0.190181791969783,0.0936105510166096,1.23155611848993,80.0,1.37353433835846,-5.05264417324719,832810584,240,43,2420,7350.0,1013.0,8726.0,417.0,VISrl,831882777,1250.001648213235,probeF,3a,30000.0395571176,False,2019-03-06T09:04:43Z,2019-10-03T00:00:00Z,803390291,functional_connectivity,137.0,M,Sst-IRES-Cre/wt;Ai32(RCL-ChR2(H134R)_EYFP)/wt,832810584,240,43,2420,7350.0,1013.0,8726.0,417.0,VISrl,831882777,1250.001648213235,3a,30000.0395571176,False,1
951109661,0.443981816824402,185.403075,6.07898806697414e-05,38.77,6.94971430105228,0.65929648241206,849771824,0.701812972332742,0.206030150753769,0.0,75.1452367901763,3.31892349097515e-05,28.71,0.967479674796748,0.0001338822505606,0.99,-0.100711460335255,0.439795203287446,0.223067885274149,3.85437895839687,80.0,1.03015075376884,0.137353433835846,832810584,239,27,2400,7352.0,1021.0,8720.0,417.0,VISrl,831882777,1250.001648213235,probeF,3a,30000.0395571176,False,2019-03-06T09:04:43Z,2019-10-03T00:00:00Z,803390291,functional_connectivity,137.0,M,Sst-IRES-Cre/wt;Ai32(RCL-ChR2(H134R)_EYFP)/wt,832810584,239,27,2400,7352.0,1021.0,8720.0,417.0,VISrl,831882777,1250.001648213235,3a,30000.0395571176,False,1
951109712,0.415229903285238,188.209125,0.0021319359508014,76.94,6.55704730146961,0.700502512562814,849771828,1.06285840559765,0.164824120603015,0.0,64.4268304373486,0.0002473663564371,16.52,0.972602739726027,6.71569121251805e-05,0.99,-0.0708587695329248,0.537506049953361,0.274655087095235,4.54010471913962,50.0,0.686767169179229,0.68676716917923,832810584,241,11,2420,7347.0,1006.0,8732.0,417.0,VISrl,831882777,1250.001648213235,probeF,3a,30000.0395571176,False,2019-03-06T09:04:43Z,2019-10-03T00:00:00Z,803390291,functional_connectivity,137.0,M,Sst-IRES-Cre/wt;Ai32(RCL-ChR2(H134R)_EYFP)/wt,832810584,241,11,2420,7347.0,1006.0,8732.0,417.0,VISrl,831882777,1250.001648213235,3a,30000.0395571176,False,1
951109855,0.354477058448282,93.5748450000001,0.002314586799409,256.65,4.27836525092008,0.769179229480737,849771834,1.14594831352711,0.288442211055276,0.282327450813991,28.3165984112074,0.0341851879142505,34.88,0.836734693877551,0.0004376220292196,0.99,-0.0165073166900968,0.211687777787199,0.114111682456337,2.50023192812878,50.0,0.686767169179227,-0.343383584589614,832810584,244,43,2460,7341.0,982.0,8750.0,417.0,VISrl,831882777,1250.001648213235,probeF,3a,30000.0395571176,False,2019-03-06T09:04:43Z,2019-10-03T00:00:00Z,803390291,functional_connectivity,137.0,M,Sst-IRES-Cre/wt;Ai32(RCL-ChR2(H134R)_EYFP)/wt,832810584,244,43,2460,7341.0,982.0,8750.0,417.0,VISrl,831882777,1250.001648213235,3a,30000.0395571176,False,1
951109902,0.59248936773224,69.3193800000001,0.0610417158075792,157.04,2.96173640556093,0.604355108877722,849771838,7.21645742023047,0.357118927973199,0.115094757807183,48.4862743302759,0.0182018182991152,27.94,0.821333333333333,0.0138140042992564,0.99,-0.0104775292217082,0.0428848618846865,0.0433372157695065,0.845457320125648,50.0,,-0.343383584589614,832810584,246,59,2480,7336.0,967.0,8762.0,417.0,VISrl,831882777,1250.001648213235,probeF,3a,30000.0395571176,False,2019-03-06T09:04:43Z,2019-10-03T00:00:00Z,803390291,functional_connectivity,137.0,M,Sst-IRES-Cre/wt;Ai32(RCL-ChR2(H134R)_EYFP)/wt,832810584,246,59,2480,7336.0,967.0,8762.0,417.0,VISrl,831882777,1250.001648213235,3a,30000.0395571176,False,3
951109912,0.363865589804669,54.076035,0.0704812361300318,170.78,3.64151168611724,0.1785594639866,849771838,14.5367772253728,0.0961474036850921,0.0157909808697877,53.2767672540987,0.0109986520121636,25.52,0.954666666666667,0.0104496213210622,0.99,-0.0318872042988204,0.119893590054125,0.0354800714093079,1.09195563973156,70.0,,-0.68676716917923,832810584,246,59,2480,7336.0,967.0,8762.0,417.0,VISrl,831882777,1250.001648213235,probeF,3a,30000.0395571176,False,2019-03-06T09:04:43Z,2019-10-03T00:00:00Z,803390291,functional_connectivity,137.0,M,Sst-IRES-Cre/wt;Ai32(RCL-ChR2(H134R)_EYFP)/wt,832810584,246,59,2480,7336.0,967.0,8762.0,417.0,VISrl,831882777,1250.001648213235,3a,30000.0395571176,False,3
951109924,0.44142006220852,96.9134400000001,0.0050322851065482,184.62,3.61663413628817,0.727973199329983,849771838,1.21387101604087,0.247236180904523,0.377423851314504,25.0499195011531,0.024705529948859,34.02,0.90547263681592,0.0006757213325224,0.99,-0.0244121947396189,0.245793390786219,0.207902468242548,3.00168041902865,50.0,,-0.412060301507538,832810584,246,59,2480,7336.0,967.0,8762.0,417.0,VISrl,831882777,1250.001648213235,probeF,3a,30000.0395571176,False,2019-03-06T09:04:43Z,2019-10-03T00:00:00Z,803390291,functional_connectivity,137.0,M,Sst-IRES-Cre/wt;Ai32(RCL-ChR2(H134R)_EYFP)/wt,832810584,246,59,2480,7336.0,967.0,8762.0,417.0,VISrl,831882777,1250.001648213235,3a,30000.0395571176,False,3
951110020,0.568636749508413,62.22489,0.016202381004032,92.63,3.4738707893237,0.494472361809045,849771524,12.2778527840048,0.384589614740369,0.0577971182642157,84.9876354385328,0.0005499613754751,26.52,0.984,0.0029019918216594,0.99,-0.0211776452711475,0.143320644252319,0.0908537904016586,0.958496389693115,90.0,-0.372816463268725,-1.30485762144054,832810584,89,11,900,7852.0,2259.0,7843.0,726.0,DG,831882777,1250.001648213235,probeF,3a,30000.0395571176,False,2019-03-06T09:04:43Z,2019-10-03T00:00:00Z,803390291,functional_connectivity,137.0,M,Sst-IRES-Cre/wt;Ai32(RCL-ChR2(H134R)_EYFP)/wt,832810584,89,11,900,7852.0,2259.0,7843.0,726.0,DG,831882777,1250.001648213235,3a,30000.0395571176,False,1
951110155,0.213790538565558,175.883955,0.0048666465270021,90.61,4.64138601796767,0.68676716917923,849771798,0.831558523008304,0.192294807370184,0.268081924403013,37.050369023787,0.0098927936575012,4.96,0.574074074074074,0.0011708818412953,0.99,-0.0639456016306795,0.537704644535942,-0.0134884203373184,3.2460724975403,30.0,,-0.343383584589615,832810584,226,59,2280,7385.0,1130.0,8633.0,417.0,VISrl,831882777,1250.001648213235,probeF,3a,30000.0395571176,False,2019-03-06T09:04:43Z,2019-10-03T00:00:00Z,803390291,functional_connectivity,137.0,M,Sst-IRES-Cre/wt;Ai32(RCL-ChR2(H134R)_EYFP)/wt,832810584,226,59,2280,7385.0,1130.0,8633.0,417.0,VISrl,831882777,1250.001648213235,3a,30000.0395571176,False,1
