subset,decoder,test_stimulus_index,y_true,score,polarity,threshold,y_pred,train_balanced_accuracy,raw_norm_test
all_stimuli,difference_raw,0,1,-3.3515443801879883,1,-0.35754236578941345,0,0.8819648093841642,13.282755851745605
all_stimuli,norm_only,0,1,13.282755851745605,1,14.3048996925354,0,0.6728739002932551,13.282755851745605
all_stimuli,difference_row_l2,0,1,-0.008414341136813164,1,-0.00345990271307528,0,0.9212609970674487,13.282755851745605
all_stimuli,difference_residualize_norm,0,1,1.1764849424362183,1,0.14263190887868404,1,0.896041055718475,13.282755851745605
all_stimuli,difference_raw,1,1,-2.064952850341797,1,-0.19429683685302734,0,0.873900293255132,15.6383638381958
all_stimuli,norm_only,1,1,15.6383638381958,1,14.3048996925354,1,0.6648093841642229,15.6383638381958
all_stimuli,difference_row_l2,1,1,-0.006384223699569702,1,-0.0036663711071014404,0,0.9293255131964809,15.6383638381958
all_stimuli,difference_residualize_norm,1,1,-1.091498613357544,1,0.4335870146751404,0,0.8970674486803518,15.6383638381958
all_stimuli,difference_raw,2,1,4.244651794433594,1,-1.7390689253807068,1,0.8768328445747801,18.546730041503906
all_stimuli,norm_only,2,1,18.546730041503906,1,14.3048996925354,1,0.6648093841642229,18.546730041503906
all_stimuli,difference_row_l2,2,1,0.010440021753311157,1,-0.00393702182918787,1,0.9293255131964809,18.546730041503906
all_stimuli,difference_residualize_norm,2,1,-0.08818628638982773,1,0.3358362764120102,0,0.896041055718475,18.546730041503906
all_stimuli,difference_raw,3,1,1.2478052377700806,1,-1.8235473036766052,1,0.8768328445747801,18.211029052734375
all_stimuli,norm_only,3,1,18.211029052734375,1,14.3048996925354,1,0.6648093841642229,18.211029052734375
all_stimuli,difference_row_l2,3,1,0.003925985656678677,1,-0.003930303384549916,1,0.9293255131964809,18.211029052734375
all_stimuli,difference_residualize_norm,3,1,-1.3115898370742798,1,0.6728302240371704,0,0.8900293255131965,18.211029052734375
all_stimuli,difference_raw,4,1,-4.530668258666992,1,-0.41219639778137207,0,0.8900293255131965,11.795202255249023
all_stimuli,norm_only,4,1,11.795202255249023,1,14.3048996925354,0,0.6728739002932551,11.795202255249023
all_stimuli,difference_row_l2,4,1,-0.01196853257715702,1,-0.003826795727945864,0,0.9373900293255132,11.795202255249023
all_stimuli,difference_residualize_norm,4,1,0.045235004276037216,1,0.3250533193349838,0,0.8879765395894428,11.795202255249023
all_stimuli,difference_raw,5,1,8.498201370239258,1,-0.305108442902565,1,0.8819648093841642,19.61471939086914
all_stimuli,norm_only,5,1,19.61471939086914,1,14.3048996925354,1,0.6648093841642229,19.61471939086914
all_stimuli,difference_row_l2,5,1,0.02411140501499176,1,-0.003622744232416153,1,0.9293255131964809,19.61471939086914
all_stimuli,difference_residualize_norm,5,1,4.628967761993408,1,0.41672512888908386,1,0.9051319648093841,19.61471939086914
all_stimuli,difference_raw,6,1,5.626450538635254,1,-0.1778390035033226,1,0.8829912023460411,16.815635681152344
all_stimuli,norm_only,6,1,16.815635681152344,1,14.3048996925354,1,0.6648093841642229,16.815635681152344
all_stimuli,difference_row_l2,6,1,0.018944861367344856,1,-0.003521206439472735,1,0.9293255131964809,16.815635681152344
all_stimuli,difference_residualize_norm,6,1,2.508598804473877,1,0.47121402621269226,1,0.9051319648093841,16.815635681152344
all_stimuli,difference_raw,7,1,6.79328727722168,1,-0.38837793469429016,1,0.8819648093841642,17.172466278076172
all_stimuli,norm_only,7,1,17.172466278076172,1,14.3048996925354,1,0.6648093841642229,17.172466278076172
all_stimuli,difference_row_l2,7,1,0.021579915657639503,1,-0.003630542429164052,1,0.9293255131964809,17.172466278076172
all_stimuli,difference_residualize_norm,7,1,4.282944679260254,1,0.4633429944515228,1,0.8970674486803518,17.172466278076172
all_stimuli,difference_raw,8,1,8.168596267700195,1,-0.29967348277568817,1,0.8819648093841642,17.094642639160156
all_stimuli,norm_only,8,1,17.094642639160156,1,14.3048996925354,1,0.6648093841642229,17.094642639160156
all_stimuli,difference_row_l2,8,1,0.02657078392803669,1,-0.0037040853640064597,1,0.9293255131964809,17.094642639160156
all_stimuli,difference_residualize_norm,8,1,4.45132303237915,1,0.27127137035131454,1,0.896041055718475,17.094642639160156
all_stimuli,difference_raw,9,1,6.835152626037598,1,-0.21512356400489807,1,0.8910557184750734,18.68638038635254
all_stimuli,norm_only,9,1,18.68638038635254,1,14.3048996925354,1,0.6648093841642229,18.68638038635254
all_stimuli,difference_row_l2,9,1,0.01774424873292446,1,-0.0035424072993919253,1,0.9293255131964809,18.68638038635254
all_stimuli,difference_residualize_norm,9,1,1.9345704317092896,1,0.27121659368276596,1,0.896041055718475,18.68638038635254
all_stimuli,difference_raw,10,1,0.5181074738502502,1,-0.42382417619228363,1,0.8819648093841642,14.159194946289062
all_stimuli,norm_only,10,1,14.159194946289062,1,14.3048996925354,0,0.6728739002932551,14.159194946289062
all_stimuli,difference_row_l2,10,1,0.004639068618416786,1,-0.003517089528031647,1,0.9293255131964809,14.159194946289062
all_stimuli,difference_residualize_norm,10,1,2.0643792152404785,1,0.5189379304647446,1,0.8970674486803518,14.159194946289062
all_stimuli,difference_raw,11,1,-1.171920895576477,1,-1.0950847864151,0,0.8788856304985337,15.009810447692871
all_stimuli,norm_only,11,1,15.009810447692871,1,14.3048996925354,1,0.6648093841642229,15.009810447692871
all_stimuli,difference_row_l2,11,1,-0.005580774042755365,1,-0.00402915955055505,0,0.9293255131964809,15.009810447692871
all_stimuli,difference_residualize_norm,11,1,-0.4150170087814331,1,-0.09710854291915894,0,0.886950146627566,15.009810447692871
all_stimuli,difference_raw,12,1,-0.07058897614479065,1,-0.3928330987691879,1,0.8819648093841642,14.383670806884766
all_stimuli,norm_only,12,1,14.383670806884766,1,14.3048996925354,1,0.6648093841642229,14.383670806884766
all_stimuli,difference_row_l2,12,1,0.003867568913847208,1,-0.00347329827491194,1,0.9293255131964809,14.383670806884766
all_stimuli,difference_residualize_norm,12,1,2.0043814182281494,1,0.44055938720703125,1,0.8970674486803518,14.383670806884766
all_stimuli,difference_raw,13,1,2.9803085327148438,1,-1.6144033670425415,1,0.8768328445747801,17.771865844726562
all_stimuli,norm_only,13,1,17.771865844726562,1,14.3048996925354,1,0.6648093841642229,17.771865844726562
all_stimuli,difference_row_l2,13,1,0.007881560362875462,1,-0.0038231523940339684,1,0.9293255131964809,17.771865844726562
all_stimuli,difference_residualize_norm,13,1,0.4098086655139923,1,0.3493863344192505,1,0.8970674486803518,17.771865844726562
all_stimuli,difference_raw,14,1,-2.902981758117676,1,-0.3519030213356018,0,0.8900293255131965,14.365166664123535
all_stimuli,norm_only,14,1,14.365166664123535,1,14.3048996925354,1,0.6648093841642229,14.365166664123535
all_stimuli,difference_row_l2,14,1,-0.006451196037232876,1,-0.004460940603166819,0,0.9293255131964809,14.365166664123535
all_stimuli,difference_residualize_norm,14,1,-1.3030961751937866,1,-0.1766664981842041,0,0.886950146627566,14.365166664123535
all_stimuli,difference_raw,15,1,2.370634078979492,1,-0.9518070816993713,1,0.8799120234604105,15.655989646911621
all_stimuli,norm_only,15,1,15.655989646911621,1,14.3048996925354,1,0.6648093841642229,15.655989646911621
all_stimuli,difference_row_l2,15,1,0.010104869492352009,1,-0.0033490421483293176,1,0.9293255131964809,15.655989646911621
all_stimuli,difference_residualize_norm,15,1,3.4935824871063232,1,0.4380669444799423,1,0.9051319648093841,15.655989646911621
all_stimuli,difference_raw,16,1,-0.6803655028343201,1,-0.3311699628829956,0,0.8819648093841642,15.457606315612793
all_stimuli,norm_only,16,1,15.457606315612793,1,14.3048996925354,1,0.6648093841642229,15.457606315612793
all_stimuli,difference_row_l2,16,1,-0.002910010516643524,1,-0.0036057422403246164,1,0.9293255131964809,15.457606315612793
all_stimuli,difference_residualize_norm,16,1,0.1447874754667282,1,0.010697901248931885,1,0.886950146627566,15.457606315612793
all_stimuli,difference_raw,17,1,5.117403030395508,1,-0.9690818786621094,1,0.8879765395894428,18.424299240112305
all_stimuli,norm_only,17,1,18.424299240112305,1,14.3048996925354,1,0.6648093841642229,18.424299240112305
all_stimuli,difference_row_l2,17,1,0.013787942938506603,1,-0.0032503658439964056,1,0.9293255131964809,18.424299240112305
all_stimuli,difference_residualize_norm,17,1,2.649843692779541,1,0.5361841022968292,1,0.8890029325513196,18.424299240112305
all_stimuli,difference_raw,18,1,-0.5250537991523743,1,-0.35932374000549316,0,0.8819648093841642,15.11994743347168
all_stimuli,norm_only,18,1,15.11994743347168,1,14.3048996925354,1,0.6648093841642229,15.11994743347168
all_stimuli,difference_row_l2,18,1,0.00283884909003973,1,-0.003595472197048366,1,0.9212609970674487,15.11994743347168
all_stimuli,difference_residualize_norm,18,1,1.9311671257019043,1,0.21649159491062164,1,0.896041055718475,15.11994743347168
all_stimuli,difference_raw,19,1,11.374861717224121,1,-0.21376188471913338,1,0.8910557184750734,21.99540901184082
all_stimuli,norm_only,19,1,21.99540901184082,1,14.3048996925354,1,0.6648093841642229,21.99540901184082
all_stimuli,difference_row_l2,19,1,0.027778374031186104,1,-0.0032796000596135855,1,0.9293255131964809,21.99540901184082
all_stimuli,difference_residualize_norm,19,1,4.725618362426758,1,0.4982287138700485,1,0.8970674486803518,21.99540901184082
all_stimuli,difference_raw,20,0,-2.544867753982544,1,-1.864040732383728,0,0.8835978835978835,14.131595611572266
all_stimuli,norm_only,20,0,14.131595611572266,1,14.3048996925354,0,0.6613756613756614,14.131595611572266
all_stimuli,difference_row_l2,20,0,-0.004149700049310923,1,-0.003715717699378729,0,0.9285714285714286,14.131595611572266
all_stimuli,difference_residualize_norm,20,0,0.5723432898521423,1,-0.07366589456796646,1,0.8862433862433863,14.131595611572266
all_stimuli,difference_raw,21,1,-1.3572869300842285,1,-1.7549813985824585,1,0.8768328445747801,15.486652374267578
all_stimuli,norm_only,21,1,15.486652374267578,1,14.3048996925354,1,0.6648093841642229,15.486652374267578
all_stimuli,difference_row_l2,21,1,-0.002885520923882723,1,-0.004069657530635595,1,0.9293255131964809,15.486652374267578
all_stimuli,difference_residualize_norm,21,1,-1.0033137798309326,1,0.3164746016263962,0,0.8879765395894428,15.486652374267578
all_stimuli,difference_raw,22,1,8.506299018859863,1,-1.398729383945465,1,0.8859237536656891,18.049509048461914
all_stimuli,norm_only,22,1,18.049509048461914,1,14.3048996925354,1,0.6648093841642229,18.049509048461914
all_stimuli,difference_row_l2,22,1,0.023387178778648376,1,-0.003307883394882083,1,0.9293255131964809,18.049509048461914
all_stimuli,difference_residualize_norm,22,1,4.935938835144043,1,0.4563148766756058,1,0.9051319648093841,18.049509048461914
all_stimuli,difference_raw,23,1,4.907254219055176,1,-0.20581375062465668,1,0.8910557184750734,17.0320987701416
all_stimuli,norm_only,23,1,17.0320987701416,1,14.3048996925354,1,0.6648093841642229,17.0320987701416
all_stimuli,difference_row_l2,23,1,0.014243776910007,1,-0.00397266517393291,1,0.9293255131964809,17.0320987701416
all_stimuli,difference_residualize_norm,23,1,1.7763530015945435,1,0.5480732917785645,1,0.8890029325513196,17.0320987701416
all_stimuli,difference_raw,24,1,1.4609360694885254,1,-0.36343175172805786,1,0.8819648093841642,17.698328018188477
all_stimuli,norm_only,24,1,17.698328018188477,1,14.3048996925354,1,0.6648093841642229,17.698328018188477
all_stimuli,difference_row_l2,24,1,0.001906752586364746,1,-0.004306717775762081,1,0.9293255131964809,17.698328018188477
all_stimuli,difference_residualize_norm,24,1,-0.670217752456665,1,0.4999427795410156,0,0.8890029325513196,17.698328018188477
all_stimuli,difference_raw,25,1,0.1218409612774849,1,-0.3133700489997864,1,0.8819648093841642,17.98166847229004
all_stimuli,norm_only,25,1,17.98166847229004,1,14.3048996925354,1,0.6648093841642229,17.98166847229004
all_stimuli,difference_row_l2,25,1,-0.003204448614269495,1,-0.004078435245901346,1,0.9293255131964809,17.98166847229004
all_stimuli,difference_residualize_norm,25,1,-2.3674583435058594,1,0.362077996134758,0,0.896041055718475,17.98166847229004
all_stimuli,difference_raw,26,1,9.090629577636719,1,-0.9529583752155304,1,0.8879765395894428,20.219396591186523
all_stimuli,norm_only,26,1,20.219396591186523,1,14.3048996925354,1,0.6648093841642229,20.219396591186523
all_stimuli,difference_row_l2,26,1,0.021684881299734116,1,-0.0033068808261305094,1,0.9293255131964809,20.219396591186523
all_stimuli,difference_residualize_norm,26,1,3.6561708450317383,1,0.4983990341424942,1,0.8970674486803518,20.219396591186523
all_stimuli,difference_raw,27,1,3.8404130935668945,1,-0.41331668198108673,1,0.8819648093841642,15.837739944458008
all_stimuli,norm_only,27,1,15.837739944458008,1,14.3048996925354,1,0.6648093841642229,15.837739944458008
all_stimuli,difference_row_l2,27,1,0.013813462108373642,1,-0.003326907055452466,1,0.9293255131964809,15.837739944458008
all_stimuli,difference_residualize_norm,27,1,3.441072463989258,1,0.43694084882736206,1,0.8970674486803518,15.837739944458008
all_stimuli,difference_raw,28,1,1.5304924249649048,1,-0.32741574943065643,1,0.8819648093841642,17.379344940185547
all_stimuli,norm_only,28,1,17.379344940185547,1,14.3048996925354,1,0.6648093841642229,17.379344940185547
all_stimuli,difference_row_l2,28,1,0.0032088318839669228,1,-0.003840765915811062,1,0.9293255131964809,17.379344940185547
all_stimuli,difference_residualize_norm,28,1,-0.6178154349327087,1,0.4986248165369034,0,0.8890029325513196,17.379344940185547
all_stimuli,difference_raw,29,1,5.88772439956665,1,-1.9065526127815247,1,0.8848973607038124,21.153696060180664
all_stimuli,norm_only,29,1,21.153696060180664,1,14.3048996925354,1,0.6648093841642229,21.153696060180664
all_stimuli,difference_row_l2,29,1,0.01201318483799696,1,-0.004198667826130986,1,0.9293255131964809,21.153696060180664
all_stimuli,difference_residualize_norm,29,1,-0.6206209063529968,1,0.4803480952978134,0,0.8970674486803518,21.153696060180664
all_stimuli,difference_raw,30,0,-3.145193099975586,1,-0.9147564172744751,0,0.8888888888888888,12.157927513122559
all_stimuli,norm_only,30,0,12.157927513122559,1,14.3048996925354,0,0.6613756613756614,12.157927513122559
all_stimuli,difference_row_l2,30,0,-0.003021517302840948,1,-0.003561822697520256,1,0.9285714285714286,12.157927513122559
all_stimuli,difference_residualize_norm,30,0,2.2579150199890137,1,-0.06692394614219666,1,0.8955026455026455,12.157927513122559
all_stimuli,difference_raw,31,0,-3.9204049110412598,1,-0.21688971668481827,0,0.8915343915343915,13.487298011779785
all_stimuli,norm_only,31,0,13.487298011779785,1,14.3048996925354,0,0.6613756613756614,13.487298011779785
all_stimuli,difference_row_l2,31,0,-0.009952708147466183,1,-0.003769258037209511,0,0.9285714285714286,13.487298011779785
all_stimuli,difference_residualize_norm,31,0,-0.344638854265213,1,-0.1053503081202507,0,0.8862433862433863,13.487298011779785
all_stimuli,difference_raw,32,1,5.25900936126709,1,-0.12707482278347015,1,0.8829912023460411,18.47248649597168
all_stimuli,norm_only,32,1,18.47248649597168,1,14.3048996925354,1,0.6648093841642229,18.47248649597168
all_stimuli,difference_row_l2,32,1,0.014675791375339031,1,-0.003657771972939372,1,0.9293255131964809,18.47248649597168
all_stimuli,difference_residualize_norm,32,1,1.5339784622192383,1,0.42315900325775146,1,0.9051319648093841,18.47248649597168
all_stimuli,difference_raw,33,1,4.360354900360107,1,-0.40635573863983154,1,0.8819648093841642,16.126338958740234
all_stimuli,norm_only,33,1,16.126338958740234,1,14.3048996925354,1,0.6648093841642229,16.126338958740234
all_stimuli,difference_row_l2,33,1,0.015441530384123325,1,-0.0036649343091994524,1,0.9293255131964809,16.126338958740234
all_stimuli,difference_residualize_norm,33,1,3.592106580734253,1,0.4452287256717682,1,0.8970674486803518,16.126338958740234
all_stimuli,difference_raw,34,1,-3.2419824600219727,1,-0.324784591794014,0,0.8900293255131965,15.163363456726074
all_stimuli,norm_only,34,1,15.163363456726074,1,14.3048996925354,1,0.6648093841642229,15.163363456726074
all_stimuli,difference_row_l2,34,1,-0.010251859202980995,1,-0.004228842561133206,0,0.9293255131964809,15.163363456726074
all_stimuli,difference_residualize_norm,34,1,-2.249936580657959,1,-0.05428890883922577,0,0.8950146627565982,15.163363456726074
all_stimuli,difference_raw,35,1,0.16983488202095032,1,-0.2371048778295517,1,0.8819648093841642,16.915910720825195
all_stimuli,norm_only,35,1,16.915910720825195,1,14.3048996925354,1,0.6648093841642229,16.915910720825195
all_stimuli,difference_row_l2,35,1,0.00018386302690487355,1,-0.003892536857165396,1,0.9293255131964809,16.915910720825195
all_stimuli,difference_residualize_norm,35,1,-2.3709347248077393,1,-0.21698512136936188,0,0.8950146627565982,16.915910720825195
all_stimuli,difference_raw,36,1,-3.016049385070801,1,-0.3400969058275223,0,0.8819648093841642,14.822590827941895
all_stimuli,norm_only,36,1,14.822590827941895,1,14.3048996925354,1,0.6648093841642229,14.822590827941895
all_stimuli,difference_row_l2,36,1,-0.005693637765944004,1,-0.0038799953181296587,0,0.9293255131964809,14.822590827941895
all_stimuli,difference_residualize_norm,36,1,-0.4668716788291931,1,0.3778574615716934,0,0.8970674486803518,14.822590827941895
all_stimuli,difference_raw,37,0,-5.945371627807617,1,-0.9297695755958557,0,0.8888888888888888,11.017495155334473
all_stimuli,norm_only,37,0,11.017495155334473,1,14.3048996925354,0,0.6613756613756614,11.017495155334473
all_stimuli,difference_row_l2,37,0,-0.01746882125735283,1,-0.0036390532040968537,0,0.9285714285714286,11.017495155334473
all_stimuli,difference_residualize_norm,37,0,-0.16729137301445007,1,0.514539897441864,0,0.8888888888888888,11.017495155334473
all_stimuli,difference_raw,38,0,-1.6507885456085205,1,-0.16510622948408127,0,0.8915343915343915,13.720947265625
all_stimuli,norm_only,38,0,13.720947265625,1,14.3048996925354,0,0.6613756613756614,13.720947265625
all_stimuli,difference_row_l2,38,0,-0.0014940595719963312,1,-0.003988758777268231,1,0.9285714285714286,13.720947265625
all_stimuli,difference_residualize_norm,38,0,1.6001113653182983,1,-0.013544544577598572,1,0.8955026455026455,13.720947265625
all_stimuli,difference_raw,39,1,3.2451438903808594,1,-1.4805992245674133,1,0.8859237536656891,18.2309513092041
all_stimuli,norm_only,39,1,18.2309513092041,1,14.3048996925354,1,0.6648093841642229,18.2309513092041
all_stimuli,difference_row_l2,39,1,0.007225351873785257,1,-0.003454302786849439,1,0.9293255131964809,18.2309513092041
all_stimuli,difference_residualize_norm,39,1,0.34561339020729065,1,0.4178820848464966,0,0.8879765395894428,18.2309513092041
all_stimuli,difference_raw,40,1,-2.2530486583709717,1,-0.40375393629074097,0,0.8900293255131965,13.738384246826172
all_stimuli,norm_only,40,1,13.738384246826172,1,14.3048996925354,0,0.6728739002932551,13.738384246826172
all_stimuli,difference_row_l2,40,1,-0.005477161146700382,1,-0.0037620700895786285,0,0.9293255131964809,13.738384246826172
all_stimuli,difference_residualize_norm,40,1,0.2333151251077652,1,0.4378307908773422,0,0.8890029325513196,13.738384246826172
all_stimuli,difference_raw,41,1,3.417649984359741,1,-0.2935725748538971,1,0.8819648093841642,19.021514892578125
all_stimuli,norm_only,41,1,19.021514892578125,1,14.3048996925354,1,0.6648093841642229,19.021514892578125
all_stimuli,difference_row_l2,41,1,0.00827802810817957,1,-0.0037754994118586183,1,0.9293255131964809,19.021514892578125
all_stimuli,difference_residualize_norm,41,1,1.1419627666473389,1,0.5104081034660339,1,0.8890029325513196,19.021514892578125
all_stimuli,difference_raw,42,1,6.539419174194336,1,-0.37666480243206024,1,0.8819648093841642,18.825727462768555
all_stimuli,norm_only,42,1,18.825727462768555,1,14.3048996925354,1,0.6648093841642229,18.825727462768555
all_stimuli,difference_row_l2,42,1,0.01734902709722519,1,-0.0037289471365511417,1,0.9293255131964809,18.825727462768555
all_stimuli,difference_residualize_norm,42,1,2.694563150405884,1,0.30035388469696045,1,0.896041055718475,18.825727462768555
all_stimuli,difference_raw,43,0,0.4184248745441437,1,-0.34755294024944305,1,0.8822751322751323,17.019458770751953
all_stimuli,norm_only,43,0,17.019458770751953,1,14.3048996925354,1,0.6706349206349207,17.019458770751953
all_stimuli,difference_row_l2,43,0,0.0031386720947921276,1,-0.003918541362509131,1,0.9285714285714286,17.019458770751953
all_stimuli,difference_residualize_norm,43,0,-0.20675058662891388,1,-0.12027748301625252,0,0.8862433862433863,17.019458770751953
all_stimuli,difference_raw,44,1,-3.1640748977661133,1,-0.4290144145488739,0,0.8900293255131965,16.258831024169922
all_stimuli,norm_only,44,1,16.258831024169922,1,14.3048996925354,1,0.6648093841642229,16.258831024169922
all_stimuli,difference_row_l2,44,1,-0.010356392711400986,1,-0.004216696601361036,0,0.9293255131964809,16.258831024169922
all_stimuli,difference_residualize_norm,44,1,-2.8587019443511963,1,-0.18494681641459465,0,0.8950146627565982,16.258831024169922
all_stimuli,difference_raw,45,1,5.18331241607666,1,-1.340829312801361,1,0.8778592375366568,18.444955825805664
all_stimuli,norm_only,45,1,18.444955825805664,1,14.3048996925354,1,0.6648093841642229,18.444955825805664
all_stimuli,difference_row_l2,45,1,0.013120671734213829,1,-0.0035512539325281978,1,0.9293255131964809,18.444955825805664
all_stimuli,difference_residualize_norm,45,1,1.030353307723999,1,0.3373950868844986,1,0.896041055718475,18.444955825805664
all_stimuli,difference_raw,46,1,-4.018474578857422,1,-0.39187726378440857,0,0.8900293255131965,12.61870002746582
all_stimuli,norm_only,46,1,12.61870002746582,1,14.3048996925354,0,0.6728739002932551,12.61870002746582
all_stimuli,difference_row_l2,46,1,-0.009898197837173939,1,-0.003459771629422903,0,0.9212609970674487,12.61870002746582
all_stimuli,difference_residualize_norm,46,1,0.897696852684021,1,0.2519075945019722,1,0.8879765395894428,12.61870002746582
all_stimuli,difference_raw,47,1,-1.0530117750167847,1,-0.4477699249982834,0,0.8728739002932551,13.139360427856445
all_stimuli,norm_only,47,1,13.139360427856445,1,14.3048996925354,0,0.6728739002932551,13.139360427856445
all_stimuli,difference_row_l2,47,1,0.0007105779950506985,1,-0.003625108627602458,1,0.9293255131964809,13.139360427856445
all_stimuli,difference_residualize_norm,47,1,1.9423640966415405,1,0.5046548396348953,1,0.8890029325513196,13.139360427856445
all_stimuli,difference_raw,48,1,6.208984851837158,1,-0.21120086312294006,1,0.8819648093841642,17.30784797668457
all_stimuli,norm_only,48,1,17.30784797668457,1,14.3048996925354,1,0.6648093841642229,17.30784797668457
all_stimuli,difference_row_l2,48,1,0.021383294835686684,1,-0.0034212132450193167,1,0.9293255131964809,17.30784797668457
all_stimuli,difference_residualize_norm,48,1,4.7554450035095215,1,0.2906641885638237,1,0.896041055718475,17.30784797668457
all_stimuli,difference_raw,49,1,-0.8631176948547363,1,-1.4756998419761658,1,0.8778592375366568,14.971492767333984
all_stimuli,norm_only,49,1,14.971492767333984,1,14.3048996925354,1,0.6648093841642229,14.971492767333984
all_stimuli,difference_row_l2,49,1,-0.0016724872402846813,1,-0.0036621408071368933,1,0.9293255131964809,14.971492767333984
all_stimuli,difference_residualize_norm,49,1,0.358431875705719,1,-0.05591478943824768,1,0.886950146627566,14.971492767333984
all_stimuli,difference_raw,50,1,0.289371520280838,1,-0.400836706161499,1,0.8819648093841642,15.177706718444824
all_stimuli,norm_only,50,1,15.177706718444824,1,14.3048996925354,1,0.6648093841642229,15.177706718444824
all_stimuli,difference_row_l2,50,1,0.004104468505829573,1,-0.004061149666085839,1,0.9293255131964809,15.177706718444824
all_stimuli,difference_residualize_norm,50,1,1.3792804479599,1,0.2969852387905121,1,0.8879765395894428,15.177706718444824
all_stimuli,difference_raw,51,1,-1.316969871520996,1,-0.2780662328004837,0,0.8829912023460411,14.320502281188965
all_stimuli,norm_only,51,1,14.320502281188965,1,14.305612087249756,1,0.6648093841642229,14.320502281188965
all_stimuli,difference_row_l2,51,1,-0.004128156695514917,1,-0.00375502638053149,0,0.9293255131964809,14.320502281188965
all_stimuli,difference_residualize_norm,51,1,0.048939965665340424,1,0.562590092420578,0,0.8890029325513196,14.320502281188965
all_stimuli,difference_raw,52,1,-1.2476741075515747,1,-0.3268749639391899,0,0.8819648093841642,14.284201622009277
all_stimuli,norm_only,52,1,14.284201622009277,1,14.3048996925354,0,0.6728739002932551,14.284201622009277
all_stimuli,difference_row_l2,52,1,0.00039394438499584794,1,-0.004172013257630169,1,0.9293255131964809,14.284201622009277
all_stimuli,difference_residualize_norm,52,1,-0.05946844071149826,1,-0.2990666329860687,1,0.886950146627566,14.284201622009277
all_stimuli,difference_raw,53,1,1.5968788862228394,1,-0.47019022703170776,1,0.8819648093841642,15.038444519042969
all_stimuli,norm_only,53,1,15.038444519042969,1,14.3048996925354,1,0.6648093841642229,15.038444519042969
all_stimuli,difference_row_l2,53,1,0.009195319376885891,1,-0.003841747180558741,1,0.9293255131964809,15.038444519042969
all_stimuli,difference_residualize_norm,53,1,2.4578120708465576,1,0.42255397140979767,1,0.8890029325513196,15.038444519042969
all_stimuli,difference_raw,54,1,-0.5113521814346313,1,-0.2751886546611786,0,0.873900293255132,13.951386451721191
all_stimuli,norm_only,54,1,13.951386451721191,1,14.3048996925354,0,0.6728739002932551,13.951386451721191
all_stimuli,difference_row_l2,54,1,0.0023523226846009493,1,-0.0038955010240897536,1,0.9293255131964809,13.951386451721191
all_stimuli,difference_residualize_norm,54,1,0.9411298036575317,1,0.33579596877098083,1,0.8879765395894428,13.951386451721191
all_stimuli,difference_raw,55,1,3.843116283416748,1,-0.3012295365333557,1,0.8819648093841642,17.651561737060547
all_stimuli,norm_only,55,1,17.651561737060547,1,14.3048996925354,1,0.6648093841642229,17.651561737060547
all_stimuli,difference_row_l2,55,1,0.013147160410881042,1,-0.0036075017414987087,1,0.9293255131964809,17.651561737060547
all_stimuli,difference_residualize_norm,55,1,1.3403637409210205,1,0.3202729746699333,1,0.8879765395894428,17.651561737060547
all_stimuli,difference_raw,56,1,-1.235433578491211,1,-0.24294554442167282,0,0.8829912023460411,14.401068687438965
all_stimuli,norm_only,56,1,14.401068687438965,1,14.3048996925354,1,0.6648093841642229,14.401068687438965
all_stimuli,difference_row_l2,56,1,0.001865201978944242,1,-0.004477847367525101,1,0.9202346041055718,14.401068687438965
all_stimuli,difference_residualize_norm,56,1,1.427345633506775,1,0.18029554933309555,1,0.896041055718475,14.401068687438965
all_stimuli,difference_raw,57,1,0.4901891052722931,1,-2.0314183235168457,1,0.8848973607038124,17.11481285095215
all_stimuli,norm_only,57,1,17.11481285095215,1,14.3048996925354,1,0.6648093841642229,17.11481285095215
all_stimuli,difference_row_l2,57,1,0.003710145363584161,1,-0.0042584751499816775,1,0.9293255131964809,17.11481285095215
all_stimuli,difference_residualize_norm,57,1,-1.2999106645584106,1,0.5619017779827118,0,0.8890029325513196,17.11481285095215
all_stimuli,difference_raw,58,1,-0.661050021648407,1,-0.327986404299736,0,0.8819648093841642,14.321927070617676
all_stimuli,norm_only,58,1,14.321927070617676,1,14.3048996925354,1,0.6648093841642229,14.321927070617676
all_stimuli,difference_row_l2,58,1,-0.0014088971074670553,1,-0.0035968212177976966,1,0.9293255131964809,14.321927070617676
all_stimuli,difference_residualize_norm,58,1,0.6496610641479492,1,-0.03895579278469086,1,0.886950146627566,14.321927070617676
all_stimuli,difference_raw,59,0,-5.937178134918213,1,-0.3558233678340912,0,0.8822751322751323,11.167667388916016
all_stimuli,norm_only,59,0,11.167667388916016,1,14.3048996925354,0,0.6613756613756614,11.167667388916016
all_stimuli,difference_row_l2,59,0,-0.016592927277088165,1,-0.0037676672218367457,0,0.9285714285714286,11.167667388916016
all_stimuli,difference_residualize_norm,59,0,-0.27312618494033813,1,0.4847211390733719,0,0.8888888888888888,11.167667388916016
all_stimuli,difference_raw,60,0,-4.644857883453369,1,-1.3994144201278687,0,0.8849206349206349,14.207857131958008
all_stimuli,norm_only,60,0,14.207857131958008,1,14.3048996925354,0,0.6613756613756614,14.207857131958008
all_stimuli,difference_row_l2,60,0,-0.012751535512506962,1,-0.003670458449050784,0,0.9285714285714286,14.207857131958008
all_stimuli,difference_residualize_norm,60,0,-2.579697847366333,1,0.4286985248327255,0,0.8968253968253967,14.207857131958008
all_stimuli,difference_raw,61,0,-3.8558430671691895,1,-0.9151797890663147,0,0.8888888888888888,12.513176918029785
all_stimuli,norm_only,61,0,12.513176918029785,1,14.3048996925354,0,0.6613756613756614,12.513176918029785
all_stimuli,difference_row_l2,61,0,-0.0062721711583435535,1,-0.0037443668115884066,0,0.9285714285714286,12.513176918029785
all_stimuli,difference_residualize_norm,61,0,1.200250506401062,1,-0.07005110383033752,1,0.8955026455026455,12.513176918029785
all_stimuli,difference_raw,62,0,-5.871692657470703,1,-0.3266965448856354,0,0.8822751322751323,11.040018081665039
all_stimuli,norm_only,62,0,11.040018081665039,1,14.3048996925354,0,0.6613756613756614,11.040018081665039
all_stimuli,difference_row_l2,62,0,-0.01921694166958332,1,-0.003826386178843677,0,0.9285714285714286,11.040018081665039
all_stimuli,difference_residualize_norm,62,0,-0.6609410047531128,1,0.32233181595802307,0,0.8955026455026455,11.040018081665039
all_stimuli,difference_raw,63,0,-1.4554582834243774,1,-0.30970393866300583,0,0.8822751322751323,14.196675300598145
all_stimuli,norm_only,63,0,14.196675300598145,1,14.3048996925354,0,0.6613756613756614,14.196675300598145
all_stimuli,difference_row_l2,63,0,-0.003969090059399605,1,-0.004236498847603798,1,0.9285714285714286,14.196675300598145
all_stimuli,difference_residualize_norm,63,0,0.569694459438324,1,0.2689451649785042,1,0.8875661375661376,14.196675300598145
all_stimuli,difference_raw,64,1,-1.4125738143920898,1,-0.43821902573108673,0,0.8819648093841642,13.629380226135254
all_stimuli,norm_only,64,1,13.629380226135254,1,14.3048996925354,0,0.6728739002932551,13.629380226135254
all_stimuli,difference_row_l2,64,1,-0.0022915988229215145,1,-0.003633883548900485,1,0.9293255131964809,13.629380226135254
all_stimuli,difference_residualize_norm,64,1,1.550070881843567,1,0.46715956926345825,1,0.8970674486803518,13.629380226135254
all_stimuli,difference_raw,65,0,1.2511465549468994,1,-1.3405110836029053,1,0.876984126984127,18.259859085083008
all_stimuli,norm_only,65,0,18.259859085083008,1,14.3048996925354,1,0.6706349206349207,18.259859085083008
all_stimuli,difference_row_l2,65,0,0.002077007433399558,1,-0.002904106047935784,1,0.9206349206349206,18.259859085083008
all_stimuli,difference_residualize_norm,65,0,-2.174262285232544,1,0.3954101949930191,0,0.8968253968253967,18.259859085083008
all_stimuli,difference_raw,66,0,-0.9996015429496765,1,-1.023530900478363,1,0.8783068783068784,13.2791109085083
all_stimuli,norm_only,66,0,13.2791109085083,1,14.3048996925354,0,0.6613756613756614,13.2791109085083
all_stimuli,difference_row_l2,66,0,0.0023881697561591864,1,-0.00378148234449327,1,0.9285714285714286,13.2791109085083
all_stimuli,difference_residualize_norm,66,0,1.994251012802124,1,0.40880392491817474,1,0.9047619047619047,13.2791109085083
all_stimuli,difference_raw,67,0,2.8977839946746826,1,-0.3176715448498726,1,0.8915343915343915,15.788501739501953
all_stimuli,norm_only,67,0,15.788501739501953,1,14.3048996925354,1,0.6706349206349207,15.788501739501953
all_stimuli,difference_row_l2,67,0,0.00929185189306736,1,-0.003752088057808578,1,0.9378306878306879,15.788501739501953
all_stimuli,difference_residualize_norm,67,0,2.594160795211792,1,0.2704979181289673,1,0.8968253968253967,15.788501739501953
all_stimuli,difference_raw,68,0,-2.9643478393554688,1,-0.3577992171049118,0,0.8822751322751323,13.207392692565918
all_stimuli,norm_only,68,0,13.207392692565918,1,14.3048996925354,0,0.6613756613756614,13.207392692565918
all_stimuli,difference_row_l2,68,0,-0.009123818017542362,1,-0.004001624882221222,0,0.9285714285714286,13.207392692565918
all_stimuli,difference_residualize_norm,68,0,-0.6683308482170105,1,0.2685728147625923,0,0.8955026455026455,13.207392692565918
all_stimuli,difference_raw,69,0,-0.6423982977867126,1,-1.4090673327445984,1,0.8756613756613756,19.21522331237793
all_stimuli,norm_only,69,0,19.21522331237793,1,14.3048996925354,1,0.6706349206349207,19.21522331237793
all_stimuli,difference_row_l2,69,0,-0.001730930875055492,1,-0.0027413564966991544,1,0.9206349206349206,19.21522331237793
all_stimuli,difference_residualize_norm,69,0,-4.380897521972656,1,0.701596200466156,0,0.8915343915343915,19.21522331237793
all_stimuli,difference_raw,70,1,0.47549137473106384,1,-1.3892377614974976,1,0.8778592375366568,17.683834075927734
all_stimuli,norm_only,70,1,17.683834075927734,1,14.3048996925354,1,0.6648093841642229,17.683834075927734
all_stimuli,difference_row_l2,70,1,0.0022551724687218666,1,-0.0037865459453314543,1,0.9293255131964809,17.683834075927734
all_stimuli,difference_residualize_norm,70,1,-1.3801734447479248,1,0.32936933636665344,0,0.8879765395894428,17.683834075927734
all_stimuli,difference_raw,71,0,-3.1651763916015625,1,-0.3982022702693939,0,0.8822751322751323,15.95573902130127
all_stimuli,norm_only,71,0,15.95573902130127,1,14.3048996925354,1,0.6706349206349207,15.95573902130127
all_stimuli,difference_row_l2,71,0,-0.012609786354005337,1,-0.0035926667042076588,0,0.9285714285714286,15.95573902130127
all_stimuli,difference_residualize_norm,71,0,-2.99521803855896,1,0.39535103738307953,0,0.9047619047619047,15.95573902130127
all_stimuli,difference_raw,72,0,-2.0255072116851807,1,-0.2585555762052536,0,0.8822751322751323,13.803420066833496
all_stimuli,norm_only,72,0,13.803420066833496,1,14.3048996925354,0,0.6613756613756614,13.803420066833496
all_stimuli,difference_row_l2,72,0,-0.001211153226904571,1,-0.0038942822720855474,1,0.9285714285714286,13.803420066833496
all_stimuli,difference_residualize_norm,72,0,0.09598743170499802,1,-0.030735746026039124,1,0.8862433862433863,13.803420066833496
all_stimuli,difference_raw,73,0,-1.4191431999206543,1,-0.3471727892756462,0,0.8822751322751323,14.013850212097168
all_stimuli,norm_only,73,0,14.013850212097168,1,14.3048996925354,0,0.6613756613756614,14.013850212097168
all_stimuli,difference_row_l2,73,0,-0.0030185049399733543,1,-0.003733919933438301,1,0.9285714285714286,14.013850212097168
all_stimuli,difference_residualize_norm,73,0,-0.03248686343431473,1,0.4792238026857376,0,0.8888888888888888,14.013850212097168
all_stimuli,difference_raw,74,0,-1.6152544021606445,1,-0.34346502274274826,0,0.8822751322751323,14.774965286254883
all_stimuli,norm_only,74,0,14.774965286254883,1,14.3048996925354,1,0.6706349206349207,14.774965286254883
all_stimuli,difference_row_l2,74,0,-0.004848047159612179,1,-0.003915652516297996,0,0.9285714285714286,14.774965286254883
all_stimuli,difference_residualize_norm,74,0,0.09895958751440048,1,0.4757130891084671,0,0.8968253968253967,14.774965286254883
all_stimuli,difference_raw,75,0,-5.803624153137207,1,-0.3885177969932556,0,0.8822751322751323,13.675613403320312
all_stimuli,norm_only,75,0,13.675613403320312,1,14.3048996925354,0,0.6613756613756614,13.675613403320312
all_stimuli,difference_row_l2,75,0,-0.020671088248491287,1,-0.003949720528908074,0,0.9285714285714286,13.675613403320312
all_stimuli,difference_residualize_norm,75,0,-3.4316282272338867,1,0.25014718621969223,0,0.8955026455026455,13.675613403320312
all_stimuli,difference_raw,76,1,-1.7129912376403809,1,-0.2687828987836838,0,0.8910557184750734,16.58856201171875
all_stimuli,norm_only,76,1,16.58856201171875,1,14.3048996925354,1,0.6648093841642229,16.58856201171875
all_stimuli,difference_row_l2,76,1,-0.004984594415873289,1,-0.003922007046639919,0,0.9293255131964809,16.58856201171875
all_stimuli,difference_residualize_norm,76,1,-2.579803705215454,1,0.36936965584754944,0,0.896041055718475,16.58856201171875
all_stimuli,difference_raw,77,0,-4.302086353302002,1,-0.40353037416934967,0,0.8822751322751323,12.81533432006836
all_stimuli,norm_only,77,0,12.81533432006836,1,14.3048996925354,0,0.6613756613756614,12.81533432006836
all_stimuli,difference_row_l2,77,0,-0.012235382571816444,1,-0.004016157356090844,0,0.9285714285714286,12.81533432006836
all_stimuli,difference_residualize_norm,77,0,-0.5818541049957275,1,0.25636865198612213,0,0.8955026455026455,12.81533432006836
all_stimuli,difference_raw,78,1,0.29822325706481934,1,-1.5314302444458008,1,0.8859237536656891,14.754091262817383
all_stimuli,norm_only,78,1,14.754091262817383,1,14.3048996925354,1,0.6648093841642229,14.754091262817383
all_stimuli,difference_row_l2,78,1,0.0011713304556906223,1,-0.003580775111913681,1,0.9293255131964809,14.754091262817383
all_stimuli,difference_residualize_norm,78,1,0.49728071689605713,1,-0.13437107764184475,1,0.886950146627566,14.754091262817383
all_stimuli,difference_raw,79,0,-5.1147780418396,1,-0.23179468512535095,0,0.8835978835978836,13.131230354309082
all_stimuli,norm_only,79,0,13.131230354309082,1,14.3048996925354,0,0.6613756613756614,13.131230354309082
all_stimuli,difference_row_l2,79,0,-0.01768471859395504,1,-0.004055308410897851,0,0.9285714285714286,13.131230354309082
all_stimuli,difference_residualize_norm,79,0,-1.606555700302124,1,0.25878215581178665,0,0.8955026455026455,13.131230354309082
all_stimuli,difference_raw,80,0,-2.2392609119415283,1,-0.09259995445609093,0,0.8835978835978836,13.494694709777832
all_stimuli,norm_only,80,0,13.494694709777832,1,14.3048996925354,0,0.6613756613756614,13.494694709777832
all_stimuli,difference_row_l2,80,0,-0.005590264685451984,1,-0.004173416178673506,0,0.9285714285714286,13.494694709777832
all_stimuli,difference_residualize_norm,80,0,0.5533016324043274,1,0.47950732707977295,1,0.8888888888888888,13.494694709777832
all_stimuli,difference_raw,81,0,-4.672510147094727,1,-1.0800227522850037,0,0.8783068783068784,13.487534523010254
all_stimuli,norm_only,81,0,13.487534523010254,1,14.3048996925354,0,0.6613756613756614,13.487534523010254
all_stimuli,difference_row_l2,81,0,-0.011488135904073715,1,-0.003506721113808453,0,0.9285714285714286,13.487534523010254
all_stimuli,difference_residualize_norm,81,0,-1.5833040475845337,1,0.44691136479377747,0,0.8888888888888888,13.487534523010254
all_stimuli,difference_raw,82,0,-4.710011005401611,1,-0.17726671695709229,0,0.8835978835978836,13.123719215393066
all_stimuli,norm_only,82,0,13.123719215393066,1,14.3048996925354,0,0.6613756613756614,13.123719215393066
all_stimuli,difference_row_l2,82,0,-0.016864683479070663,1,-0.0038660323480144143,0,0.9285714285714286,13.123719215393066
all_stimuli,difference_residualize_norm,82,0,-1.1493016481399536,1,0.2412375956773758,0,0.8955026455026455,13.123719215393066
all_stimuli,difference_raw,83,0,0.6143432259559631,1,-1.7634456157684326,1,0.8849206349206349,15.742527961730957
all_stimuli,norm_only,83,0,15.742527961730957,1,14.3048996925354,1,0.6706349206349207,15.742527961730957
all_stimuli,difference_row_l2,83,0,0.0023795373272150755,1,-0.004117900505661964,1,0.9285714285714286,15.742527961730957
all_stimuli,difference_residualize_norm,83,0,0.867752194404602,1,0.21705437451601028,1,0.8955026455026455,15.742527961730957
all_stimuli,difference_raw,84,0,1.4951430559158325,1,-1.6514577865600586,1,0.8849206349206349,15.02129077911377
all_stimuli,norm_only,84,0,15.02129077911377,1,14.3048996925354,1,0.6706349206349207,15.02129077911377
all_stimuli,difference_row_l2,84,0,0.009249174036085606,1,-0.002420328790321946,1,0.9298941798941799,15.02129077911377
all_stimuli,difference_residualize_norm,84,0,2.7803051471710205,1,0.37621448934078217,1,0.8968253968253967,15.02129077911377
all_stimuli,difference_raw,85,0,3.236168622970581,1,-0.48971566557884216,1,0.8822751322751323,20.233200073242188
all_stimuli,norm_only,85,0,20.233200073242188,1,14.3048996925354,1,0.6706349206349207,20.233200073242188
all_stimuli,difference_row_l2,85,0,0.005009052809327841,1,-0.004412348149344325,1,0.9285714285714286,20.233200073242188
all_stimuli,difference_residualize_norm,85,0,-3.734232187271118,1,0.8646456003189087,0,0.8928571428571428,20.233200073242188
all_stimuli,difference_raw,86,0,-1.0427690744400024,1,-1.3528101444244385,1,0.8849206349206349,17.5921573638916
all_stimuli,norm_only,86,0,17.5921573638916,1,14.3048996925354,1,0.6706349206349207,17.5921573638916
all_stimuli,difference_row_l2,86,0,-0.0013645356521010399,1,-0.002495011896826327,1,0.9206349206349206,17.5921573638916
all_stimuli,difference_residualize_norm,86,0,-2.338250160217285,1,-0.4114192724227905,0,0.9021164021164021,17.5921573638916
all_stimuli,difference_raw,87,0,-1.8340604305267334,1,-0.30491749942302704,0,0.8822751322751323,13.851758003234863
all_stimuli,norm_only,87,0,13.851758003234863,1,14.3048996925354,0,0.6613756613756614,13.851758003234863
all_stimuli,difference_row_l2,87,0,-0.005074644461274147,1,-0.003797405632212758,0,0.9285714285714286,13.851758003234863
all_stimuli,difference_residualize_norm,87,0,0.36924707889556885,1,0.5152121186256409,0,0.8888888888888888,13.851758003234863
all_stimuli,difference_raw,88,0,-4.3438920974731445,1,-0.1446160227060318,0,0.8835978835978836,12.14892578125
all_stimuli,norm_only,88,0,12.14892578125,1,14.3048996925354,0,0.6613756613756614,12.14892578125
all_stimuli,difference_row_l2,88,0,-0.012993590906262398,1,-0.004110378213226795,0,0.9285714285714286,12.14892578125
all_stimuli,difference_residualize_norm,88,0,0.11202403157949448,1,0.32103297114372253,0,0.8875661375661376,12.14892578125
all_stimuli,difference_raw,89,0,0.8897968530654907,1,-1.6909586191177368,1,0.8849206349206349,15.896804809570312
all_stimuli,norm_only,89,0,15.896804809570312,1,14.3048996925354,1,0.6706349206349207,15.896804809570312
all_stimuli,difference_row_l2,89,0,0.00111062778159976,1,-0.0040393194649368525,1,0.9285714285714286,15.896804809570312
all_stimuli,difference_residualize_norm,89,0,-0.012205654755234718,1,0.2191367745399475,0,0.8875661375661376,15.896804809570312
all_stimuli,difference_raw,90,0,-1.3543568849563599,1,-0.11973649263381958,0,0.8835978835978836,14.462462425231934
all_stimuli,norm_only,90,0,14.462462425231934,1,14.3048996925354,1,0.6706349206349207,14.462462425231934
all_stimuli,difference_row_l2,90,0,-0.002897503087297082,1,-0.003657471970655024,1,0.9285714285714286,14.462462425231934
all_stimuli,difference_residualize_norm,90,0,0.40099814534187317,1,0.5174386650323868,0,0.8888888888888888,14.462462425231934
all_stimuli,difference_raw,91,0,-3.60465407371521,1,-0.34657609462738037,0,0.8822751322751323,12.821544647216797
all_stimuli,norm_only,91,0,12.821544647216797,1,14.3048996925354,0,0.6613756613756614,12.821544647216797
all_stimuli,difference_row_l2,91,0,-0.011433969251811504,1,-0.004092229763045907,0,0.9285714285714286,12.821544647216797
all_stimuli,difference_residualize_norm,91,0,-0.4686608910560608,1,0.2504497841000557,0,0.8955026455026455,12.821544647216797
all_stimuli,difference_raw,92,0,-3.653200387954712,1,-0.31915855407714844,0,0.8822751322751323,14.42477035522461
all_stimuli,norm_only,92,0,14.42477035522461,1,14.3048996925354,1,0.6706349206349207,14.42477035522461
all_stimuli,difference_row_l2,92,0,-0.01264624297618866,1,-0.004188078921288252,0,0.9193121693121693,14.42477035522461
all_stimuli,difference_residualize_norm,92,0,-2.1822617053985596,1,0.21553726494312286,0,0.8955026455026455,14.42477035522461
all_stimuli,difference_raw,93,1,3.9440720081329346,1,-0.17313124239444733,1,0.8829912023460411,17.050161361694336
all_stimuli,norm_only,93,1,17.050161361694336,1,14.3048996925354,1,0.6648093841642229,17.050161361694336
all_stimuli,difference_row_l2,93,1,0.012048380449414253,1,-0.003934004460461438,1,0.9293255131964809,17.050161361694336
all_stimuli,difference_residualize_norm,93,1,1.768984079360962,1,0.3857025057077408,1,0.896041055718475,17.050161361694336
all_stimuli,difference_raw,94,0,-1.3813071250915527,1,-0.38327428698539734,0,0.8822751322751323,16.237993240356445
all_stimuli,norm_only,94,0,16.237993240356445,1,14.3048996925354,1,0.6706349206349207,16.237993240356445
all_stimuli,difference_row_l2,94,0,-0.005536243319511414,1,-0.003975677420385182,0,0.9285714285714286,16.237993240356445
all_stimuli,difference_residualize_norm,94,0,-2.1645889282226562,1,-0.46486176550388336,0,0.9007936507936508,16.237993240356445
all_stimuli,difference_raw,95,0,-3.520625352859497,1,-0.18290304392576218,0,0.8835978835978836,14.289297103881836
all_stimuli,norm_only,95,0,14.289297103881836,1,14.246029376983643,1,0.6693121693121693,14.289297103881836
all_stimuli,difference_row_l2,95,0,-0.012862805277109146,1,-0.004150961292907596,0,0.9285714285714286,14.289297103881836
all_stimuli,difference_residualize_norm,95,0,-1.382739543914795,1,0.20024525374174118,0,0.8955026455026455,14.289297103881836
all_stimuli,difference_raw,96,0,-2.122727155685425,1,-0.33351004123687744,0,0.8822751322751323,13.93820571899414
all_stimuli,norm_only,96,0,13.93820571899414,1,14.3048996925354,0,0.6613756613756614,13.93820571899414
all_stimuli,difference_row_l2,96,0,-0.006667285226285458,1,-0.0035613367799669504,0,0.9285714285714286,13.93820571899414
all_stimuli,difference_residualize_norm,96,0,-0.4200209677219391,1,0.24210186302661896,0,0.8955026455026455,13.93820571899414
all_stimuli,difference_raw,97,0,-3.1803579330444336,1,-0.1204018946737051,0,0.8835978835978836,13.247218132019043
all_stimuli,norm_only,97,0,13.247218132019043,1,14.3048996925354,0,0.6613756613756614,13.247218132019043
all_stimuli,difference_row_l2,97,0,-0.010363874025642872,1,-0.004029228235594928,0,0.9285714285714286,13.247218132019043
all_stimuli,difference_residualize_norm,97,0,-0.3749966323375702,1,0.24799984693527222,0,0.8955026455026455,13.247218132019043
all_stimuli,difference_raw,98,0,-1.5369129180908203,1,-0.38097451627254486,0,0.8822751322751323,17.873779296875
all_stimuli,norm_only,98,0,17.873779296875,1,14.3048996925354,1,0.6706349206349207,17.873779296875
all_stimuli,difference_row_l2,98,0,-0.00665941322222352,1,-0.003721766173839569,0,0.9285714285714286,17.873779296875
all_stimuli,difference_residualize_norm,98,0,-2.6975932121276855,1,0.4048538953065872,0,0.8968253968253967,17.873779296875
all_stimuli,difference_raw,99,0,-5.104784965515137,1,-0.3801800012588501,0,0.8822751322751323,15.009623527526855
all_stimuli,norm_only,99,0,15.009623527526855,1,14.3048996925354,1,0.6706349206349207,15.009623527526855
all_stimuli,difference_row_l2,99,0,-0.01690298691391945,1,-0.003707023453898728,0,0.9285714285714286,15.009623527526855
all_stimuli,difference_residualize_norm,99,0,-2.5930798053741455,1,0.5028006285429001,0,0.8888888888888888,15.009623527526855
all_stimuli,difference_raw,100,0,-2.5277347564697266,1,-0.35149115324020386,0,0.8822751322751323,14.642130851745605
all_stimuli,norm_only,100,0,14.642130851745605,1,14.3048996925354,1,0.6706349206349207,14.642130851745605
all_stimuli,difference_row_l2,100,0,-0.008043781854212284,1,-0.003984592389315367,0,0.9285714285714286,14.642130851745605
all_stimuli,difference_residualize_norm,100,0,-1.2096357345581055,1,0.18296410143375397,0,0.8955026455026455,14.642130851745605
all_stimuli,difference_raw,101,0,5.0116143226623535,1,-0.24296903610229492,1,0.8835978835978836,18.534011840820312
all_stimuli,norm_only,101,0,18.534011840820312,1,14.3048996925354,1,0.6706349206349207,18.534011840820312
all_stimuli,difference_row_l2,101,0,0.013082686811685562,1,-0.0038195571396499872,1,0.9378306878306879,18.534011840820312
all_stimuli,difference_residualize_norm,101,0,0.8693380951881409,1,-0.09979819878935814,1,0.8862433862433863,18.534011840820312
all_stimuli,difference_raw,102,1,-0.7543800473213196,1,-0.3855837881565094,0,0.8819648093841642,14.418196678161621
all_stimuli,norm_only,102,1,14.418196678161621,1,14.3048996925354,1,0.6648093841642229,14.418196678161621
all_stimuli,difference_row_l2,102,1,0.0027728634886443615,1,-0.003794069983996451,1,0.9293255131964809,14.418196678161621
all_stimuli,difference_residualize_norm,102,1,0.15221980214118958,1,0.2560104876756668,0,0.8879765395894428,14.418196678161621
all_stimuli,difference_raw,103,0,1.10454523563385,1,-1.2804534435272217,1,0.8783068783068784,15.944616317749023
all_stimuli,norm_only,103,0,15.944616317749023,1,14.3048996925354,1,0.6706349206349207,15.944616317749023
all_stimuli,difference_row_l2,103,0,0.0026757821906358004,1,-0.003970967372879386,1,0.9285714285714286,15.944616317749023
all_stimuli,difference_residualize_norm,103,0,0.6653231978416443,1,0.2566915899515152,1,0.8955026455026455,15.944616317749023
all_stimuli,difference_raw,104,0,2.7839670181274414,1,-1.6625986099243164,1,0.8849206349206349,15.847850799560547
all_stimuli,norm_only,104,0,15.847850799560547,1,14.3048996925354,1,0.6706349206349207,15.847850799560547
all_stimuli,difference_row_l2,104,0,0.015809210017323494,1,-0.00399218185339123,1,0.9378306878306879,15.847850799560547
all_stimuli,difference_residualize_norm,104,0,3.4904139041900635,1,-0.05458728224039078,1,0.8955026455026455,15.847850799560547
all_stimuli,difference_raw,105,0,-4.1045989990234375,1,-0.4299910217523575,0,0.8822751322751323,17.619705200195312
all_stimuli,norm_only,105,0,17.619705200195312,1,14.3048996925354,1,0.6706349206349207,17.619705200195312
all_stimuli,difference_row_l2,105,0,-0.012318762019276619,1,-0.003816695185378194,0,0.9285714285714286,17.619705200195312
all_stimuli,difference_residualize_norm,105,0,-5.259547710418701,1,0.3296610563993454,0,0.8875661375661376,17.619705200195312
all_stimuli,difference_raw,106,0,-1.8251290321350098,1,-0.39758190512657166,0,0.8822751322751323,17.923828125
all_stimuli,norm_only,106,0,17.923828125,1,14.3048996925354,1,0.6706349206349207,17.923828125
all_stimuli,difference_row_l2,106,0,-0.002611002651974559,1,-0.0039046172751113772,1,0.9285714285714286,17.923828125
all_stimuli,difference_residualize_norm,106,0,-2.615281820297241,1,-0.15816729702055454,0,0.8862433862433863,17.923828125
all_stimuli,difference_raw,107,1,-4.236576080322266,1,-0.4521789401769638,0,0.8900293255131965,12.43564224243164
all_stimuli,norm_only,107,1,12.43564224243164,1,14.3048996925354,0,0.6728739002932551,12.43564224243164
all_stimuli,difference_row_l2,107,1,-0.012088533490896225,1,-0.0038124320562928915,0,0.9373900293255132,12.43564224243164
all_stimuli,difference_residualize_norm,107,1,-0.24761779606342316,1,0.5550823509693146,0,0.8890029325513196,12.43564224243164
all_stimuli,difference_raw,108,0,3.351956605911255,1,-1.5842445492744446,1,0.8849206349206349,18.625606536865234
all_stimuli,norm_only,108,0,18.625606536865234,1,14.3048996925354,1,0.6706349206349207,18.625606536865234
all_stimuli,difference_row_l2,108,0,0.00982979778200388,1,-0.0031333223450928926,1,0.9298941798941799,18.625606536865234
all_stimuli,difference_residualize_norm,108,0,0.6171228289604187,1,-0.3542555719614029,1,0.9021164021164021,18.625606536865234
all_stimuli,difference_raw,109,1,2.790959358215332,1,-0.1904483363032341,1,0.8910557184750734,16.985841751098633
all_stimuli,norm_only,109,1,16.985841751098633,1,14.3048996925354,1,0.6648093841642229,16.985841751098633
all_stimuli,difference_row_l2,109,1,0.011028763838112354,1,-0.0036554851103574038,1,0.9293255131964809,16.985841751098633
all_stimuli,difference_residualize_norm,109,1,0.8318653702735901,1,0.28209542483091354,1,0.896041055718475,16.985841751098633
all_stimuli,difference_raw,110,1,2.7979583740234375,1,-0.2582218647003174,1,0.8819648093841642,18.227561950683594
all_stimuli,norm_only,110,1,18.227561950683594,1,14.3048996925354,1,0.6648093841642229,18.227561950683594
all_stimuli,difference_row_l2,110,1,0.005981115624308586,1,-0.003828012035228312,1,0.9293255131964809,18.227561950683594
all_stimuli,difference_residualize_norm,110,1,-0.4039182662963867,1,-0.07272882014513016,0,0.886950146627566,18.227561950683594
all_stimuli,difference_raw,111,0,3.555209159851074,1,-0.35358351469039917,1,0.8915343915343915,17.168960571289062
all_stimuli,norm_only,111,0,17.168960571289062,1,14.3048996925354,1,0.6706349206349207,17.168960571289062
all_stimuli,difference_row_l2,111,0,0.012898057699203491,1,-0.0037706459406763315,1,0.9378306878306879,17.168960571289062
all_stimuli,difference_residualize_norm,111,0,1.45760977268219,1,0.4005734473466873,1,0.8875661375661376,17.168960571289062
all_stimuli,difference_raw,112,1,6.8253045082092285,1,-1.4221149682998657,1,0.8859237536656891,17.744216918945312
all_stimuli,norm_only,112,1,17.744216918945312,1,14.3048996925354,1,0.6648093841642229,17.744216918945312
all_stimuli,difference_row_l2,112,1,0.020106833428144455,1,-0.003390755387954414,1,0.9293255131964809,17.744216918945312
all_stimuli,difference_residualize_norm,112,1,4.1035237312316895,1,-0.6383883953094482,1,0.8919354838709678,17.744216918945312
all_stimuli,difference_raw,113,0,-3.1802003383636475,1,-1.5534635186195374,0,0.8756613756613756,16.85857582092285
all_stimuli,norm_only,113,0,16.85857582092285,1,14.3048996925354,1,0.6706349206349207,16.85857582092285
all_stimuli,difference_row_l2,113,0,-0.005731168203055859,1,-0.002984125050716102,0,0.9206349206349206,16.85857582092285
all_stimuli,difference_residualize_norm,113,0,-2.9468722343444824,1,-0.2693852335214615,0,0.9021164021164021,16.85857582092285
all_stimuli,difference_raw,114,0,-2.864525079727173,1,-0.2858109325170517,0,0.8822751322751323,17.942398071289062
all_stimuli,norm_only,114,0,17.942398071289062,1,14.3048996925354,1,0.6706349206349207,17.942398071289062
all_stimuli,difference_row_l2,114,0,-0.009956073947250843,1,-0.0038510251324623823,0,0.9206349206349206,17.942398071289062
all_stimuli,difference_residualize_norm,114,0,-5.059617042541504,1,-0.04273304343223572,0,0.8862433862433863,17.942398071289062
all_stimuli,difference_raw,115,0,0.7200928330421448,1,-1.4300405979156494,1,0.876984126984127,17.63736915588379
all_stimuli,norm_only,115,0,17.63736915588379,1,14.3048996925354,1,0.6706349206349207,17.63736915588379
all_stimuli,difference_row_l2,115,0,0.0014170423382893205,1,-0.004184717428870499,1,0.9193121693121693,17.63736915588379
all_stimuli,difference_residualize_norm,115,0,-2.5651803016662598,1,0.30922333896160126,0,0.8955026455026455,17.63736915588379
all_stimuli,difference_raw,116,0,-1.9273512363433838,1,-1.7615514397621155,0,0.8835978835978835,12.887762069702148
all_stimuli,norm_only,116,0,12.887762069702148,1,14.3048996925354,0,0.6613756613756614,12.887762069702148
all_stimuli,difference_row_l2,116,0,-0.0007605584105476737,1,-0.0037306989543139935,1,0.9285714285714286,12.887762069702148
all_stimuli,difference_residualize_norm,116,0,2.308321952819824,1,-0.07994993776082993,1,0.8955026455026455,12.887762069702148
all_stimuli,difference_raw,117,0,0.7552332282066345,1,-1.6132011413574219,1,0.8756613756613756,17.705873489379883
all_stimuli,norm_only,117,0,17.705873489379883,1,14.3048996925354,1,0.6706349206349207,17.705873489379883
all_stimuli,difference_row_l2,117,0,0.001900901785120368,1,-0.0036587921204045415,1,0.9285714285714286,17.705873489379883
all_stimuli,difference_residualize_norm,117,0,-0.8015788197517395,1,-0.47322896122932434,0,0.9007936507936508,17.705873489379883
norm_matched_subset,difference_raw,0,1,-2.807025671005249,1,-0.14327561855316162,0,0.9123303167420814,13.282755851745605
norm_matched_subset,norm_only,0,1,13.282755851745605,1,14.246029376983643,0,0.652526395173454,13.282755851745605
norm_matched_subset,difference_row_l2,0,1,-0.007452919147908688,1,-0.004798730136826634,0,0.9423076923076923,13.282755851745605
norm_matched_subset,difference_residualize_norm,0,1,0.7346320152282715,1,0.6076638102531433,1,0.9317496229260935,13.282755851745605
norm_matched_subset,difference_raw,1,1,-2.086249589920044,1,0.13046715408563614,0,0.9121417797888387,15.6383638381958
norm_matched_subset,norm_only,1,1,15.6383638381958,1,14.246029376983643,1,0.6427224736048265,15.6383638381958
norm_matched_subset,difference_row_l2,1,1,-0.00740274041891098,1,-0.004487886792048812,0,0.9423076923076923,15.6383638381958
norm_matched_subset,difference_residualize_norm,1,1,-1.410916805267334,1,0.8019137680530548,0,0.9317496229260935,15.6383638381958
norm_matched_subset,difference_raw,2,1,3.2264645099639893,1,-0.35102201253175735,1,0.9027149321266968,18.546730041503906
norm_matched_subset,norm_only,2,1,18.546730041503906,1,14.246029376983643,1,0.6427224736048265,18.546730041503906
norm_matched_subset,difference_row_l2,2,1,0.007367775309830904,1,0.00039392481403410784,1,0.9513574660633484,18.546730041503906
norm_matched_subset,difference_residualize_norm,2,1,-0.006486173253506422,1,0.6603173911571503,0,0.922134238310709,18.546730041503906
norm_matched_subset,difference_raw,3,1,0.5416080355644226,1,0.046246818732470274,1,0.9121417797888387,18.211029052734375
norm_matched_subset,norm_only,3,1,18.211029052734375,1,14.246029376983643,1,0.6427224736048265,18.211029052734375
norm_matched_subset,difference_row_l2,3,1,0.0012093196855857968,1,0.00022281629935605451,1,0.9513574660633484,18.211029052734375
norm_matched_subset,difference_residualize_norm,3,1,-1.404350996017456,1,0.7094985842704773,0,0.9317496229260935,18.211029052734375
norm_matched_subset,difference_raw,4,1,-3.860272169113159,1,-0.049679432064294815,0,0.9123303167420814,11.795202255249023
norm_matched_subset,norm_only,4,1,11.795202255249023,1,14.246029376983643,0,0.652526395173454,11.795202255249023
norm_matched_subset,difference_row_l2,4,1,-0.010319879278540611,1,0.0008569817582610995,0,0.9511689291101055,11.795202255249023
norm_matched_subset,difference_residualize_norm,4,1,-0.4042195677757263,1,0.6821558773517609,0,0.922134238310709,11.795202255249023
norm_matched_subset,difference_raw,5,1,7.928987979888916,1,-1.0892557501792908,1,0.9128959276018099,19.61471939086914
norm_matched_subset,norm_only,5,1,19.61471939086914,1,14.246029376983643,1,0.6427224736048265,19.61471939086914
norm_matched_subset,difference_row_l2,5,1,0.02206668071448803,1,8.573962259106338e-05,1,0.9513574660633484,19.61471939086914
norm_matched_subset,difference_residualize_norm,5,1,5.3140459060668945,1,-0.6307132244110107,1,0.9230769230769231,19.61471939086914
norm_matched_subset,difference_raw,6,1,5.109813690185547,1,0.05653803050518036,1,0.9217571644042233,16.815635681152344
norm_matched_subset,norm_only,6,1,16.815635681152344,1,14.246029376983643,1,0.6427224736048265,16.815635681152344
norm_matched_subset,difference_row_l2,6,1,0.01731562428176403,1,0.0004755426780320704,1,0.960972850678733,16.815635681152344
norm_matched_subset,difference_residualize_norm,6,1,3.008909225463867,1,0.7179963290691376,1,0.9317496229260935,16.815635681152344
norm_matched_subset,difference_raw,7,1,5.749058723449707,1,0.1392739568836987,1,0.9121417797888387,17.172466278076172
norm_matched_subset,norm_only,7,1,17.172466278076172,1,14.246029376983643,1,0.6427224736048265,17.172466278076172
norm_matched_subset,difference_row_l2,7,1,0.01847906969487667,1,0.0006599626503884792,1,0.9511689291101055,17.172466278076172
norm_matched_subset,difference_residualize_norm,7,1,4.29770565032959,1,0.7133171856403351,1,0.9317496229260935,17.172466278076172
norm_matched_subset,difference_raw,9,1,5.589591979980469,1,0.11970104649662971,1,0.9121417797888387,18.68638038635254
norm_matched_subset,norm_only,9,1,18.68638038635254,1,14.246029376983643,1,0.6427224736048265,18.68638038635254
norm_matched_subset,difference_row_l2,9,1,0.01447836123406887,1,0.00047816128471822594,1,0.960972850678733,18.68638038635254
norm_matched_subset,difference_residualize_norm,9,1,2.2797114849090576,1,0.7520834505558014,1,0.9317496229260935,18.68638038635254
norm_matched_subset,difference_raw,10,1,0.6750432252883911,1,0.03457408398389816,1,0.9121417797888387,14.159194946289062
norm_matched_subset,norm_only,10,1,14.159194946289062,1,14.246029376983643,0,0.652526395173454,14.159194946289062
norm_matched_subset,difference_row_l2,10,1,0.004601264372467995,1,0.0007041850476525724,1,0.9511689291101055,14.159194946289062
norm_matched_subset,difference_residualize_norm,10,1,1.954150915145874,1,0.5001352578401566,1,0.9223227752639518,14.159194946289062
norm_matched_subset,difference_raw,11,1,-0.8500032424926758,1,-1.3308809399604797,1,0.9032805429864253,15.009810447692871
norm_matched_subset,norm_only,11,1,15.009810447692871,1,14.246029376983643,1,0.6427224736048265,15.009810447692871
norm_matched_subset,difference_row_l2,11,1,-0.0047194515354931355,1,-0.004323616391047835,0,0.9423076923076923,15.009810447692871
norm_matched_subset,difference_residualize_norm,11,1,-0.39440175890922546,1,0.6149033904075623,0,0.922134238310709,15.009810447692871
norm_matched_subset,difference_raw,12,1,0.5155366659164429,1,0.05763717368245125,1,0.9121417797888387,14.383670806884766
norm_matched_subset,norm_only,12,1,14.383670806884766,1,14.246029376983643,1,0.6427224736048265,14.383670806884766
norm_matched_subset,difference_row_l2,12,1,0.005069125443696976,1,-0.004561496782116592,1,0.9423076923076923,14.383670806884766
norm_matched_subset,difference_residualize_norm,12,1,2.060486078262329,1,0.7931298613548279,1,0.9317496229260935,14.383670806884766
norm_matched_subset,difference_raw,13,1,2.021697521209717,1,-0.44824516773223877,1,0.9027149321266968,17.771865844726562
norm_matched_subset,norm_only,13,1,17.771865844726562,1,14.246029376983643,1,0.6427224736048265,17.771865844726562
norm_matched_subset,difference_row_l2,13,1,0.005195338744670153,1,0.00012608121687662788,1,0.960972850678733,17.771865844726562
norm_matched_subset,difference_residualize_norm,13,1,0.4042772352695465,1,0.6006682217121124,0,0.922134238310709,17.771865844726562
norm_matched_subset,difference_raw,14,1,-2.936981439590454,1,-0.47397902607917786,0,0.9125188536953244,14.365166664123535
norm_matched_subset,norm_only,14,1,14.365166664123535,1,14.246029376983643,1,0.6427224736048265,14.365166664123535
norm_matched_subset,difference_row_l2,14,1,-0.006734121590852737,1,-0.00437783682718873,0,0.9423076923076923,14.365166664123535
norm_matched_subset,difference_residualize_norm,14,1,-1.6516547203063965,1,0.5634827613830566,0,0.9223227752639518,14.365166664123535
norm_matched_subset,difference_raw,15,1,3.5401341915130615,1,0.15793748944997787,1,0.9121417797888387,15.655989646911621
norm_matched_subset,norm_only,15,1,15.655989646911621,1,14.246029376983643,1,0.6427224736048265,15.655989646911621
norm_matched_subset,difference_row_l2,15,1,0.013204354792833328,1,-0.004946809494867921,1,0.9423076923076923,15.655989646911621
norm_matched_subset,difference_residualize_norm,15,1,4.251557350158691,1,-0.6051040887832642,1,0.9230769230769231,15.655989646911621
norm_matched_subset,difference_raw,16,1,-0.8485972285270691,1,-1.2867319583892822,1,0.9032805429864253,15.457606315612793
norm_matched_subset,norm_only,16,1,15.457606315612793,1,14.246029376983643,1,0.6427224736048265,15.457606315612793
norm_matched_subset,difference_row_l2,16,1,-0.004191088490188122,1,-0.0044934106990695,1,0.9423076923076923,15.457606315612793
norm_matched_subset,difference_residualize_norm,16,1,-0.280081570148468,1,0.6557459533214569,0,0.922134238310709,15.457606315612793
norm_matched_subset,difference_raw,17,1,5.125538349151611,1,-1.0013636350631714,1,0.9225113122171946,18.424299240112305
norm_matched_subset,norm_only,17,1,18.424299240112305,1,14.246029376983643,1,0.6427224736048265,18.424299240112305
norm_matched_subset,difference_row_l2,17,1,0.013919992372393608,1,0.0011194637045264244,1,0.960972850678733,18.424299240112305
norm_matched_subset,difference_residualize_norm,17,1,3.5555691719055176,1,-0.6232585906982422,1,0.9230769230769231,18.424299240112305
norm_matched_subset,difference_raw,18,1,-0.9133659601211548,1,-0.014696343801915646,0,0.9121417797888387,15.11994743347168
norm_matched_subset,norm_only,18,1,15.11994743347168,1,14.246029376983643,1,0.6427224736048265,15.11994743347168
norm_matched_subset,difference_row_l2,18,1,0.0006927286740392447,1,-0.004537298926152289,1,0.9423076923076923,15.11994743347168
norm_matched_subset,difference_residualize_norm,18,1,1.2748209238052368,1,0.7379024624824524,1,0.9317496229260935,15.11994743347168
norm_matched_subset,difference_raw,20,0,-2.2927157878875732,1,0.5522224307060242,0,0.9038461538461539,14.131595611572266
norm_matched_subset,norm_only,20,0,14.131595611572266,1,14.305612087249756,0,0.6389517345399698,14.131595611572266
norm_matched_subset,difference_row_l2,20,0,-0.004859928973019123,1,0.0012434127274900675,0,0.9421191553544495,14.131595611572266
norm_matched_subset,difference_residualize_norm,20,0,-0.03999757766723633,1,0.8824435770511627,0,0.9226998491704375,14.131595611572266
norm_matched_subset,difference_raw,21,1,-1.35464608669281,1,-0.6056034564971924,0,0.9027149321266968,15.486652374267578
norm_matched_subset,norm_only,21,1,15.486652374267578,1,14.246029376983643,1,0.6427224736048265,15.486652374267578
norm_matched_subset,difference_row_l2,21,1,-0.0034276400692760944,1,-0.0043125556549057364,1,0.9423076923076923,15.486652374267578
norm_matched_subset,difference_residualize_norm,21,1,-1.1315491199493408,1,0.679531991481781,0,0.9219457013574661,15.486652374267578
norm_matched_subset,difference_raw,22,1,7.8290886878967285,1,-0.9986254572868347,1,0.9128959276018099,18.049509048461914
norm_matched_subset,norm_only,22,1,18.049509048461914,1,14.246029376983643,1,0.6427224736048265,18.049509048461914
norm_matched_subset,difference_row_l2,22,1,0.02135053090751171,1,0.0008844911935739219,1,0.960972850678733,18.049509048461914
norm_matched_subset,difference_residualize_norm,22,1,5.264218330383301,1,0.6590902507305145,1,0.922134238310709,18.049509048461914
norm_matched_subset,difference_raw,23,1,3.477102518081665,1,0.1358543075621128,1,0.9217571644042233,17.0320987701416
norm_matched_subset,norm_only,23,1,17.0320987701416,1,14.246029376983643,1,0.6427224736048265,17.0320987701416
norm_matched_subset,difference_row_l2,23,1,0.010568338446319103,1,0.00014083925088925753,1,0.9513574660633484,17.0320987701416
norm_matched_subset,difference_residualize_norm,23,1,1.673444390296936,1,0.6436550319194794,1,0.922134238310709,17.0320987701416
norm_matched_subset,difference_raw,24,1,0.7459995150566101,1,-0.5303944945335388,1,0.9027149321266968,17.698328018188477
norm_matched_subset,norm_only,24,1,17.698328018188477,1,14.246029376983643,1,0.6427224736048265,17.698328018188477
norm_matched_subset,difference_row_l2,24,1,-2.1052923329989426e-05,1,0.00028948363615199924,0,0.9513574660633484,17.698328018188477
norm_matched_subset,difference_residualize_norm,24,1,-0.6992482542991638,1,0.6099396347999573,0,0.922134238310709,17.698328018188477
norm_matched_subset,difference_raw,25,1,-1.1130532026290894,1,-1.278252899646759,1,0.9032805429864253,17.98166847229004
norm_matched_subset,norm_only,25,1,17.98166847229004,1,14.246029376983643,1,0.6427224736048265,17.98166847229004
norm_matched_subset,difference_row_l2,25,1,-0.006705721840262413,1,0.00032336001459043473,0,0.9513574660633484,17.98166847229004
norm_matched_subset,difference_residualize_norm,25,1,-2.8368937969207764,1,0.6444995403289795,0,0.9319381598793364,17.98166847229004
norm_matched_subset,difference_raw,26,1,8.236531257629395,1,-1.202976644039154,1,0.9032805429864253,20.219396591186523
norm_matched_subset,norm_only,26,1,20.219396591186523,1,14.246029376983643,1,0.6427224736048265,20.219396591186523
norm_matched_subset,difference_row_l2,26,1,0.019935933873057365,1,0.0007479617197532207,1,0.960972850678733,20.219396591186523
norm_matched_subset,difference_residualize_norm,26,1,4.707805633544922,1,-0.6731891334056854,1,0.9230769230769231,20.219396591186523
norm_matched_subset,difference_raw,27,1,3.8566203117370605,1,-1.1695286631584167,1,0.9128959276018099,15.837739944458008
norm_matched_subset,norm_only,27,1,15.837739944458008,1,14.246029376983643,1,0.6427224736048265,15.837739944458008
norm_matched_subset,difference_row_l2,27,1,0.013634332455694675,1,0.0004959929647156969,1,0.960972850678733,15.837739944458008
norm_matched_subset,difference_residualize_norm,27,1,3.6843950748443604,1,0.476858988404274,1,0.9223227752639518,15.837739944458008
norm_matched_subset,difference_raw,28,1,0.7015525102615356,1,-1.2835688591003418,1,0.9032805429864253,17.379344940185547
norm_matched_subset,norm_only,28,1,17.379344940185547,1,14.246029376983643,1,0.6427224736048265,17.379344940185547
norm_matched_subset,difference_row_l2,28,1,0.0008735915180295706,1,0.000323404667142313,1,0.9513574660633484,17.379344940185547
norm_matched_subset,difference_residualize_norm,28,1,-0.7095581293106079,1,0.32738928496837616,0,0.9127073906485671,17.379344940185547
norm_matched_subset,difference_raw,30,0,-2.0033528804779053,1,-0.7927180826663971,0,0.9127073906485671,12.157927513122559
norm_matched_subset,norm_only,30,0,12.157927513122559,1,14.305612087249756,0,0.6389517345399698,12.157927513122559
norm_matched_subset,difference_row_l2,30,0,0.00028813473181799054,1,0.0006191281572682783,0,0.9613499245852186,12.157927513122559
norm_matched_subset,difference_residualize_norm,30,0,2.0268237590789795,1,0.7117046117782593,1,0.932315233785822,12.157927513122559
norm_matched_subset,difference_raw,31,0,-3.409778118133545,1,0.16977928578853607,0,0.9034690799396682,13.487298011779785
norm_matched_subset,norm_only,31,0,13.487298011779785,1,14.305612087249756,0,0.6389517345399698,13.487298011779785
norm_matched_subset,difference_row_l2,31,0,-0.00923724565654993,1,0.0003934691776521504,0,0.9613499245852186,13.487298011779785
norm_matched_subset,difference_residualize_norm,31,0,-0.7601056098937988,1,0.8207030296325684,0,0.932315233785822,13.487298011779785
norm_matched_subset,difference_raw,32,1,4.735365390777588,1,0.0570216691121459,1,0.9217571644042233,18.47248649597168
norm_matched_subset,norm_only,32,1,18.47248649597168,1,14.246029376983643,1,0.6427224736048265,18.47248649597168
norm_matched_subset,difference_row_l2,32,1,0.013358772732317448,1,9.311009489465505e-05,1,0.9513574660633484,18.47248649597168
norm_matched_subset,difference_residualize_norm,32,1,2.2345621585845947,1,0.7128908336162567,1,0.9317496229260935,18.47248649597168
norm_matched_subset,difference_raw,33,1,4.060216426849365,1,0.1379222311079502,1,0.9121417797888387,16.126338958740234
norm_matched_subset,norm_only,33,1,16.126338958740234,1,14.246029376983643,1,0.6427224736048265,16.126338958740234
norm_matched_subset,difference_row_l2,33,1,0.014419267885386944,1,-0.004413968417793512,1,0.9423076923076923,16.126338958740234
norm_matched_subset,difference_residualize_norm,33,1,3.6985795497894287,1,0.8239057958126068,1,0.9317496229260935,16.126338958740234
norm_matched_subset,difference_raw,34,1,-3.177598714828491,1,0.07566892355680466,0,0.9219457013574661,15.163363456726074
norm_matched_subset,norm_only,34,1,15.163363456726074,1,14.246029376983643,1,0.6427224736048265,15.163363456726074
norm_matched_subset,difference_row_l2,34,1,-0.010115931741893291,1,0.00044238621194381267,0,0.9513574660633484,15.163363456726074
norm_matched_subset,difference_residualize_norm,34,1,-2.568122386932373,1,0.6350080668926239,0,0.9319381598793364,15.163363456726074
norm_matched_subset,difference_raw,35,1,-0.9656538963317871,1,-0.586085319519043,0,0.9027149321266968,16.915910720825195
norm_matched_subset,norm_only,35,1,16.915910720825195,1,14.246029376983643,1,0.6427224736048265,16.915910720825195
norm_matched_subset,difference_row_l2,35,1,-0.003660720307379961,1,-0.003722230438143015,1,0.9423076923076923,16.915910720825195
norm_matched_subset,difference_residualize_norm,35,1,-2.7131752967834473,1,0.6434747278690338,0,0.9319381598793364,16.915910720825195
norm_matched_subset,difference_raw,38,0,-1.0140233039855957,1,0.1638239473104477,0,0.9034690799396682,13.720947265625
norm_matched_subset,norm_only,38,0,13.720947265625,1,14.305612087249756,0,0.6389517345399698,13.720947265625
norm_matched_subset,difference_row_l2,38,0,-7.381331670330837e-05,1,0.0012163266947027296,0,0.9421191553544495,13.720947265625
norm_matched_subset,difference_residualize_norm,38,0,1.4405312538146973,1,0.8425350487232208,1,0.932315233785822,13.720947265625
norm_matched_subset,difference_raw,39,1,2.9021830558776855,1,-1.0645444989204407,1,0.9128959276018099,18.2309513092041
norm_matched_subset,norm_only,39,1,18.2309513092041,1,14.246029376983643,1,0.6427224736048265,18.2309513092041
norm_matched_subset,difference_row_l2,39,1,0.006055730860680342,1,0.0009875002724584192,1,0.960972850678733,18.2309513092041
norm_matched_subset,difference_residualize_norm,39,1,0.7247394919395447,1,0.6692890822887421,1,0.922134238310709,18.2309513092041
norm_matched_subset,difference_raw,40,1,-1.8548203706741333,1,-0.05475030094385147,0,0.9123303167420814,13.738384246826172
norm_matched_subset,norm_only,40,1,13.738384246826172,1,14.246029376983643,0,0.652526395173454,13.738384246826172
norm_matched_subset,difference_row_l2,40,1,-0.004377291072160006,1,-0.004843756323680282,1,0.9423076923076923,13.738384246826172
norm_matched_subset,difference_residualize_norm,40,1,0.05804542079567909,1,0.6667256951332092,0,0.922134238310709,13.738384246826172
norm_matched_subset,difference_raw,41,1,2.4458229541778564,1,-1.1067075729370117,1,0.9128959276018099,19.021514892578125
norm_matched_subset,norm_only,41,1,19.021514892578125,1,14.246029376983643,1,0.6427224736048265,19.021514892578125
norm_matched_subset,difference_row_l2,41,1,0.005730445496737957,1,0.000980302458629012,1,0.9511689291101055,19.021514892578125
norm_matched_subset,difference_residualize_norm,41,1,1.0444730520248413,1,0.7681901752948761,1,0.9317496229260935,19.021514892578125
norm_matched_subset,difference_raw,43,0,0.5545636415481567,1,-0.5829303413629532,1,0.9030920060331824,17.019458770751953
norm_matched_subset,norm_only,43,0,17.019458770751953,1,14.305612087249756,1,0.6487556561085972,17.019458770751953
norm_matched_subset,difference_row_l2,43,0,0.0029225905891507864,1,0.0006449847714975476,1,0.9419306184012066,17.019458770751953
norm_matched_subset,difference_residualize_norm,43,0,-0.04011375829577446,1,0.6014821827411652,0,0.9225113122171946,17.019458770751953
norm_matched_subset,difference_raw,45,1,4.2902398109436035,1,-0.28108325600624084,1,0.9123303167420814,18.444955825805664
norm_matched_subset,norm_only,45,1,18.444955825805664,1,14.246029376983643,1,0.6427224736048265,18.444955825805664
norm_matched_subset,difference_row_l2,45,1,0.010623278096318245,1,0.000533668149728328,1,0.960972850678733,18.444955825805664
norm_matched_subset,difference_residualize_norm,45,1,1.1782184839248657,1,0.7117148637771606,1,0.9123303167420814,18.444955825805664
norm_matched_subset,difference_raw,46,1,-3.4248080253601074,1,0.0007581422105431557,0,0.9219457013574661,12.61870002746582
norm_matched_subset,norm_only,46,1,12.61870002746582,1,14.246029376983643,0,0.652526395173454,12.61870002746582
norm_matched_subset,difference_row_l2,46,1,-0.008016946725547314,1,0.0008965105225797743,0,0.9511689291101055,12.61870002746582
norm_matched_subset,difference_residualize_norm,46,1,0.42407602071762085,1,0.7434675097465515,0,0.9317496229260935,12.61870002746582
norm_matched_subset,difference_raw,48,1,6.176840305328369,1,0.12627030164003372,1,0.9121417797888387,17.30784797668457
norm_matched_subset,norm_only,48,1,17.30784797668457,1,14.246029376983643,1,0.6427224736048265,17.30784797668457
norm_matched_subset,difference_row_l2,48,1,0.020247789099812508,1,-0.003923693904653192,1,0.9423076923076923,17.30784797668457
norm_matched_subset,difference_residualize_norm,48,1,5.067164421081543,1,0.4972124993801117,1,0.9319381598793364,17.30784797668457
norm_matched_subset,difference_raw,49,1,-0.8054717779159546,1,-0.43218791484832764,0,0.9027149321266968,14.971492767333984
norm_matched_subset,norm_only,49,1,14.971492767333984,1,14.246029376983643,1,0.6427224736048265,14.971492767333984
norm_matched_subset,difference_row_l2,49,1,-0.0021432971116155386,1,-0.004579615080729127,1,0.9423076923076923,14.971492767333984
norm_matched_subset,difference_residualize_norm,49,1,0.10858890414237976,1,0.6442704796791077,0,0.922134238310709,14.971492767333984
norm_matched_subset,difference_raw,52,1,-1.5317414999008179,1,-0.5483097732067108,0,0.9027149321266968,14.284201622009277
norm_matched_subset,norm_only,52,1,14.284201622009277,1,14.305612087249756,0,0.6523378582202112,14.284201622009277
norm_matched_subset,difference_row_l2,52,1,-0.0006970743997953832,1,-0.004218930960632861,1,0.9423076923076923,14.284201622009277
norm_matched_subset,difference_residualize_norm,52,1,-0.4091378152370453,1,0.5148908346891403,0,0.9125188536953244,14.284201622009277
norm_matched_subset,difference_raw,53,1,1.718816876411438,1,0.004130450077354908,1,0.9121417797888387,15.038444519042969
norm_matched_subset,norm_only,53,1,15.038444519042969,1,14.246029376983643,1,0.6427224736048265,15.038444519042969
norm_matched_subset,difference_row_l2,53,1,0.009662454016506672,1,-0.004322409979067743,1,0.9423076923076923,15.038444519042969
norm_matched_subset,difference_residualize_norm,53,1,2.6686880588531494,1,0.7034547328948975,1,0.9317496229260935,15.038444519042969
norm_matched_subset,difference_raw,54,1,-0.40694552659988403,1,-0.48416851460933685,1,0.9027149321266968,13.951386451721191
norm_matched_subset,norm_only,54,1,13.951386451721191,1,14.246029376983643,0,0.652526395173454,13.951386451721191
norm_matched_subset,difference_row_l2,54,1,0.0019346069311723113,1,-0.004415274714119732,1,0.9423076923076923,13.951386451721191
norm_matched_subset,difference_residualize_norm,54,1,0.7520943880081177,1,0.6034841537475586,1,0.922134238310709,13.951386451721191
norm_matched_subset,difference_raw,55,1,1.9821038246154785,1,-0.0032406598329544067,1,0.9121417797888387,17.651561737060547
norm_matched_subset,norm_only,55,1,17.651561737060547,1,14.246029376983643,1,0.6427224736048265,17.651561737060547
norm_matched_subset,difference_row_l2,55,1,0.006181835196912289,1,0.00012993798009119928,1,0.9513574660633484,17.651561737060547
norm_matched_subset,difference_residualize_norm,55,1,0.368381530046463,1,0.6881702840328217,0,0.9317496229260935,17.651561737060547
norm_matched_subset,difference_raw,56,1,-0.7047907710075378,1,-0.03882674127817154,0,0.9121417797888387,14.401068687438965
norm_matched_subset,norm_only,56,1,14.401068687438965,1,14.246029376983643,1,0.6427224736048265,14.401068687438965
norm_matched_subset,difference_row_l2,56,1,0.0034390706568956375,1,-0.004483044380322099,1,0.9423076923076923,14.401068687438965
norm_matched_subset,difference_residualize_norm,56,1,1.3624589443206787,1,0.8100787699222565,1,0.9317496229260935,14.401068687438965
norm_matched_subset,difference_raw,57,1,-0.1533246636390686,1,-0.5837247669696808,1,0.9027149321266968,17.11481285095215
norm_matched_subset,norm_only,57,1,17.11481285095215,1,14.246029376983643,1,0.6427224736048265,17.11481285095215
norm_matched_subset,difference_row_l2,57,1,0.001314720488153398,1,-0.003838904551230371,1,0.9423076923076923,17.11481285095215
norm_matched_subset,difference_residualize_norm,57,1,-1.4904474020004272,1,0.7587049603462219,0,0.922134238310709,17.11481285095215
norm_matched_subset,difference_raw,58,1,-0.5992284417152405,1,-1.3177955150604248,1,0.9032805429864253,14.321927070617676
norm_matched_subset,norm_only,58,1,14.321927070617676,1,14.246029376983643,1,0.6427224736048265,14.321927070617676
norm_matched_subset,difference_row_l2,58,1,-0.0017668235814198852,1,0.000240823323110817,0,0.9513574660633484,14.321927070617676
norm_matched_subset,difference_residualize_norm,58,1,0.4133733808994293,1,0.6990510523319244,0,0.922134238310709,14.321927070617676
norm_matched_subset,difference_raw,60,0,-4.336071014404297,1,-0.9895449876785278,0,0.9125188536953244,14.207857131958008
norm_matched_subset,norm_only,60,0,14.207857131958008,1,14.305612087249756,0,0.6389517345399698,14.207857131958008
norm_matched_subset,difference_row_l2,60,0,-0.012305794283747673,1,0.0005113775841891766,0,0.951734539969834,14.207857131958008
norm_matched_subset,difference_residualize_norm,60,0,-2.932629346847534,1,0.711791604757309,0,0.9226998491704375,14.207857131958008
norm_matched_subset,difference_raw,61,0,-2.6956052780151367,1,-0.8179610371589661,0,0.9127073906485671,12.513176918029785
norm_matched_subset,norm_only,61,0,12.513176918029785,1,14.305612087249756,0,0.6389517345399698,12.513176918029785
norm_matched_subset,difference_row_l2,61,0,-0.0030537338461726904,1,0.0005351658764993772,0,0.9613499245852186,12.513176918029785
norm_matched_subset,difference_residualize_norm,61,0,1.027830719947815,1,0.6753283441066742,1,0.9225113122171946,12.513176918029785
norm_matched_subset,difference_raw,63,0,-0.8372175693511963,1,0.017222631722688675,0,0.9130844645550529,14.196675300598145
norm_matched_subset,norm_only,63,0,14.196675300598145,1,14.305612087249756,0,0.6389517345399698,14.196675300598145
norm_matched_subset,difference_row_l2,63,0,-0.0024480142164975405,1,0.0006327364972094074,0,0.951734539969834,14.196675300598145
norm_matched_subset,difference_residualize_norm,63,0,0.5538621544837952,1,0.7344544529914856,0,0.932315233785822,14.196675300598145
norm_matched_subset,difference_raw,64,1,-0.7130202054977417,1,-1.3913549184799194,1,0.9032805429864253,13.629380226135254
norm_matched_subset,norm_only,64,1,13.629380226135254,1,14.246029376983643,0,0.652526395173454,13.629380226135254
norm_matched_subset,difference_row_l2,64,1,-0.0003765010624192655,1,-0.005129185970872641,1,0.9423076923076923,13.629380226135254
norm_matched_subset,difference_residualize_norm,64,1,1.6283488273620605,1,0.5273863971233368,1,0.9319381598793364,13.629380226135254
norm_matched_subset,difference_raw,65,0,0.10159774869680405,1,0.07846416160464287,1,0.9034690799396682,18.259859085083008
norm_matched_subset,norm_only,65,0,18.259859085083008,1,14.305612087249756,1,0.6487556561085972,18.259859085083008
norm_matched_subset,difference_row_l2,65,0,-0.0007580916862934828,1,0.00023141037672758102,0,0.9419306184012066,18.259859085083008
norm_matched_subset,difference_residualize_norm,65,0,-2.248828649520874,1,0.8123532235622406,0,0.932315233785822,18.259859085083008
norm_matched_subset,difference_raw,66,0,-1.047222375869751,1,0.47654347121715546,0,0.9036576168929109,13.2791109085083
norm_matched_subset,norm_only,66,0,13.2791109085083,1,14.305612087249756,0,0.6389517345399698,13.2791109085083
norm_matched_subset,difference_row_l2,66,0,0.0013845838839188218,1,0.000781900278525427,1,0.9613499245852186,13.2791109085083
norm_matched_subset,difference_residualize_norm,66,0,1.3815007209777832,1,0.8228929936885834,1,0.9226998491704375,13.2791109085083
norm_matched_subset,difference_raw,67,0,2.653740167617798,1,0.11937224119901657,1,0.9228883861236803,15.788501739501953
norm_matched_subset,norm_only,67,0,15.788501739501953,1,14.305612087249756,1,0.6487556561085972,15.788501739501953
norm_matched_subset,difference_row_l2,67,0,0.007921302691102028,1,0.0006532853294629604,1,0.951734539969834,15.788501739501953
norm_matched_subset,difference_residualize_norm,67,0,2.5202953815460205,1,0.8042418956756592,1,0.9226998491704375,15.788501739501953
norm_matched_subset,difference_raw,68,0,-2.6409921646118164,1,0.017287432216107845,0,0.9130844645550529,13.207392692565918
norm_matched_subset,norm_only,68,0,13.207392692565918,1,14.305612087249756,0,0.6389517345399698,13.207392692565918
norm_matched_subset,difference_row_l2,68,0,-0.008686772547662258,1,0.0008857280481606722,0,0.9421191553544495,13.207392692565918
norm_matched_subset,difference_residualize_norm,68,0,-1.0101667642593384,1,0.7110307216644287,0,0.932315233785822,13.207392692565918
norm_matched_subset,difference_raw,69,0,-1.0613023042678833,1,0.05112218298017979,0,0.9130844645550529,19.21522331237793
norm_matched_subset,norm_only,69,0,19.21522331237793,1,14.305612087249756,1,0.6487556561085972,19.21522331237793
norm_matched_subset,difference_row_l2,69,0,-0.0037044102791696787,1,0.0010288551857229322,0,0.9421191553544495,19.21522331237793
norm_matched_subset,difference_residualize_norm,69,0,-4.296642303466797,1,0.7703280746936798,0,0.932315233785822,19.21522331237793
norm_matched_subset,difference_raw,71,0,-3.717892646789551,1,-0.04802586359437555,0,0.9130844645550529,15.95573902130127
norm_matched_subset,norm_only,71,0,15.95573902130127,1,14.305612087249756,1,0.6487556561085972,15.95573902130127
norm_matched_subset,difference_row_l2,71,0,-0.014209819957613945,1,0.0006417154072551057,0,0.9421191553544495,15.95573902130127
norm_matched_subset,difference_residualize_norm,71,0,-3.533159017562866,1,0.6270147562026978,0,0.932315233785822,15.95573902130127
norm_matched_subset,difference_raw,72,0,-1.2343835830688477,1,0.25388532876968384,0,0.9034690799396682,13.803420066833496
norm_matched_subset,norm_only,72,0,13.803420066833496,1,14.305612087249756,0,0.6389517345399698,13.803420066833496
norm_matched_subset,difference_row_l2,72,0,0.0008376712212339044,1,0.0007138066866900772,1,0.9613499245852186,13.803420066833496
norm_matched_subset,difference_residualize_norm,72,0,0.28426405787467957,1,0.6992047429084778,0,0.9225113122171946,13.803420066833496
norm_matched_subset,difference_raw,73,0,-0.9978811740875244,1,-0.02151181548833847,0,0.9032805429864253,14.013850212097168
norm_matched_subset,norm_only,73,0,14.013850212097168,1,14.305612087249756,0,0.6389517345399698,14.013850212097168
norm_matched_subset,difference_row_l2,73,0,-0.0018758252263069153,1,9.68760359683074e-05,0,0.9515460030165912,14.013850212097168
norm_matched_subset,difference_residualize_norm,73,0,0.028762171044945717,1,0.7633505165576935,0,0.9225113122171946,14.013850212097168
norm_matched_subset,difference_raw,74,0,-1.5913312435150146,1,0.0816451944410801,0,0.9130844645550529,14.774965286254883
norm_matched_subset,norm_only,74,0,14.774965286254883,1,14.305612087249756,1,0.6487556561085972,14.774965286254883
norm_matched_subset,difference_row_l2,74,0,-0.005134742707014084,1,0.000488487581606023,0,0.9515460030165912,14.774965286254883
norm_matched_subset,difference_residualize_norm,74,0,-0.2760743200778961,1,0.7795050144195557,0,0.932315233785822,14.774965286254883
norm_matched_subset,difference_raw,75,0,-5.600046157836914,1,0.019906025379896164,0,0.9130844645550529,13.675613403320312
norm_matched_subset,norm_only,75,0,13.675613403320312,1,14.305612087249756,0,0.6389517345399698,13.675613403320312
norm_matched_subset,difference_row_l2,75,0,-0.02035844512283802,1,0.0005273470742395148,0,0.951734539969834,13.675613403320312
norm_matched_subset,difference_residualize_norm,75,0,-3.9239978790283203,1,0.6945865452289581,0,0.932315233785822,13.675613403320312
norm_matched_subset,difference_raw,76,1,-2.403752565383911,1,-0.6801827251911163,0,0.9027149321266968,16.58856201171875
norm_matched_subset,norm_only,76,1,16.58856201171875,1,14.246029376983643,1,0.6427224736048265,16.58856201171875
norm_matched_subset,difference_row_l2,76,1,-0.008090032264590263,1,-0.0038307298673316836,0,0.9519230769230769,16.58856201171875
norm_matched_subset,difference_residualize_norm,76,1,-3.1312777996063232,1,0.6685841977596283,0,0.9319381598793364,16.58856201171875
norm_matched_subset,difference_raw,77,0,-3.4927139282226562,1,0.2758263051509857,0,0.9132730015082956,12.81533432006836
norm_matched_subset,norm_only,77,0,12.81533432006836,1,14.305612087249756,0,0.6389517345399698,12.81533432006836
norm_matched_subset,difference_row_l2,77,0,-0.01029984001070261,1,-1.9105827959720045e-05,0,0.9515460030165912,12.81533432006836
norm_matched_subset,difference_residualize_norm,77,0,-0.963259756565094,1,0.7965294122695923,0,0.9226998491704375,12.81533432006836
norm_matched_subset,difference_raw,78,1,0.3942582905292511,1,-1.2670907378196716,1,0.9032805429864253,14.754091262817383
norm_matched_subset,norm_only,78,1,14.754091262817383,1,14.246029376983643,1,0.6427224736048265,14.754091262817383
norm_matched_subset,difference_row_l2,78,1,0.0013189036399126053,1,0.0005952294450253248,1,0.960972850678733,14.754091262817383
norm_matched_subset,difference_residualize_norm,78,1,0.6217806935310364,1,0.6860905289649963,0,0.922134238310709,14.754091262817383
norm_matched_subset,difference_raw,79,0,-4.593371868133545,1,0.01760148722678423,0,0.9130844645550529,13.131230354309082
norm_matched_subset,norm_only,79,0,13.131230354309082,1,14.305612087249756,0,0.6389517345399698,13.131230354309082
norm_matched_subset,difference_row_l2,79,0,-0.01638111285865307,1,0.0003005593898706138,0,0.9613499245852186,13.131230354309082
norm_matched_subset,difference_residualize_norm,79,0,-2.025346040725708,1,0.7552135288715363,0,0.9226998491704375,13.131230354309082
norm_matched_subset,difference_raw,80,0,-1.764251708984375,1,0.17920955270528793,0,0.9130844645550529,13.494694709777832
norm_matched_subset,norm_only,80,0,13.494694709777832,1,14.305612087249756,0,0.6389517345399698,13.494694709777832
norm_matched_subset,difference_row_l2,80,0,-0.004475994501262903,1,0.0010786219500005245,0,0.951734539969834,13.494694709777832
norm_matched_subset,difference_residualize_norm,80,0,0.347696989774704,1,0.8415156900882721,0,0.9226998491704375,13.494694709777832
norm_matched_subset,difference_raw,81,0,-3.990511417388916,1,0.5545028001070023,0,0.9038461538461539,13.487534523010254
norm_matched_subset,norm_only,81,0,13.487534523010254,1,14.305612087249756,0,0.6389517345399698,13.487534523010254
norm_matched_subset,difference_row_l2,81,0,-0.008643330074846745,1,0.00047640822594985366,0,0.9515460030165912,13.487534523010254
norm_matched_subset,difference_residualize_norm,81,0,-1.718794345855713,1,0.7639479041099548,0,0.9226998491704375,13.487534523010254
norm_matched_subset,difference_raw,82,0,-4.081182956695557,1,0.0404618444154039,0,0.9130844645550529,13.123719215393066
norm_matched_subset,norm_only,82,0,13.123719215393066,1,14.305612087249756,0,0.6389517345399698,13.123719215393066
norm_matched_subset,difference_row_l2,82,0,-0.01504084188491106,1,0.0004023470537504181,0,0.9613499245852186,13.123719215393066
norm_matched_subset,difference_residualize_norm,82,0,-1.543997049331665,1,0.7452319860458374,0,0.932315233785822,13.123719215393066
norm_matched_subset,difference_raw,83,0,0.7740896344184875,1,0.02090617991052568,1,0.9032805429864253,15.742527961730957
norm_matched_subset,norm_only,83,0,15.742527961730957,1,14.305612087249756,1,0.6487556561085972,15.742527961730957
norm_matched_subset,difference_row_l2,83,0,0.002463901648297906,1,-0.0043033643160015345,1,0.9411764705882353,15.742527961730957
norm_matched_subset,difference_residualize_norm,83,0,0.90850430727005,1,0.7199272513389587,1,0.932315233785822,15.742527961730957
norm_matched_subset,difference_raw,84,0,0.9418755173683167,1,0.664444625377655,1,0.9038461538461539,15.02129077911377
norm_matched_subset,norm_only,84,0,15.02129077911377,1,14.305612087249756,1,0.6487556561085972,15.02129077911377
norm_matched_subset,difference_row_l2,84,0,0.006943974643945694,1,0.0009407131001353264,1,0.951734539969834,15.02129077911377
norm_matched_subset,difference_residualize_norm,84,0,2.3622794151306152,1,0.6578119695186615,1,0.9225113122171946,15.02129077911377
norm_matched_subset,difference_raw,85,0,1.5434675216674805,1,-0.04912737384438515,1,0.9130844645550529,20.233200073242188
norm_matched_subset,norm_only,85,0,20.233200073242188,1,14.305612087249756,1,0.6487556561085972,20.233200073242188
norm_matched_subset,difference_row_l2,85,0,0.0005066844169050455,1,0.0009658038325142115,0,0.9421191553544495,20.233200073242188
norm_matched_subset,difference_residualize_norm,85,0,-3.9785666465759277,1,0.7311970889568329,0,0.932315233785822,20.233200073242188
norm_matched_subset,difference_raw,86,0,-1.5960347652435303,1,-1.0169612169265747,0,0.9125188536953244,17.5921573638916
norm_matched_subset,norm_only,86,0,17.5921573638916,1,14.305612087249756,1,0.6487556561085972,17.5921573638916
norm_matched_subset,difference_row_l2,86,0,-0.003709522308781743,1,0.0007629533938597888,0,0.9421191553544495,17.5921573638916
norm_matched_subset,difference_residualize_norm,86,0,-2.719550609588623,1,0.5375363230705261,0,0.9223227752639518,17.5921573638916
norm_matched_subset,difference_raw,87,0,-1.4945204257965088,1,0.15793190896511078,0,0.9034690799396682,13.851758003234863
norm_matched_subset,norm_only,87,0,13.851758003234863,1,14.305612087249756,0,0.6389517345399698,13.851758003234863
norm_matched_subset,difference_row_l2,87,0,-0.0044174352660775185,1,0.00027750327717512846,0,0.9515460030165912,13.851758003234863
norm_matched_subset,difference_residualize_norm,87,0,0.14188824594020844,1,0.8333989381790161,0,0.9226998491704375,13.851758003234863
norm_matched_subset,difference_raw,88,0,-3.2146778106689453,1,0.05467023886740208,0,0.9130844645550529,12.14892578125
norm_matched_subset,norm_only,88,0,12.14892578125,1,14.305612087249756,0,0.6389517345399698,12.14892578125
norm_matched_subset,difference_row_l2,88,0,-0.009390944615006447,1,0.00035190556081943214,0,0.9613499245852186,12.14892578125
norm_matched_subset,difference_residualize_norm,88,0,0.018816882744431496,1,0.7642580568790436,0,0.932315233785822,12.14892578125
norm_matched_subset,difference_raw,89,0,0.9680948853492737,1,-0.0006983503699302673,1,0.9130844645550529,15.896804809570312
norm_matched_subset,norm_only,89,0,15.896804809570312,1,14.305612087249756,1,0.6487556561085972,15.896804809570312
norm_matched_subset,difference_row_l2,89,0,0.0009167162352241576,1,0.0010196999064646661,0,0.9421191553544495,15.896804809570312
norm_matched_subset,difference_residualize_norm,89,0,0.12309084832668304,1,0.7706299722194672,0,0.932315233785822,15.896804809570312
norm_matched_subset,difference_raw,90,0,-1.0197724103927612,1,0.11344444938004017,0,0.9130844645550529,14.462462425231934
norm_matched_subset,norm_only,90,0,14.462462425231934,1,14.305612087249756,1,0.6487556561085972,14.462462425231934
norm_matched_subset,difference_row_l2,90,0,-0.0022266486193984747,1,0.0007467283285222948,0,0.951734539969834,14.462462425231934
norm_matched_subset,difference_residualize_norm,90,0,0.2730344831943512,1,0.7712076008319855,0,0.932315233785822,14.462462425231934
norm_matched_subset,difference_raw,91,0,-3.02272629737854,1,0.08589216694235802,0,0.9130844645550529,12.821544647216797
norm_matched_subset,norm_only,91,0,12.821544647216797,1,14.305612087249756,0,0.6389517345399698,12.821544647216797
norm_matched_subset,difference_row_l2,91,0,-0.010033592581748962,1,7.916743925306946e-05,0,0.9515460030165912,12.821544647216797
norm_matched_subset,difference_residualize_norm,91,0,-0.7301719784736633,1,0.8072199821472168,0,0.9226998491704375,12.821544647216797
norm_matched_subset,difference_raw,92,0,-3.297577381134033,1,-0.0036689992994070053,0,0.9130844645550529,14.42477035522461
norm_matched_subset,norm_only,92,0,14.42477035522461,1,14.305612087249756,1,0.6487556561085972,14.42477035522461
norm_matched_subset,difference_row_l2,92,0,-0.011809749528765678,1,0.0008582409645896405,0,0.9421191553544495,14.42477035522461
norm_matched_subset,difference_residualize_norm,92,0,-2.3765077590942383,1,0.6868109703063965,0,0.932315233785822,14.42477035522461
norm_matched_subset,difference_raw,93,1,3.798218250274658,1,0.1263425648212433,1,0.9121417797888387,17.050161361694336
norm_matched_subset,norm_only,93,1,17.050161361694336,1,14.246029376983643,1,0.6427224736048265,17.050161361694336
norm_matched_subset,difference_row_l2,93,1,0.011159119196236134,1,0.0004622709493560251,1,0.960972850678733,17.050161361694336
norm_matched_subset,difference_residualize_norm,93,1,2.038478374481201,1,0.6703411042690277,1,0.922134238310709,17.050161361694336
norm_matched_subset,difference_raw,94,0,-2.099857807159424,1,0.01000303030014038,0,0.9130844645550529,16.237993240356445
norm_matched_subset,norm_only,94,0,16.237993240356445,1,14.305612087249756,1,0.6487556561085972,16.237993240356445
norm_matched_subset,difference_row_l2,94,0,-0.007939351722598076,1,0.0010784223268274218,0,0.9421191553544495,16.237993240356445
norm_matched_subset,difference_residualize_norm,94,0,-2.5842695236206055,1,0.7242172956466675,0,0.932315233785822,16.237993240356445
norm_matched_subset,difference_raw,95,0,-3.2635209560394287,1,0.00162561796605587,0,0.9130844645550529,14.289297103881836
norm_matched_subset,norm_only,95,0,14.289297103881836,1,14.246029376983643,1,0.6485671191553545,14.289297103881836
norm_matched_subset,difference_row_l2,95,0,-0.012818960472941399,1,0.0010394806740805507,0,0.9421191553544495,14.289297103881836
norm_matched_subset,difference_residualize_norm,95,0,-1.7063673734664917,1,0.7303150594234467,0,0.932315233785822,14.289297103881836
norm_matched_subset,difference_raw,96,0,-1.9724551439285278,1,-0.03295758552849293,0,0.9130844645550529,13.93820571899414
norm_matched_subset,norm_only,96,0,13.93820571899414,1,14.305612087249756,0,0.6389517345399698,13.93820571899414
norm_matched_subset,difference_row_l2,96,0,-0.006567955017089844,1,0.0006753950146958232,0,0.951734539969834,13.93820571899414
norm_matched_subset,difference_residualize_norm,96,0,-0.7405614852905273,1,0.6752436757087708,0,0.932315233785822,13.93820571899414
norm_matched_subset,difference_raw,97,0,-2.6458187103271484,1,0.0019714422523975372,0,0.9130844645550529,13.247218132019043
norm_matched_subset,norm_only,97,0,13.247218132019043,1,14.305612087249756,0,0.6389517345399698,13.247218132019043
norm_matched_subset,difference_row_l2,97,0,-0.008969256654381752,1,0.0005865366838406771,0,0.9421191553544495,13.247218132019043
norm_matched_subset,difference_residualize_norm,97,0,-0.5328771471977234,1,0.7380112707614899,0,0.932315233785822,13.247218132019043
norm_matched_subset,difference_raw,98,0,-1.3640512228012085,1,-0.002710111439228058,0,0.9130844645550529,17.873779296875
norm_matched_subset,norm_only,98,0,17.873779296875,1,14.305612087249756,1,0.6487556561085972,17.873779296875
norm_matched_subset,difference_row_l2,98,0,-0.006445380859076977,1,0.001012391410768032,0,0.9421191553544495,17.873779296875
norm_matched_subset,difference_residualize_norm,98,0,-2.3913331031799316,1,0.7332867383956909,0,0.932315233785822,17.873779296875
norm_matched_subset,difference_raw,99,0,-4.836264610290527,1,0.011731584090739489,0,0.9130844645550529,15.009623527526855
norm_matched_subset,norm_only,99,0,15.009623527526855,1,14.305612087249756,1,0.6487556561085972,15.009623527526855
norm_matched_subset,difference_row_l2,99,0,-0.016438845545053482,1,0.0003600107738748193,0,0.9613499245852186,15.009623527526855
norm_matched_subset,difference_residualize_norm,99,0,-3.0143120288848877,1,0.7364736497402191,0,0.9226998491704375,15.009623527526855
norm_matched_subset,difference_raw,100,0,-2.11228609085083,1,0.012850459665060043,0,0.9130844645550529,14.642130851745605
norm_matched_subset,norm_only,100,0,14.642130851745605,1,14.305612087249756,1,0.6487556561085972,14.642130851745605
norm_matched_subset,difference_row_l2,100,0,-0.007337547373026609,1,0.0011004699917975813,0,0.9421191553544495,14.642130851745605
norm_matched_subset,difference_residualize_norm,100,0,-1.3200355768203735,1,0.7017073929309845,0,0.932315233785822,14.642130851745605
norm_matched_subset,difference_raw,101,0,3.801295280456543,1,0.15184588823467493,1,0.9132730015082956,18.534011840820312
norm_matched_subset,norm_only,101,0,18.534011840820312,1,14.305612087249756,1,0.6487556561085972,18.534011840820312
norm_matched_subset,difference_row_l2,101,0,0.010101181454956532,1,-0.00023987452732399106,1,0.9515460030165912,18.534011840820312
norm_matched_subset,difference_residualize_norm,101,0,1.243989109992981,1,0.7802245020866394,1,0.9130844645550529,18.534011840820312
norm_matched_subset,difference_raw,102,1,-0.672376811504364,1,0.01612035371363163,0,0.9121417797888387,14.418196678161621
norm_matched_subset,norm_only,102,1,14.418196678161621,1,14.246029376983643,1,0.6427224736048265,14.418196678161621
norm_matched_subset,difference_row_l2,102,1,0.002915270160883665,1,-0.0041722378227859735,1,0.9423076923076923,14.418196678161621
norm_matched_subset,difference_residualize_norm,102,1,0.1051635667681694,1,0.7739936411380768,0,0.922134238310709,14.418196678161621
norm_matched_subset,difference_raw,103,0,0.7443580627441406,1,-0.04325270373374224,1,0.9032805429864253,15.944616317749023
norm_matched_subset,norm_only,103,0,15.944616317749023,1,14.305612087249756,1,0.6487556561085972,15.944616317749023
norm_matched_subset,difference_row_l2,103,0,0.002105081919580698,1,0.00039397989166900516,1,0.9515460030165912,15.944616317749023
norm_matched_subset,difference_residualize_norm,103,0,0.8130173087120056,1,0.6027230322360992,1,0.9127073906485671,15.944616317749023
norm_matched_subset,difference_raw,104,0,2.783655881881714,1,0.04025118617573753,1,0.9130844645550529,15.847850799560547
norm_matched_subset,norm_only,104,0,15.847850799560547,1,14.305612087249756,1,0.6487556561085972,15.847850799560547
norm_matched_subset,difference_row_l2,104,0,0.014771703630685806,1,0.0007264768937602639,1,0.9711538461538461,15.847850799560547
norm_matched_subset,difference_residualize_norm,104,0,3.541172742843628,1,0.7430499196052551,1,0.932315233785822,15.847850799560547
norm_matched_subset,difference_raw,105,0,-4.6585187911987305,1,0.5730452537536621,0,0.9038461538461539,17.619705200195312
norm_matched_subset,norm_only,105,0,17.619705200195312,1,14.305612087249756,1,0.6487556561085972,17.619705200195312
norm_matched_subset,difference_row_l2,105,0,-0.014858582988381386,1,-0.0020701222238130867,0,0.941553544494721,17.619705200195312
norm_matched_subset,difference_residualize_norm,105,0,-5.620500087738037,1,0.6285845041275024,0,0.932315233785822,17.619705200195312
norm_matched_subset,difference_raw,106,0,-2.8415606021881104,1,-0.6159275323152542,0,0.9030920060331824,17.923828125
norm_matched_subset,norm_only,106,0,17.923828125,1,14.305612087249756,1,0.6487556561085972,17.923828125
norm_matched_subset,difference_row_l2,106,0,-0.00701759522780776,1,0.0005612799432128668,0,0.9419306184012066,17.923828125
norm_matched_subset,difference_residualize_norm,106,0,-3.371155261993408,1,0.6543154567480087,0,0.9225113122171946,17.923828125
norm_matched_subset,difference_raw,107,1,-3.63877272605896,1,-1.386374056339264,0,0.9130844645550529,12.43564224243164
norm_matched_subset,norm_only,107,1,12.43564224243164,1,14.246029376983643,0,0.652526395173454,12.43564224243164
norm_matched_subset,difference_row_l2,107,1,-0.010615990497171879,1,-0.001983927155379206,0,0.951734539969834,12.43564224243164
norm_matched_subset,difference_residualize_norm,107,1,-0.5813682079315186,1,0.7179787158966064,0,0.922134238310709,12.43564224243164
norm_matched_subset,difference_raw,108,0,2.8878448009490967,1,0.721069723367691,1,0.9038461538461539,18.625606536865234
norm_matched_subset,norm_only,108,0,18.625606536865234,1,14.305612087249756,1,0.6487556561085972,18.625606536865234
norm_matched_subset,difference_row_l2,108,0,0.0083333570510149,1,-0.00439266231842339,1,0.9509803921568627,18.625606536865234
norm_matched_subset,difference_residualize_norm,108,0,0.7788408994674683,1,0.7693037688732147,1,0.9130844645550529,18.625606536865234
norm_matched_subset,difference_raw,109,1,1.6125102043151855,1,-0.596597820520401,1,0.9027149321266968,16.985841751098633
norm_matched_subset,norm_only,109,1,16.985841751098633,1,14.246029376983643,1,0.6427224736048265,16.985841751098633
norm_matched_subset,difference_row_l2,109,1,0.006190039683133364,1,-0.0036220973124727607,1,0.9423076923076923,16.985841751098633
norm_matched_subset,difference_residualize_norm,109,1,0.23931348323822021,1,0.655975878238678,0,0.9317496229260935,16.985841751098633
norm_matched_subset,difference_raw,111,0,2.8641457557678223,1,-0.5024272501468658,1,0.9128959276018099,17.168960571289062
norm_matched_subset,norm_only,111,0,17.168960571289062,1,14.305612087249756,1,0.6487556561085972,17.168960571289062
norm_matched_subset,difference_row_l2,111,0,0.010313596576452255,1,0.0007138781365938485,1,0.951734539969834,17.168960571289062
norm_matched_subset,difference_residualize_norm,111,0,1.3812294006347656,1,0.6515421867370605,1,0.9225113122171946,17.168960571289062
norm_matched_subset,difference_raw,112,1,6.62365198135376,1,-1.084577202796936,1,0.9128959276018099,17.744216918945312
norm_matched_subset,norm_only,112,1,17.744216918945312,1,14.246029376983643,1,0.6427224736048265,17.744216918945312
norm_matched_subset,difference_row_l2,112,1,0.01957293413579464,1,0.0009804285073187202,1,0.960972850678733,17.744216918945312
norm_matched_subset,difference_residualize_norm,112,1,4.722400665283203,1,0.6738385558128357,1,0.922134238310709,17.744216918945312
norm_matched_subset,difference_raw,113,0,-3.157182455062866,1,0.42340293526649475,0,0.9036576168929109,16.85857582092285
norm_matched_subset,norm_only,113,0,16.85857582092285,1,14.305612087249756,1,0.6487556561085972,16.85857582092285
norm_matched_subset,difference_row_l2,113,0,-0.007494740653783083,1,-0.0048458019737154245,0,0.9411764705882353,16.85857582092285
norm_matched_subset,difference_residualize_norm,113,0,-3.4162793159484863,1,0.831134706735611,0,0.9226998491704375,16.85857582092285
norm_matched_subset,difference_raw,114,0,-3.7216618061065674,1,0.10054479446262121,0,0.9034690799396682,17.942398071289062
norm_matched_subset,norm_only,114,0,17.942398071289062,1,14.305612087249756,1,0.6487556561085972,17.942398071289062
norm_matched_subset,difference_row_l2,114,0,-0.012705916538834572,1,-0.0043312524212524295,0,0.9411764705882353,17.942398071289062
norm_matched_subset,difference_residualize_norm,114,0,-5.248587131500244,1,0.6807373464107513,0,0.932315233785822,17.942398071289062
norm_matched_subset,difference_raw,115,0,-0.6819446682929993,1,0.18115547019988298,0,0.9034690799396682,17.63736915588379
norm_matched_subset,norm_only,115,0,17.63736915588379,1,14.305612087249756,1,0.6487556561085972,17.63736915588379
norm_matched_subset,difference_row_l2,115,0,-0.0027528349310159683,1,-0.004697484779171646,1,0.9411764705882353,17.63736915588379
norm_matched_subset,difference_residualize_norm,115,0,-2.9857590198516846,1,0.7431551218032837,0,0.9226998491704375,17.63736915588379
norm_matched_subset,difference_raw,116,0,-0.8105357885360718,1,-0.01952379196882248,0,0.9032805429864253,12.887762069702148
norm_matched_subset,norm_only,116,0,12.887762069702148,1,14.305612087249756,0,0.6389517345399698,12.887762069702148
norm_matched_subset,difference_row_l2,116,0,0.002920582192018628,1,0.0006417835102183744,1,0.9613499245852186,12.887762069702148
norm_matched_subset,difference_residualize_norm,116,0,2.303274631500244,1,0.8999843001365662,1,0.9325037707390649,12.887762069702148
norm_matched_subset,difference_raw,117,0,-0.5267251133918762,1,-0.004509728401899338,0,0.9032805429864253,17.705873489379883
norm_matched_subset,norm_only,117,0,17.705873489379883,1,14.305612087249756,1,0.6487556561085972,17.705873489379883
norm_matched_subset,difference_row_l2,117,0,-0.002627698006108403,1,0.0001762580723152496,0,0.9515460030165912,17.705873489379883
norm_matched_subset,difference_residualize_norm,117,0,-1.6141140460968018,1,0.7251845598220825,0,0.932315233785822,17.705873489379883
