test_stimulus_index,true_label,predicted_label,correct,decoder,test_score,threshold,polarity,train_balanced_accuracy_at_threshold,common_raw_norm,difference_norm,common_orthogonalized_norm,common_dot_difference,common_cosine_difference,mean_animate_norm,mean_inanimate_norm
0,1,0,0,common_raw,118.64879608154297,135.25601196289062,1,0.6810850439882699,11.737773895263672,2.762671709060669,10.966686248779297,11.559435844421387,0.35646888613700867,12.298086166381836,11.319196701049805
0,1,1,1,common_orthogonalized,106.21771240234375,131.87474822998047,-1,0.5788856304985337,11.737773895263672,2.762671709060669,10.966686248779297,11.559435844421387,0.35646888613700867,12.298086166381836,11.319196701049805
0,1,0,0,difference_reference,8.207889556884766,11.20189094543457,1,0.8819648093841642,11.737773895263672,2.762671709060669,10.966686248779297,11.559435844421387,0.35646888613700867,12.298086166381836,11.319196701049805
0,1,0,0,norm_only,13.282755851745605,14.3048996925354,1,0.6728739002932551,11.737773895263672,2.762671709060669,10.966686248779297,11.559435844421387,0.35646888613700867,12.298086166381836,11.319196701049805
1,1,1,1,common_raw,136.16940307617188,135.12136840820312,1,0.6730205278592376,11.725540161132812,2.7536861896514893,10.989439964294434,11.26002025604248,0.34873202443122864,12.273715019226074,11.319196701049805
1,1,1,1,common_orthogonalized,122.5152587890625,132.2076416015625,-1,0.5708211143695014,11.725540161132812,2.7536861896514893,10.989439964294434,11.26002025604248,0.34873202443122864,12.273715019226074,11.319196701049805
1,1,0,0,difference_reference,9.195067405700684,11.065722942352295,1,0.873900293255132,11.725540161132812,2.7536861896514893,10.989439964294434,11.26002025604248,0.34873202443122864,12.273715019226074,11.319196701049805
1,1,1,1,norm_only,15.6383638381958,14.3048996925354,1,0.6648093841642229,11.725540161132812,2.7536861896514893,10.989439964294434,11.26002025604248,0.34873202443122864,12.273715019226074,11.319196701049805
2,1,1,1,common_raw,158.77597045898438,134.9809112548828,1,0.6730205278592376,11.709707260131836,2.7142395973205566,11.008262634277344,10.83501148223877,0.34090641140937805,12.239038467407227,11.319196701049805
2,1,0,0,common_orthogonalized,136.59788513183594,132.91138458251953,-1,0.5788856304985337,11.709707260131836,2.7142395973205566,11.008262634277344,10.83501148223877,0.34090641140937805,12.239038467407227,11.319196701049805
2,1,1,1,difference_reference,15.079663276672363,9.095940589904785,1,0.8768328445747801,11.709707260131836,2.7142395973205566,11.008262634277344,10.83501148223877,0.34090641140937805,12.239038467407227,11.319196701049805
2,1,1,1,norm_only,18.546730041503906,14.3048996925354,1,0.6648093841642229,11.709707260131836,2.7142395973205566,11.008262634277344,10.83501148223877,0.34090641140937805,12.239038467407227,11.319196701049805
3,1,1,1,common_raw,148.78053283691406,135.0322494506836,1,0.6730205278592376,11.716621398925781,2.7314822673797607,11.000048637390137,11.020503997802734,0.3443504869937897,12.25418472290039,11.319196701049805
3,1,1,1,common_orthogonalized,130.65921020507812,132.66136932373047,-1,0.5708211143695014,11.716621398925781,2.7314822673797607,11.000048637390137,11.020503997802734,0.3443504869937897,12.25418472290039,11.319196701049805
3,1,1,1,difference_reference,12.268308639526367,9.1969575881958,1,0.8768328445747801,11.716621398925781,2.7314822673797607,11.000048637390137,11.020503997802734,0.3443504869937897,12.25418472290039,11.319196701049805
3,1,1,1,norm_only,18.211029052734375,14.3048996925354,1,0.6648093841642229,11.716621398925781,2.7314822673797607,11.000048637390137,11.020503997802734,0.3443504869937897,12.25418472290039,11.319196701049805
4,1,0,0,common_raw,111.93226623535156,135.31024169921875,1,0.6810850439882699,11.7424898147583,2.77059006690979,10.959488868713379,11.681147575378418,0.35904842615127563,12.307978630065918,11.319196701049805
4,1,1,1,common_orthogonalized,101.05109405517578,131.67361450195312,-1,0.5788856304985337,11.7424898147583,2.77059006690979,10.959488868713379,11.681147575378418,0.35904842615127563,12.307978630065918,11.319196701049805
4,1,0,0,difference_reference,7.150476455688477,11.268948554992676,1,0.8900293255131965,11.7424898147583,2.77059006690979,10.959488868713379,11.681147575378418,0.35904842615127563,12.307978630065918,11.319196701049805
4,1,0,0,norm_only,11.795202255249023,14.3048996925354,1,0.6728739002932551,11.7424898147583,2.77059006690979,10.959488868713379,11.681147575378418,0.35904842615127563,12.307978630065918,11.319196701049805
5,1,1,1,common_raw,155.029296875,134.96158599853516,1,0.6730205278592376,11.71217155456543,2.686748504638672,10.993169784545898,10.855669021606445,0.34497860074043274,12.240726470947266,11.319196701049805
5,1,1,1,common_orthogonalized,125.92411804199219,132.34540557861328,-1,0.5708211143695014,11.71217155456543,2.686748504638672,10.993169784545898,10.855669021606445,0.34497860074043274,12.240726470947266,11.319196701049805
5,1,1,1,difference_reference,19.353872299194336,10.550560474395752,1,0.8819648093841642,11.71217155456543,2.686748504638672,10.993169784545898,10.855669021606445,0.34497860074043274,12.240726470947266,11.319196701049805
5,1,1,1,norm_only,19.61471939086914,14.3048996925354,1,0.6648093841642229,11.71217155456543,2.686748504638672,10.993169784545898,10.855669021606445,0.34497860074043274,12.240726470947266,11.319196701049805
6,1,1,1,common_raw,146.3010711669922,135.06470489501953,1,0.6730205278592376,11.718463897705078,2.707787275314331,10.987500190734863,11.031453132629395,0.34765419363975525,12.255078315734863,11.319196701049805
6,1,1,1,common_orthogonalized,121.2385482788086,132.2262954711914,-1,0.5708211143695014,11.718463897705078,2.707787275314331,10.987500190734863,11.031453132629395,0.34765419363975525,12.255078315734863,11.319196701049805
6,1,1,1,difference_reference,16.65790367126465,10.853614807128906,1,0.8829912023460411,11.718463897705078,2.707787275314331,10.987500190734863,11.031453132629395,0.34765419363975525,12.255078315734863,11.319196701049805
6,1,1,1,norm_only,16.815635681152344,14.3048996925354,1,0.6648093841642229,11.718463897705078,2.707787275314331,10.987500190734863,11.031453132629395,0.34765419363975525,12.255078315734863,11.319196701049805
7,1,1,1,common_raw,152.4046173095703,134.9500961303711,1,0.6730205278592376,11.714228630065918,2.7008919715881348,10.993987083435059,10.922897338867188,0.3452366888523102,12.246217727661133,11.319196701049805
7,1,1,1,common_orthogonalized,125.8772964477539,132.39350128173828,-1,0.5708211143695014,11.714228630065918,2.7008919715881348,10.993987083435059,10.922897338867188,0.3452366888523102,12.246217727661133,11.319196701049805
7,1,1,1,difference_reference,17.7161808013916,10.53451919555664,1,0.8819648093841642,11.714228630065918,2.7008919715881348,10.993987083435059,10.922897338867188,0.3452366888523102,12.246217727661133,11.319196701049805
7,1,1,1,norm_only,17.172466278076172,14.3048996925354,1,0.6648093841642229,11.714228630065918,2.7008919715881348,10.993987083435059,10.922897338867188,0.3452366888523102,12.246217727661133,11.319196701049805
8,1,1,1,common_raw,150.13308715820312,135.0565185546875,1,0.6730205278592376,11.715799331665039,2.692641496658325,10.987571716308594,10.94858455657959,0.347062349319458,12.248313903808594,11.319196701049805
8,1,1,1,common_orthogonalized,121.26456451416016,132.2536392211914,-1,0.5708211143695014,11.715799331665039,2.692641496658325,10.987571716308594,10.94858455657959,0.347062349319458,12.248313903808594,11.319196701049805
8,1,1,1,difference_reference,19.117177963256836,10.648909568786621,1,0.8819648093841642,11.715799331665039,2.692641496658325,10.987571716308594,10.94858455657959,0.347062349319458,12.248313903808594,11.319196701049805
8,1,1,1,norm_only,17.094642639160156,14.3048996925354,1,0.6648093841642229,11.715799331665039,2.692641496658325,10.987571716308594,10.94858455657959,0.347062349319458,12.248313903808594,11.319196701049805
9,1,1,1,common_raw,161.0690155029297,134.93379974365234,1,0.6730205278592376,11.708112716674805,2.6988987922668457,11.006142616271973,10.77692699432373,0.34105268120765686,12.234292030334473,11.319196701049805
9,1,0,0,common_orthogonalized,135.01150512695312,132.69379425048828,-1,0.5708211143695014,11.708112716674805,2.6988987922668457,11.006142616271973,10.77692699432373,0.34105268120765686,12.234292030334473,11.319196701049805
9,1,1,1,difference_reference,17.612079620361328,10.561802864074707,1,0.8910557184750734,11.708112716674805,2.6988987922668457,11.006142616271973,10.77692699432373,0.34105268120765686,12.234292030334473,11.319196701049805
9,1,1,1,norm_only,18.68638038635254,14.3048996925354,1,0.6648093841642229,11.708112716674805,2.6988987922668457,11.006142616271973,10.77692699432373,0.34105268120765686,12.234292030334473,11.319196701049805
10,1,0,0,common_raw,132.82225036621094,135.0797119140625,1,0.6810850439882699,11.727964401245117,2.74038028717041,10.979345321655273,11.298599243164062,0.3515532314777374,12.276857376098633,11.319196701049805
10,1,1,1,common_orthogonalized,115.04358673095703,132.29186248779297,-1,0.5788856304985337,11.727964401245117,2.74038028717041,10.979345321655273,11.298599243164062,0.3515532314777374,12.276857376098633,11.319196701049805
10,1,1,1,difference_reference,11.816704750061035,10.874773502349854,1,0.8819648093841642,11.727964401245117,2.74038028717041,10.979345321655273,11.298599243164062,0.3515532314777374,12.276857376098633,11.319196701049805
10,1,0,0,norm_only,14.159194946289062,14.3048996925354,1,0.6728739002932551,11.727964401245117,2.74038028717041,10.979345321655273,11.298599243164062,0.3515532314777374,12.276857376098633,11.319196701049805
11,1,1,1,common_raw,141.92201232910156,135.0300750732422,1,0.6730205278592376,11.721636772155762,2.749929428100586,10.99623966217041,11.163320541381836,0.3463248014450073,12.265833854675293,11.319196701049805
11,1,1,1,common_orthogonalized,127.17255401611328,132.49571990966797,-1,0.5708211143695014,11.721636772155762,2.749929428100586,10.99623966217041,11.163320541381836,0.3463248014450073,12.265833854675293,11.319196701049805
11,1,0,0,difference_reference,9.991399765014648,10.068235397338867,1,0.8788856304985337,11.721636772155762,2.749929428100586,10.99623966217041,11.163320541381836,0.3463248014450073,12.265833854675293,11.319196701049805
11,1,1,1,norm_only,15.009810447692871,14.3048996925354,1,0.6648093841642229,11.721636772155762,2.749929428100586,10.99623966217041,11.163320541381836,0.3463248014450073,12.265833854675293,11.319196701049805
12,1,0,0,common_raw,128.3373565673828,135.09619903564453,1,0.6810850439882699,11.731030464172363,2.7430944442749023,10.973770141601562,11.374239921569824,0.3534642159938812,12.283016204833984,11.319196701049805
12,1,1,1,common_orthogonalized,111.2506103515625,132.09400177001953,-1,0.5788856304985337,11.731030464172363,2.7430944442749023,10.973770141601562,11.374239921569824,0.3534642159938812,12.283016204833984,11.319196701049805
12,1,1,1,difference_reference,11.303650856018066,10.98140573501587,1,0.8819648093841642,11.731030464172363,2.7430944442749023,10.973770141601562,11.374239921569824,0.3534642159938812,12.283016204833984,11.319196701049805
12,1,1,1,norm_only,14.383670806884766,14.3048996925354,1,0.6648093841642229,11.731030464172363,2.7430944442749023,10.973770141601562,11.374239921569824,0.3534642159938812,12.283016204833984,11.319196701049805
13,1,1,1,common_raw,150.847900390625,135.0444107055664,1,0.6730205278592376,11.715243339538574,2.7222542762756348,10.999611854553223,10.975605964660645,0.344150573015213,12.250518798828125,11.319196701049805
13,1,1,1,common_orthogonalized,130.17843627929688,132.61093139648438,-1,0.5708211143695014,11.715243339538574,2.7222542762756348,10.999611854553223,10.975605964660645,0.344150573015213,12.250518798828125,11.319196701049805
13,1,1,1,difference_reference,13.955914497375488,9.361202239990234,1,0.8768328445747801,11.715243339538574,2.7222542762756348,10.999611854553223,10.975605964660645,0.344150573015213,12.250518798828125,11.319196701049805
13,1,1,1,norm_only,17.771865844726562,14.3048996925354,1,0.6648093841642229,11.715243339538574,2.7222542762756348,10.999611854553223,10.975605964660645,0.344150573015213,12.250518798828125,11.319196701049805
14,1,0,0,common_raw,127.5370101928711,135.20680236816406,1,0.6810850439882699,11.73158073425293,2.7595160007476807,10.978811264038086,11.409772872924805,0.3524419069290161,12.285910606384277,11.319196701049805
14,1,1,1,common_orthogonalized,114.79090118408203,132.2683334350586,-1,0.5788856304985337,11.73158073425293,2.7595160007476807,10.978811264038086,11.409772872924805,0.3524419069290161,12.285910606384277,11.319196701049805
14,1,0,0,difference_reference,8.506790161132812,11.05786943435669,1,0.8900293255131965,11.73158073425293,2.7595160007476807,10.978811264038086,11.409772872924805,0.3524419069290161,12.285910606384277,11.319196701049805
14,1,1,1,norm_only,14.365166664123535,14.3048996925354,1,0.6648093841642229,11.73158073425293,2.7595160007476807,10.978811264038086,11.409772872924805,0.3524419069290161,12.285910606384277,11.319196701049805
15,1,0,0,common_raw,134.36514282226562,135.23367309570312,1,0.6730205278592376,11.726780891418457,2.727595090866089,10.977054595947266,11.253334045410156,0.3518216013908386,12.27316951751709,11.319196701049805
15,1,1,1,common_orthogonalized,113.75762176513672,132.13091278076172,-1,0.5788856304985337,11.726780891418457,2.727595090866089,10.977054595947266,11.253334045410156,0.3518216013908386,12.27316951751709,11.319196701049805
15,1,1,1,difference_reference,13.623967170715332,10.301526546478271,1,0.8799120234604105,11.726780891418457,2.727595090866089,10.977054595947266,11.253334045410156,0.3518216013908386,12.27316951751709,11.319196701049805
15,1,1,1,norm_only,15.655989646911621,14.3048996925354,1,0.6648093841642229,11.726780891418457,2.727595090866089,10.977054595947266,11.253334045410156,0.3518216013908386,12.27316951751709,11.319196701049805
16,1,1,1,common_raw,140.18569946289062,135.02165985107422,1,0.6730205278592376,11.722792625427246,2.7462687492370605,10.992498397827148,11.185407638549805,0.3474383056163788,12.267634391784668,11.319196701049805
16,1,1,1,common_orthogonalized,124.6058578491211,132.42655181884766,-1,0.5708211143695014,11.722792625427246,2.7462687492370605,10.992498397827148,11.185407638549805,0.3474383056163788,12.267634391784668,11.319196701049805
16,1,0,0,difference_reference,10.505043983459473,10.854238986968994,1,0.8819648093841642,11.722792625427246,2.7462687492370605,10.992498397827148,11.185407638549805,0.3474383056163788,12.267634391784668,11.319196701049805
16,1,1,1,norm_only,15.457606315612793,14.3048996925354,1,0.6648093841642229,11.722792625427246,2.7462687492370605,10.992498397827148,11.185407638549805,0.3474383056163788,12.267634391784668,11.319196701049805
17,1,1,1,common_raw,153.4762420654297,135.12075805664062,1,0.6649560117302054,11.713367462158203,2.708799362182617,10.998690605163574,10.913408279418945,0.3439551293849945,12.245442390441895,11.319196701049805
17,1,1,1,common_orthogonalized,129.6331787109375,132.4059295654297,-1,0.5627565982404692,11.713367462158203,2.708799362182617,10.998690605163574,10.913408279418945,0.3439551293849945,12.245442390441895,11.319196701049805
17,1,1,1,difference_reference,16.03080940246582,9.944325923919678,1,0.8879765395894428,11.713367462158203,2.708799362182617,10.998690605163574,10.913408279418945,0.3439551293849945,12.245442390441895,11.319196701049805
17,1,1,1,norm_only,18.424299240112305,14.3048996925354,1,0.6648093841642229,11.713367462158203,2.708799362182617,10.998690605163574,10.913408279418945,0.3439551293849945,12.245442390441895,11.319196701049805
18,1,0,0,common_raw,125.43767547607422,135.2508316040039,1,0.6810850439882699,11.732962608337402,2.7444589138031006,10.970102310180664,11.421467781066895,0.35469698905944824,12.28686237335205,11.319196701049805
18,1,1,1,common_orthogonalized,108.91455841064453,131.93804931640625,-1,0.5788856304985337,11.732962608337402,2.7444589138031006,10.970102310180664,11.421467781066895,0.35469698905944824,12.28686237335205,11.319196701049805
18,1,0,0,difference_reference,10.896413803100586,11.06214189529419,1,0.8819648093841642,11.732962608337402,2.7444589138031006,10.970102310180664,11.421467781066895,0.35469698905944824,12.28686237335205,11.319196701049805
18,1,1,1,norm_only,15.11994743347168,14.3048996925354,1,0.6648093841642229,11.732962608337402,2.7444589138031006,10.970102310180664,11.421467781066895,0.35469698905944824,12.28686237335205,11.319196701049805
19,1,1,1,common_raw,163.0240478515625,134.99137115478516,1,0.6730205278592376,11.706391334533691,2.6655826568603516,10.997753143310547,10.691959381103516,0.34264320135116577,12.227343559265137,11.319196701049805
19,1,1,1,common_orthogonalized,129.818359375,132.61582946777344,-1,0.5708211143695014,11.706391334533691,2.6655826568603516,10.997753143310547,10.691959381103516,0.34264320135116577,12.227343559265137,11.319196701049805
19,1,1,1,difference_reference,22.06682014465332,10.478197574615479,1,0.8910557184750734,11.706391334533691,2.6655826568603516,10.997753143310547,10.691959381103516,0.34264320135116577,12.227343559265137,11.319196701049805
19,1,1,1,norm_only,21.99540901184082,14.3048996925354,1,0.6648093841642229,11.706391334533691,2.6655826568603516,10.997753143310547,10.691959381103516,0.34264320135116577,12.227343559265137,11.319196701049805
20,0,0,1,common_raw,120.77603149414062,135.17792510986328,1,0.671957671957672,11.729604721069336,2.7270429134368896,11.025424003601074,10.916247367858887,0.34126994013786316,12.262099266052246,11.336958885192871
20,0,1,0,common_orthogonalized,108.48786926269531,133.21478271484375,-1,0.5740740740740741,11.729604721069336,2.7270429134368896,11.025424003601074,10.916247367858887,0.34126994013786316,12.262099266052246,11.336958885192871
20,0,0,1,difference_reference,8.371379852294922,9.052207946777344,1,0.8835978835978835,11.729604721069336,2.7270429134368896,11.025424003601074,10.916247367858887,0.34126994013786316,12.262099266052246,11.336958885192871
20,0,0,1,norm_only,14.131595611572266,14.3048996925354,1,0.6613756613756614,11.729604721069336,2.7270429134368896,11.025424003601074,10.916247367858887,0.34126994013786316,12.262099266052246,11.336958885192871
21,1,1,1,common_raw,135.3009490966797,135.16548919677734,1,0.6730205278592376,11.726151466369629,2.7497096061706543,10.986689567565918,11.268866539001465,0.34949254989624023,12.274435997009277,11.319196701049805
21,1,1,1,common_orthogonalized,120.52860260009766,132.19995880126953,-1,0.5708211143695014,11.726151466369629,2.7497096061706543,10.986689567565918,11.268866539001465,0.34949254989624023,12.274435997009277,11.319196701049805
21,1,1,1,difference_reference,9.911577224731445,9.513883113861084,1,0.8768328445747801,11.726151466369629,2.7497096061706543,10.986689567565918,11.268866539001465,0.34949254989624023,12.274435997009277,11.319196701049805
21,1,1,1,norm_only,15.486652374267578,14.3048996925354,1,0.6648093841642229,11.726151466369629,2.7497096061706543,10.986689567565918,11.268866539001465,0.34949254989624023,12.274435997009277,11.319196701049805
22,1,1,1,common_raw,161.89694213867188,134.83184814453125,1,0.6730205278592376,11.707606315612793,2.6901659965515137,11.004084587097168,10.753329277038574,0.3414253294467926,12.2323637008667,11.319196701049805
22,1,0,0,common_orthogonalized,133.2794189453125,132.862548828125,-1,0.5708211143695014,11.707606315612793,2.6901659965515137,11.004084587097168,10.753329277038574,0.3414253294467926,12.2323637008667,11.319196701049805
22,1,1,1,difference_reference,19.259628295898438,9.354599475860596,1,0.8859237536656891,11.707606315612793,2.6901659965515137,11.004084587097168,10.753329277038574,0.3414253294467926,12.2323637008667,11.319196701049805
22,1,1,1,norm_only,18.049509048461914,14.3048996925354,1,0.6648093841642229,11.707606315612793,2.6901659965515137,11.004084587097168,10.753329277038574,0.3414253294467926,12.2323637008667,11.319196701049805
23,1,1,1,common_raw,156.41383361816406,134.9953155517578,1,0.6730205278592376,11.711481094360352,2.7126495838165283,11.00401782989502,10.874458312988281,0.3422962427139282,12.242259979248047,11.319196701049805
23,1,0,0,common_orthogonalized,133.0913543701172,132.80852508544922,-1,0.5708211143695014,11.711481094360352,2.7126495838165283,11.00401782989502,10.874458312988281,0.3422962427139282,12.242259979248047,11.319196701049805
23,1,1,1,difference_reference,15.78171157836914,10.668643474578857,1,0.8910557184750734,11.711481094360352,2.7126495838165283,11.00401782989502,10.874458312988281,0.3422962427139282,12.242259979248047,11.319196701049805
23,1,1,1,norm_only,17.0320987701416,14.3048996925354,1,0.6648093841642229,11.711481094360352,2.7126495838165283,11.00401782989502,10.874458312988281,0.3422962427139282,12.242259979248047,11.319196701049805
24,1,1,1,common_raw,157.31689453125,134.9371795654297,1,0.6730205278592376,11.710796356201172,2.731902837753296,11.012197494506836,10.884594917297363,0.3402206003665924,12.243088722229004,11.319196701049805
24,1,0,0,common_orthogonalized,139.3119659423828,133.0604476928711,-1,0.5788856304985337,11.710796356201172,2.731902837753296,11.012197494506836,10.884594917297363,0.3402206003665924,12.243088722229004,11.319196701049805
24,1,1,1,difference_reference,12.345529556274414,10.521161556243896,1,0.8819648093841642,11.710796356201172,2.731902837753296,11.012197494506836,10.884594917297363,0.3402206003665924,12.243088722229004,11.319196701049805
24,1,1,1,norm_only,17.698328018188477,14.3048996925354,1,0.6648093841642229,11.710796356201172,2.731902837753296,11.012197494506836,10.884594917297363,0.3402206003665924,12.243088722229004,11.319196701049805
25,1,1,1,common_raw,156.1011505126953,134.97710418701172,1,0.6730205278592376,11.711605072021484,2.739147663116455,11.013057708740234,10.91345500946045,0.3401969373226166,12.245445251464844,11.319196701049805
25,1,0,0,common_orthogonalized,140.04959106445312,133.03522491455078,-1,0.5788856304985337,11.711605072021484,2.739147663116455,11.013057708740234,10.91345500946045,0.3401969373226166,12.245445251464844,11.319196701049805
25,1,1,1,difference_reference,11.035295486450195,10.600083351135254,1,0.8819648093841642,11.711605072021484,2.739147663116455,11.013057708740234,10.91345500946045,0.3401969373226166,12.245445251464844,11.319196701049805
25,1,1,1,norm_only,17.98166847229004,14.3048996925354,1,0.6648093841642229,11.711605072021484,2.739147663116455,11.013057708740234,10.91345500946045,0.3401969373226166,12.245445251464844,11.319196701049805
26,1,1,1,common_raw,168.6088104248047,134.99905395507812,1,0.6649560117302054,11.702751159667969,2.6833748817443848,11.01180648803711,10.630552291870117,0.33852168917655945,12.222321510314941,11.319196701049805
26,1,0,0,common_orthogonalized,139.49317932128906,132.9664306640625,-1,0.5788856304985337,11.702751159667969,2.6833748817443848,11.01180648803711,10.630552291870117,0.33852168917655945,12.222321510314941,11.319196701049805
26,1,1,1,difference_reference,19.721176147460938,9.677592754364014,1,0.8879765395894428,11.702751159667969,2.6833748817443848,11.01180648803711,10.630552291870117,0.33852168917655945,12.222321510314941,11.319196701049805
26,1,1,1,norm_only,20.219396591186523,14.3048996925354,1,0.6648093841642229,11.702751159667969,2.6833748817443848,11.01180648803711,10.630552291870117,0.33852168917655945,12.222321510314941,11.319196701049805
27,1,1,1,common_raw,143.1818389892578,135.01399993896484,1,0.6730205278592376,11.720699310302734,2.719527244567871,10.98708724975586,11.099771499633789,0.3482307195663452,12.260651588439941,11.319196701049805
27,1,1,1,common_orthogonalized,120.75936126708984,132.22523498535156,-1,0.5708211143695014,11.720699310302734,2.719527244567871,10.98708724975586,11.099771499633789,0.3482307195663452,12.260651588439941,11.319196701049805
27,1,1,1,difference_reference,14.94018268585205,10.68645191192627,1,0.8819648093841642,11.720699310302734,2.719527244567871,10.98708724975586,11.099771499633789,0.3482307195663452,12.260651588439941,11.319196701049805
27,1,1,1,norm_only,15.837739944458008,14.3048996925354,1,0.6648093841642229,11.720699310302734,2.719527244567871,10.98708724975586,11.099771499633789,0.3482307195663452,12.260651588439941,11.319196701049805
28,1,1,1,common_raw,150.32958984375,135.0379867553711,1,0.6730205278592376,11.71563720703125,2.7313599586486816,11.00204849243164,10.99727725982666,0.34366896748542786,12.252288818359375,11.319196701049805
28,1,1,1,common_orthogonalized,131.86239624023438,132.6477813720703,-1,0.5708211143695014,11.71563720703125,2.7313599586486816,11.00204849243164,10.99727725982666,0.34366896748542786,12.252288818359375,11.319196701049805
28,1,1,1,difference_reference,12.527769088745117,10.669861793518066,1,0.8819648093841642,11.71563720703125,2.7313599586486816,11.00204849243164,10.99727725982666,0.34366896748542786,12.252288818359375,11.319196701049805
28,1,1,1,norm_only,17.379344940185547,14.3048996925354,1,0.6648093841642229,11.71563720703125,2.7313599586486816,11.00204849243164,10.99727725982666,0.34366896748542786,12.252288818359375,11.319196701049805
29,1,1,1,common_raw,177.60589599609375,134.86682891845703,1,0.6730205278592376,11.696441650390625,2.7014336585998535,11.030800819396973,10.507233619689941,0.3325372636318207,12.212227821350098,11.319196701049805
29,1,0,0,common_orthogonalized,154.00057983398438,133.5207061767578,-1,0.5708211143695014,11.696441650390625,2.7014336585998535,11.030800819396973,10.507233619689941,0.3325372636318207,12.212227821350098,11.319196701049805
29,1,1,1,difference_reference,16.394960403442383,8.600678443908691,1,0.8848973607038124,11.696441650390625,2.7014336585998535,11.030800819396973,10.507233619689941,0.3325372636318207,12.212227821350098,11.319196701049805
29,1,1,1,norm_only,21.153696060180664,14.3048996925354,1,0.6648093841642229,11.696441650390625,2.7014336585998535,11.030800819396973,10.507233619689941,0.3325372636318207,12.212227821350098,11.319196701049805
30,0,0,1,common_raw,104.33019256591797,135.3243179321289,1,0.671957671957672,11.742769241333008,2.7241554260253906,11.077902793884277,10.611181259155273,0.33171212673187256,12.262099266052246,11.363835334777832
30,0,1,0,common_orthogonalized,93.65470886230469,134.3688201904297,-1,0.5661375661375662,11.742769241333008,2.7241554260253906,11.077902793884277,10.611181259155273,0.33171212673187256,12.262099266052246,11.363835334777832
30,0,0,1,difference_reference,7.465989112854004,9.696426391601562,1,0.8888888888888888,11.742769241333008,2.7241554260253906,11.077902793884277,10.611181259155273,0.33171212673187256,12.262099266052246,11.363835334777832
30,0,0,1,norm_only,12.157927513122559,14.3048996925354,1,0.6613756613756614,11.742769241333008,2.7241554260253906,11.077902793884277,10.611181259155273,0.33171212673187256,12.262099266052246,11.363835334777832
31,0,0,1,common_raw,118.04660034179688,135.1875991821289,1,0.671957671957672,11.73182487487793,2.7185328006744385,11.028639793395996,10.875763893127441,0.3410041034221649,12.262099266052246,11.340527534484863
31,0,1,0,common_orthogonalized,107.81107330322266,133.3432159423828,-1,0.5740740740740741,11.73182487487793,2.7185328006744385,11.028639793395996,10.875763893127441,0.3410041034221649,12.262099266052246,11.340527534484863
31,0,0,1,difference_reference,6.955358505249023,10.658874034881592,1,0.8915343915343915,11.73182487487793,2.7185328006744385,11.028639793395996,10.875763893127441,0.3410041034221649,12.262099266052246,11.340527534484863
31,0,0,1,norm_only,13.487298011779785,14.3048996925354,1,0.6613756613756614,11.73182487487793,2.7185328006744385,11.028639793395996,10.875763893127441,0.3410041034221649,12.262099266052246,11.340527534484863
32,1,1,1,common_raw,154.42271423339844,135.00558471679688,1,0.6730205278592376,11.712712287902832,2.7079687118530273,10.99976921081543,10.89690113067627,0.3435594439506531,12.24409294128418,11.319196701049805
32,1,1,1,common_orthogonalized,130.41522216796875,132.64346313476562,-1,0.5708211143695014,11.712712287902832,2.7079687118530273,10.99976921081543,10.89690113067627,0.3435594439506531,12.24409294128418,11.319196701049805
32,1,1,1,difference_reference,16.155908584594727,10.769826889038086,1,0.8829912023460411,11.712712287902832,2.7079687118530273,10.99976921081543,10.89690113067627,0.3435594439506531,12.24409294128418,11.319196701049805
32,1,1,1,norm_only,18.47248649597168,14.3048996925354,1,0.6648093841642229,11.712712287902832,2.7079687118530273,10.99976921081543,10.89690113067627,0.3435594439506531,12.24409294128418,11.319196701049805
33,1,1,1,common_raw,145.55169677734375,135.03785705566406,1,0.6730205278592376,11.719042778015137,2.716257095336914,10.98940658569336,11.056503295898438,0.3473399877548218,12.257122039794922,11.319196701049805
33,1,1,1,common_orthogonalized,122.44850158691406,132.21774291992188,-1,0.5708211143695014,11.719042778015137,2.716257095336914,10.98940658569336,11.056503295898438,0.3473399877548218,12.257122039794922,11.319196701049805
33,1,1,1,difference_reference,15.416855812072754,10.650146484375,1,0.8819648093841642,11.719042778015137,2.716257095336914,10.98940658569336,11.056503295898438,0.3473399877548218,12.257122039794922,11.319196701049805
33,1,1,1,norm_only,16.126338958740234,14.3048996925354,1,0.6648093841642229,11.719042778015137,2.716257095336914,10.98940658569336,11.056503295898438,0.3473399877548218,12.257122039794922,11.319196701049805
34,1,0,0,common_raw,134.62353515625,135.1714324951172,1,0.6730205278592376,11.726644515991211,2.761050224304199,10.989819526672363,11.296059608459473,0.3488822877407074,12.276650428771973,11.319196701049805
34,1,1,1,common_orthogonalized,122.6893310546875,132.2600326538086,-1,0.5708211143695014,11.726644515991211,2.761050224304199,10.989819526672363,11.296059608459473,0.3488822877407074,12.276650428771973,11.319196701049805
34,1,0,0,difference_reference,8.054076194763184,10.971274852752686,1,0.8900293255131965,11.726644515991211,2.761050224304199,10.989819526672363,11.296059608459473,0.3488822877407074,12.276650428771973,11.319196701049805
34,1,1,1,norm_only,15.163363456726074,14.3048996925354,1,0.6648093841642229,11.726644515991211,2.761050224304199,10.989819526672363,11.296059608459473,0.3488822877407074,12.276650428771973,11.319196701049805
35,1,1,1,common_raw,147.30081176757812,135.04421997070312,1,0.6730205278592376,11.717766761779785,2.7397758960723877,11.000636100769043,11.058673858642578,0.3444634675979614,12.257299423217773,11.319196701049805
35,1,1,1,common_orthogonalized,130.75856018066406,132.8870391845703,-1,0.5708211143695014,11.717766761779785,2.7397758960723877,11.000636100769043,11.058673858642578,0.3444634675979614,12.257299423217773,11.319196701049805
35,1,1,1,difference_reference,11.228507995605469,10.821568965911865,1,0.8819648093841642,11.717766761779785,2.7397758960723877,11.000636100769043,11.058673858642578,0.3444634675979614,12.257299423217773,11.319196701049805
35,1,1,1,norm_only,16.915910720825195,14.3048996925354,1,0.6648093841642229,11.717766761779785,2.7397758960723877,11.000636100769043,11.058673858642578,0.3444634675979614,12.257299423217773,11.319196701049805
36,1,0,0,common_raw,120.23316955566406,135.2854766845703,1,0.6810850439882699,11.736564636230469,2.758868932723999,10.967841148376465,11.525815963745117,0.3559587299823761,12.295351028442383,11.319196701049805
36,1,1,1,common_orthogonalized,107.34688568115234,131.5976104736328,-1,0.5708211143695014,11.736564636230469,2.758868932723999,10.967841148376465,11.525815963745117,0.3559587299823761,12.295351028442383,11.319196701049805
36,1,0,0,difference_reference,8.509764671325684,11.185718059539795,1,0.8819648093841642,11.736564636230469,2.758868932723999,10.967841148376465,11.525815963745117,0.3559587299823761,12.295351028442383,11.319196701049805
36,1,1,1,norm_only,14.822590827941895,14.3048996925354,1,0.6648093841642229,11.736564636230469,2.758868932723999,10.967841148376465,11.525815963745117,0.3559587299823761,12.295351028442383,11.319196701049805
37,0,0,1,common_raw,100.51415252685547,135.36514282226562,1,0.671957671957672,11.74587631225586,2.7063939571380615,11.078544616699219,10.562362670898438,0.3322650194168091,12.262099266052246,11.368130683898926
37,0,1,0,common_orthogonalized,93.85623931884766,134.52523803710938,-1,0.5648148148148148,11.74587631225586,2.7063939571380615,11.078544616699219,10.562362670898438,0.3322650194168091,12.262099266052246,11.368130683898926
37,0,0,1,difference_reference,4.616990566253662,9.632593154907227,1,0.8888888888888888,11.74587631225586,2.7063939571380615,11.078544616699219,10.562362670898438,0.3322650194168091,12.262099266052246,11.368130683898926
37,0,0,1,norm_only,11.017495155334473,14.3048996925354,1,0.6613756613756614,11.74587631225586,2.7063939571380615,11.078544616699219,10.562362670898438,0.3322650194168091,12.262099266052246,11.368130683898926
38,0,0,1,common_raw,122.09056091308594,135.12210845947266,1,0.671957671957672,11.728610038757324,2.733919382095337,11.026162147521973,10.93022346496582,0.3408762812614441,12.262099266052246,11.335723876953125
38,0,1,0,common_orthogonalized,108.52058410644531,133.25025939941406,-1,0.5740740740740741,11.728610038757324,2.733919382095337,11.026162147521973,10.93022346496582,0.3408762812614441,12.262099266052246,11.335723876953125
38,0,0,1,difference_reference,9.279435157775879,10.765116691589355,1,0.8915343915343915,11.728610038757324,2.733919382095337,11.026162147521973,10.93022346496582,0.3408762812614441,12.262099266052246,11.335723876953125
38,0,0,1,norm_only,13.720947265625,14.3048996925354,1,0.6613756613756614,11.728610038757324,2.733919382095337,11.026162147521973,10.93022346496582,0.3408762812614441,12.262099266052246,11.335723876953125
39,1,1,1,common_raw,155.76026916503906,134.8540496826172,1,0.6730205278592376,11.711813926696777,2.7203855514526367,11.006071090698242,10.892757415771484,0.341887503862381,12.243756294250488,11.319196701049805
39,1,0,0,common_orthogonalized,134.9507598876953,132.7851791381836,-1,0.5708211143695014,11.711813926696777,2.7203855514526367,11.006071090698242,10.892757415771484,0.341887503862381,12.243756294250488,11.319196701049805
39,1,1,1,difference_reference,14.137900352478027,9.412156581878662,1,0.8859237536656891,11.711813926696777,2.7203855514526367,11.006071090698242,10.892757415771484,0.341887503862381,12.243756294250488,11.319196701049805
39,1,1,1,norm_only,18.2309513092041,14.3048996925354,1,0.6648093841642229,11.711813926696777,2.7203855514526367,11.006071090698242,10.892757415771484,0.341887503862381,12.243756294250488,11.319196701049805
40,1,0,0,common_raw,126.0748062133789,135.2213134765625,1,0.6810850439882699,11.732636451721191,2.7564258575439453,10.975388526916504,11.430242538452148,0.35343822836875916,12.287575721740723,11.319196701049805
40,1,1,1,common_orthogonalized,112.26866149902344,132.21363067626953,-1,0.5788856304985337,11.732636451721191,2.7564258575439453,10.975388526916504,11.430242538452148,0.35343822836875916,12.287575721740723,11.319196701049805
40,1,0,0,difference_reference,9.177191734313965,11.026486873626709,1,0.8900293255131965,11.732636451721191,2.7564258575439453,10.975388526916504,11.430242538452148,0.35343822836875916,12.287575721740723,11.319196701049805
40,1,0,0,norm_only,13.738384246826172,14.3048996925354,1,0.6728739002932551,11.732636451721191,2.7564258575439453,10.975388526916504,11.430242538452148,0.35343822836875916,12.287575721740723,11.319196701049805
41,1,1,1,common_raw,152.39419555664062,134.99603271484375,1,0.6730205278592376,11.714051246643066,2.7176647186279297,11.000452995300293,10.94143295288086,0.34369340538978577,12.247730255126953,11.319196701049805
41,1,1,1,common_orthogonalized,131.1221466064453,132.71247100830078,-1,0.5708211143695014,11.714051246643066,2.7176647186279297,11.000452995300293,10.94143295288086,0.34369340538978577,12.247730255126953,11.319196701049805
41,1,1,1,difference_reference,14.359082221984863,10.64786148071289,1,0.8819648093841642,11.714051246643066,2.7176647186279297,11.000452995300293,10.94143295288086,0.34369340538978577,12.247730255126953,11.319196701049805
41,1,1,1,norm_only,19.021514892578125,14.3048996925354,1,0.6648093841642229,11.714051246643066,2.7176647186279297,11.000452995300293,10.94143295288086,0.34369340538978577,12.247730255126953,11.319196701049805
42,1,1,1,common_raw,159.58685302734375,134.94483184814453,1,0.6730205278592376,11.709118843078613,2.7002618312835693,11.004528999328613,10.80233383178711,0.34165477752685547,12.236368179321289,11.319196701049805
42,1,0,0,common_orthogonalized,133.89479064941406,132.7363052368164,-1,0.5708211143695014,11.709118843078613,2.7002618312835693,11.004528999328613,10.80233383178711,0.34165477752685547,12.236368179321289,11.319196701049805
42,1,1,1,difference_reference,17.341753005981445,10.425667762756348,1,0.8819648093841642,11.709118843078613,2.7002618312835693,11.004528999328613,10.80233383178711,0.34165477752685547,12.236368179321289,11.319196701049805
42,1,1,1,norm_only,18.825727462768555,14.3048996925354,1,0.6648093841642229,11.709118843078613,2.7002618312835693,11.004528999328613,10.80233383178711,0.34165477752685547,12.236368179321289,11.319196701049805
43,0,1,0,common_raw,137.77178955078125,135.0008544921875,1,0.6812169312169312,11.715852737426758,2.7434964179992676,10.979395866394043,11.216192245483398,0.3489531874656677,12.262099266052246,11.310470581054688
43,0,1,0,common_orthogonalized,120.43415832519531,132.28115844726562,-1,0.582010582010582,11.715852737426758,2.7434964179992676,10.979395866394043,11.216192245483398,0.3489531874656677,12.262099266052246,11.310470581054688
43,0,1,0,difference_reference,11.63461971282959,10.868642330169678,1,0.8822751322751323,11.715852737426758,2.7434964179992676,10.979395866394043,11.216192245483398,0.3489531874656677,12.262099266052246,11.310470581054688
43,0,1,0,norm_only,17.019458770751953,14.3048996925354,1,0.6706349206349207,11.715852737426758,2.7434964179992676,10.979395866394043,11.216192245483398,0.3489531874656677,12.262099266052246,11.310470581054688
44,1,1,1,common_raw,137.5545196533203,135.1715316772461,1,0.6730205278592376,11.724532127380371,2.7592766284942627,10.993585586547852,11.244099617004395,0.34756332635879517,12.272418975830078,11.319196701049805
44,1,1,1,common_orthogonalized,125.62161254882812,132.34429168701172,-1,0.5708211143695014,11.724532127380371,2.7592766284942627,10.993585586547852,11.244099617004395,0.34756332635879517,12.272418975830078,11.319196701049805
44,1,0,0,difference_reference,8.080022811889648,10.815083503723145,1,0.8900293255131965,11.724532127380371,2.7592766284942627,10.993585586547852,11.244099617004395,0.34756332635879517,12.272418975830078,11.319196701049805
44,1,1,1,norm_only,16.258831024169922,14.3048996925354,1,0.6648093841642229,11.724532127380371,2.7592766284942627,10.993585586547852,11.244099617004395,0.34756332635879517,12.272418975830078,11.319196701049805
45,1,1,1,common_raw,159.41050720214844,134.9860382080078,1,0.6730205278592376,11.709277153015137,2.7089390754699707,11.007275581359863,10.817835807800293,0.34104451537132263,12.237634658813477,11.319196701049805
45,1,0,0,common_orthogonalized,135.82240295410156,132.8865966796875,-1,0.5788856304985337,11.709277153015137,2.7089390754699707,11.007275581359863,10.817835807800293,0.34104451537132263,12.237634658813477,11.319196701049805
45,1,1,1,difference_reference,16.001148223876953,9.477005004882812,1,0.8778592375366568,11.709277153015137,2.7089390754699707,11.007275581359863,10.817835807800293,0.34104451537132263,12.237634658813477,11.319196701049805
45,1,1,1,norm_only,18.444955825805664,14.3048996925354,1,0.6648093841642229,11.709277153015137,2.7089390754699707,11.007275581359863,10.817835807800293,0.34104451537132263,12.237634658813477,11.319196701049805
46,1,0,0,common_raw,113.28935241699219,135.30630493164062,1,0.6810850439882699,11.741503715515137,2.766827344894409,10.960173606872559,11.652741432189941,0.3586925268173218,12.305669784545898,11.319196701049805
46,1,1,1,common_orthogonalized,101.66868591308594,131.61600494384766,-1,0.5788856304985337,11.741503715515137,2.766827344894409,10.960173606872559,11.652741432189941,0.3586925268173218,12.305669784545898,11.319196701049805
46,1,0,0,difference_reference,7.634265422821045,11.260861873626709,1,0.8900293255131965,11.741503715515137,2.766827344894409,10.960173606872559,11.652741432189941,0.3586925268173218,12.305669784545898,11.319196701049805
46,1,0,0,norm_only,12.61870002746582,14.3048996925354,1,0.6728739002932551,11.741503715515137,2.766827344894409,10.960173606872559,11.652741432189941,0.3586925268173218,12.305669784545898,11.319196701049805
47,1,0,0,common_raw,122.32152557373047,135.17864227294922,1,0.6810850439882699,11.735260009765625,2.7498483657836914,10.967185974121094,11.482770919799805,0.35583215951919556,12.291850090026855,11.319196701049805
47,1,1,1,common_orthogonalized,106.48340606689453,131.95794677734375,-1,0.5788856304985337,11.735260009765625,2.7498483657836914,10.967185974121094,11.482770919799805,0.35583215951919556,12.291850090026855,11.319196701049805
47,1,0,0,difference_reference,10.429759979248047,11.035000801086426,1,0.8728739002932551,11.735260009765625,2.7498483657836914,10.967185974121094,11.482770919799805,0.35583215951919556,12.291850090026855,11.319196701049805
47,1,0,0,norm_only,13.139360427856445,14.3048996925354,1,0.6728739002932551,11.735260009765625,2.7498483657836914,10.967185974121094,11.482770919799805,0.35583215951919556,12.291850090026855,11.319196701049805
48,1,1,1,common_raw,142.98062133789062,135.0337142944336,1,0.6730205278592376,11.720702171325684,2.703230857849121,10.980961799621582,11.077754974365234,0.3496350646018982,12.258855819702148,11.319196701049805
48,1,1,1,common_orthogonalized,116.77471923828125,132.38478088378906,-1,0.5788856304985337,11.720702171325684,2.703230857849121,10.980961799621582,11.077754974365234,0.3496350646018982,12.258855819702148,11.319196701049805
48,1,1,1,difference_reference,17.2867374420166,10.866552829742432,1,0.8819648093841642,11.720702171325684,2.703230857849121,10.980961799621582,11.077754974365234,0.3496350646018982,12.258855819702148,11.319196701049805
48,1,1,1,norm_only,17.30784797668457,14.3048996925354,1,0.6648093841642229,11.720702171325684,2.703230857849121,10.980961799621582,11.077754974365234,0.3496350646018982,12.258855819702148,11.319196701049805
49,1,1,1,common_raw,135.66998291015625,135.09284210205078,1,0.6730205278592376,11.725939750671387,2.747598171234131,10.986353874206543,11.261033058166504,0.34952428936958313,12.273797035217285,11.319196701049805
49,1,1,1,common_orthogonalized,120.15975952148438,132.21066284179688,-1,0.5708211143695014,11.725939750671387,2.747598171234131,10.986353874206543,11.261033058166504,0.34952428936958313,12.273797035217285,11.319196701049805
49,1,1,1,difference_reference,10.397913932800293,9.785330772399902,1,0.8778592375366568,11.725939750671387,2.747598171234131,10.986353874206543,11.261033058166504,0.34952428936958313,12.273797035217285,11.319196701049805
49,1,1,1,norm_only,14.971492767333984,14.3048996925354,1,0.6648093841642229,11.725939750671387,2.747598171234131,10.986353874206543,11.261033058166504,0.34952428936958313,12.273797035217285,11.319196701049805
50,1,0,0,common_raw,133.26341247558594,135.17937469482422,1,0.6810850439882699,11.727578163146973,2.7403619289398193,10.980165481567383,11.28951644897461,0.35128456354141235,12.276117324829102,11.319196701049805
50,1,1,1,common_orthogonalized,115.85630798339844,132.33560943603516,-1,0.5788856304985337,11.727578163146973,2.7403619289398193,10.980165481567383,11.28951644897461,0.35128456354141235,12.276117324829102,11.319196701049805
50,1,1,1,difference_reference,11.578886032104492,10.88867712020874,1,0.8819648093841642,11.727578163146973,2.7403619289398193,10.980165481567383,11.28951644897461,0.35128456354141235,12.276117324829102,11.319196701049805
50,1,1,1,norm_only,15.177706718444824,14.3048996925354,1,0.6648093841642229,11.727578163146973,2.7403619289398193,10.980165481567383,11.28951644897461,0.35128456354141235,12.276117324829102,11.319196701049805
51,1,0,0,common_raw,135.04933166503906,135.0689239501953,1,0.6730205278592376,11.726420402526855,2.7510688304901123,10.986623764038086,11.277052879333496,0.34956562519073486,12.275102615356445,11.319196701049805
51,1,1,1,common_orthogonalized,120.2085952758789,132.536865234375,-1,0.5788856304985337,11.726420402526855,2.7510688304901123,10.986623764038086,11.277052879333496,0.34956562519073486,12.275102615356445,11.319196701049805
51,1,0,0,difference_reference,9.960082054138184,10.998985767364502,1,0.8829912023460411,11.726420402526855,2.7510688304901123,10.986623764038086,11.277052879333496,0.34956562519073486,12.275102615356445,11.319196701049805
51,1,1,1,norm_only,14.320502281188965,14.305612087249756,1,0.6648093841642229,11.726420402526855,2.7510688304901123,10.986623764038086,11.277052879333496,0.34956562519073486,12.275102615356445,11.319196701049805
52,1,0,0,common_raw,126.61564636230469,135.2384262084961,1,0.6810850439882699,11.732220649719238,2.74992299079895,10.97380256652832,11.411575317382812,0.3537079691886902,12.286056518554688,11.319196701049805
52,1,1,1,common_orthogonalized,111.27779388427734,132.03414916992188,-1,0.5788856304985337,11.732220649719238,2.74992299079895,10.97380256652832,11.411575317382812,0.3537079691886902,12.286056518554688,11.319196701049805
52,1,0,0,difference_reference,10.163896560668945,11.084695816040039,1,0.8819648093841642,11.732220649719238,2.74992299079895,10.97380256652832,11.411575317382812,0.3537079691886902,12.286056518554688,11.319196701049805
52,1,0,0,norm_only,14.284201622009277,14.3048996925354,1,0.6728739002932551,11.732220649719238,2.74992299079895,10.97380256652832,11.411575317382812,0.3537079691886902,12.286056518554688,11.319196701049805
53,1,0,0,common_raw,132.71070861816406,135.17355346679688,1,0.6810850439882699,11.727970123291016,2.7328622341156006,10.976483345031738,11.288439750671387,0.35220322012901306,12.276029586791992,11.319196701049805
53,1,1,1,common_orthogonalized,113.23501586914062,131.79190063476562,-1,0.5708211143695014,11.727970123291016,2.7328622341156006,10.976483345031738,11.288439750671387,0.35220322012901306,12.276029586791992,11.319196701049805
53,1,1,1,difference_reference,12.885316848754883,10.818249702453613,1,0.8819648093841642,11.727970123291016,2.7328622341156006,10.976483345031738,11.288439750671387,0.35220322012901306,12.276029586791992,11.319196701049805
53,1,1,1,norm_only,15.038444519042969,14.3048996925354,1,0.6648093841642229,11.727970123291016,2.7328622341156006,10.976483345031738,11.288439750671387,0.35220322012901306,12.276029586791992,11.319196701049805
54,1,0,0,common_raw,127.67101287841797,135.19363403320312,1,0.6810850439882699,11.731522560119629,2.7461726665496826,10.973880767822266,11.390008926391602,0.353542685508728,12.284300804138184,11.319196701049805
54,1,1,1,common_orthogonalized,111.24076843261719,132.20701599121094,-1,0.5788856304985337,11.731522560119629,2.7461726665496826,10.973880767822266,11.390008926391602,0.353542685508728,12.284300804138184,11.319196701049805
54,1,0,0,difference_reference,10.878655433654785,11.114818572998047,1,0.873900293255132,11.731522560119629,2.7461726665496826,10.973880767822266,11.390008926391602,0.353542685508728,12.284300804138184,11.319196701049805
54,1,0,0,norm_only,13.951386451721191,14.3048996925354,1,0.6728739002932551,11.731522560119629,2.7461726665496826,10.973880767822266,11.390008926391602,0.353542685508728,12.284300804138184,11.319196701049805
55,1,1,1,common_raw,144.10739135742188,135.06755828857422,1,0.6730205278592376,11.719893455505371,2.7167389392852783,10.987771987915039,11.07710075378418,0.3479000926017761,12.25880241394043,11.319196701049805
55,1,1,1,common_orthogonalized,121.71476745605469,132.25096893310547,-1,0.5708211143695014,11.719893455505371,2.7167389392852783,10.987771987915039,11.07710075378418,0.3479000926017761,12.25880241394043,11.319196701049805
55,1,1,1,difference_reference,14.920215606689453,10.77587080001831,1,0.8819648093841642,11.719893455505371,2.7167389392852783,10.987771987915039,11.07710075378418,0.3479000926017761,12.25880241394043,11.319196701049805
55,1,1,1,norm_only,17.651561737060547,14.3048996925354,1,0.6648093841642229,11.719893455505371,2.7167389392852783,10.987771987915039,11.07710075378418,0.3479000926017761,12.25880241394043,11.319196701049805
56,1,0,0,common_raw,120.00895690917969,135.28518676757812,1,0.6810850439882699,11.736751556396484,2.749075412750244,10.96362018585205,11.516748428344727,0.35694006085395813,12.2946138381958,11.319196701049805
56,1,1,1,common_orthogonalized,104.34126281738281,131.76160430908203,-1,0.5788856304985337,11.736751556396484,2.749075412750244,10.96362018585205,11.516748428344727,0.35694006085395813,12.2946138381958,11.319196701049805
56,1,0,0,difference_reference,10.281311988830566,11.273802280426025,1,0.8829912023460411,11.736751556396484,2.749075412750244,10.96362018585205,11.516748428344727,0.35694006085395813,12.2946138381958,11.319196701049805
56,1,1,1,norm_only,14.401068687438965,14.3048996925354,1,0.6648093841642229,11.736751556396484,2.749075412750244,10.96362018585205,11.516748428344727,0.35694006085395813,12.2946138381958,11.319196701049805
57,1,1,1,common_raw,141.29299926757812,135.09983825683594,1,0.6730205278592376,11.721881866455078,2.7370216846466064,10.991035461425781,11.15136432647705,0.34757810831069946,12.26485824584961,11.319196701049805
57,1,1,1,common_orthogonalized,123.96365356445312,132.32904052734375,-1,0.5708211143695014,11.721881866455078,2.7370216846466064,10.991035461425781,11.15136432647705,0.34757810831069946,12.26485824584961,11.319196701049805
57,1,1,1,difference_reference,11.64155101776123,9.119943618774414,1,0.8848973607038124,11.721881866455078,2.7370216846466064,10.991035461425781,11.15136432647705,0.34757810831069946,12.26485824584961,11.319196701049805
57,1,1,1,norm_only,17.11481285095215,14.3048996925354,1,0.6648093841642229,11.721881866455078,2.7370216846466064,10.991035461425781,11.15136432647705,0.34757810831069946,12.26485824584961,11.319196701049805
58,1,1,1,common_raw,135.59559631347656,135.08444213867188,1,0.6730205278592376,11.726044654846191,2.747300624847412,10.986024856567383,11.263060569763184,0.3496219515800476,12.27396297454834,11.319196701049805
58,1,1,1,common_orthogonalized,119.77464294433594,132.29380798339844,-1,0.5708211143695014,11.726044654846191,2.747300624847412,10.986024856567383,11.263060569763184,0.3496219515800476,12.27396297454834,11.319196701049805
58,1,0,0,difference_reference,10.602009773254395,10.93507432937622,1,0.8819648093841642,11.726044654846191,2.747300624847412,10.986024856567383,11.263060569763184,0.3496219515800476,12.27396297454834,11.319196701049805
58,1,1,1,norm_only,14.321927070617676,14.3048996925354,1,0.6648093841642229,11.726044654846191,2.747300624847412,10.986024856567383,11.263060569763184,0.3496219515800476,12.27396297454834,11.319196701049805
59,0,0,1,common_raw,99.60346984863281,135.3572769165039,1,0.671957671957672,11.74658203125,2.7061281204223633,11.081269264221191,10.546142578125,0.3317674398422241,12.262099266052246,11.369556427001953
59,0,1,0,common_orthogonalized,92.96603393554688,134.30429077148438,-1,0.5661375661375662,11.74658203125,2.7061281204223633,11.081269264221191,10.546142578125,0.3317674398422241,12.262099266052246,11.369556427001953
59,0,0,1,difference_reference,4.6089653968811035,10.190320014953613,1,0.8822751322751323,11.74658203125,2.7061281204223633,11.081269264221191,10.546142578125,0.3317674398422241,12.262099266052246,11.369556427001953
59,0,0,1,norm_only,11.167667388916016,14.3048996925354,1,0.6613756613756614,11.74658203125,2.7061281204223633,11.081269264221191,10.546142578125,0.3317674398422241,12.262099266052246,11.369556427001953
60,0,0,1,common_raw,121.76508331298828,135.17254638671875,1,0.671957671957672,11.728816986083984,2.7128663063049316,11.011870384216309,10.954029083251953,0.3442637324333191,12.262099266052246,11.333622932434082
60,0,1,0,common_orthogonalized,112.37456512451172,132.69020080566406,-1,0.5740740740740741,11.728816986083984,2.7128663063049316,11.011870384216309,10.954029083251953,0.3442637324333191,12.262099266052246,11.333622932434082
60,0,0,1,difference_reference,6.309173107147217,9.554615497589111,1,0.8849206349206349,11.728816986083984,2.7128663063049316,11.011870384216309,10.954029083251953,0.3442637324333191,12.262099266052246,11.333622932434082
60,0,0,1,norm_only,14.207857131958008,14.3048996925354,1,0.6613756613756614,11.728816986083984,2.7128663063049316,11.011870384216309,10.954029083251953,0.3442637324333191,12.262099266052246,11.333622932434082
61,0,0,1,common_raw,103.39057159423828,135.34090423583984,1,0.671957671957672,11.74347972869873,2.7187044620513916,11.077101707458496,10.601949691772461,0.33206793665885925,12.262099266052246,11.364646911621094
61,0,1,0,common_orthogonalized,93.71415710449219,134.32733917236328,-1,0.5661375661375662,11.74347972869873,2.7187044620513916,11.077101707458496,10.601949691772461,0.33206793665885925,12.262099266052246,11.364646911621094
61,0,0,1,difference_reference,6.7461066246032715,9.686770915985107,1,0.8888888888888888,11.74347972869873,2.7187044620513916,11.077101707458496,10.601949691772461,0.33206793665885925,12.262099266052246,11.364646911621094
61,0,0,1,norm_only,12.513176918029785,14.3048996925354,1,0.6613756613756614,11.74347972869873,2.7187044620513916,11.077101707458496,10.601949691772461,0.33206793665885925,12.262099266052246,11.364646911621094
62,0,0,1,common_raw,105.20828247070312,135.29258728027344,1,0.671957671957672,11.742172241210938,2.707451820373535,11.063979148864746,10.647902488708496,0.3349306583404541,12.262099266052246,11.360602378845215
62,0,1,0,common_orthogonalized,98.27041625976562,134.07025146484375,-1,0.5740740740740741,11.742172241210938,2.707451820373535,11.063979148864746,10.647902488708496,0.3349306583404541,12.262099266052246,11.360602378845215
62,0,0,1,difference_reference,4.776208877563477,10.321205139160156,1,0.8822751322751323,11.742172241210938,2.707451820373535,11.063979148864746,10.647902488708496,0.3349306583404541,12.262099266052246,11.360602378845215
62,0,0,1,norm_only,11.040018081665039,14.3048996925354,1,0.6613756613756614,11.742172241210938,2.707451820373535,11.063979148864746,10.647902488708496,0.3349306583404541,12.262099266052246,11.360602378845215
63,0,0,1,common_raw,131.44236755371094,134.99625396728516,1,0.671957671957672,11.721176147460938,2.735574722290039,10.996121406555176,11.102278709411621,0.34625205397605896,12.262099266052246,11.320536613464355
63,0,1,0,common_orthogonalized,117.13041687011719,132.4454803466797,-1,0.5740740740740741,11.721176147460938,2.735574722290039,10.996121406555176,11.102278709411621,0.34625205397605896,12.262099266052246,11.320536613464355
63,0,0,1,difference_reference,9.646821975708008,10.79257583618164,1,0.8822751322751323,11.721176147460938,2.735574722290039,10.996121406555176,11.102278709411621,0.34625205397605896,12.262099266052246,11.320536613464355
63,0,0,1,norm_only,14.196675300598145,14.3048996925354,1,0.6613756613756614,11.721176147460938,2.735574722290039,10.996121406555176,11.102278709411621,0.34625205397605896,12.262099266052246,11.320536613464355
64,1,0,0,common_raw,125.84646606445312,135.11817932128906,1,0.6810850439882699,11.732800483703613,2.751660108566284,10.973217010498047,11.427558898925781,0.3539622724056244,12.287357330322266,11.319196701049805
64,1,1,1,common_orthogonalized,110.7312240600586,132.059814453125,-1,0.5788856304985337,11.732800483703613,2.751660108566284,10.973217010498047,11.427558898925781,0.3539622724056244,12.287357330322266,11.319196701049805
64,1,0,0,difference_reference,10.014982223510742,10.989336013793945,1,0.8819648093841642,11.732800483703613,2.751660108566284,10.973217010498047,11.427558898925781,0.3539622724056244,12.287357330322266,11.319196701049805
64,1,0,0,norm_only,13.629380226135254,14.3048996925354,1,0.6728739002932551,11.732800483703613,2.751660108566284,10.973217010498047,11.427558898925781,0.3539622724056244,12.287357330322266,11.319196701049805
65,0,1,0,common_raw,155.6177520751953,134.91181182861328,1,0.6812169312169312,11.701580047607422,2.748586416244507,10.92194652557373,11.543437957763672,0.35890644788742065,12.262099266052246,11.281498908996582
65,0,0,1,common_orthogonalized,136.06793212890625,131.28565979003906,-1,0.5727513227513228,11.701580047607422,2.748586416244507,10.92194652557373,11.543437957763672,0.35890644788742065,12.262099266052246,11.281498908996582
65,0,1,0,difference_reference,12.794585227966309,10.202926635742188,1,0.876984126984127,11.701580047607422,2.748586416244507,10.92194652557373,11.543437957763672,0.35890644788742065,12.262099266052246,11.281498908996582
65,0,1,0,norm_only,18.259859085083008,14.3048996925354,1,0.6706349206349207,11.701580047607422,2.748586416244507,10.92194652557373,11.543437957763672,0.35890644788742065,12.262099266052246,11.281498908996582
66,0,0,1,common_raw,122.04833221435547,135.17476654052734,1,0.671957671957672,11.728687286376953,2.7390143871307373,11.030096054077148,10.92144775390625,0.3399668037891388,12.262099266052246,11.336499214172363
66,0,1,0,common_orthogonalized,107.60444641113281,133.51338958740234,-1,0.5648148148148148,11.728687286376953,2.7390143871307373,11.030096054077148,10.92144775390625,0.3399668037891388,12.262099266052246,11.336499214172363
66,0,1,0,difference_reference,9.921845436096191,9.897916793823242,1,0.8783068783068784,11.728687286376953,2.7390143871307373,11.030096054077148,10.92144775390625,0.3399668037891388,12.262099266052246,11.336499214172363
66,0,0,1,norm_only,13.2791109085083,14.3048996925354,1,0.6613756613756614,11.728687286376953,2.7390143871307373,11.030096054077148,10.92144775390625,0.3399668037891388,12.262099266052246,11.336499214172363
67,0,1,0,common_raw,144.8198699951172,134.90481567382812,1,0.6812169312169312,11.710428237915039,2.763357162475586,10.971109390258789,11.315911293029785,0.3496871888637543,12.262099266052246,11.301650047302246
67,0,1,0,common_orthogonalized,123.75679016113281,131.81742095947266,-1,0.5740740740740741,11.710428237915039,2.763357162475586,10.971109390258789,11.315911293029785,0.3496871888637543,12.262099266052246,11.301650047302246
67,0,1,0,difference_reference,14.21369457244873,10.998238563537598,1,0.8915343915343915,11.710428237915039,2.763357162475586,10.971109390258789,11.315911293029785,0.3496871888637543,12.262099266052246,11.301650047302246
67,0,1,0,norm_only,15.788501739501953,14.3048996925354,1,0.6706349206349207,11.710428237915039,2.763357162475586,10.971109390258789,11.315911293029785,0.3496871888637543,12.262099266052246,11.301650047302246
68,0,0,1,common_raw,126.85079193115234,135.06227111816406,1,0.671957671957672,11.72490119934082,2.726536989212036,11.005270957946777,11.027266502380371,0.34494295716285706,12.262099266052246,11.327160835266113
68,0,1,0,common_orthogonalized,114.89061737060547,132.59015655517578,-1,0.5740740740740741,11.72490119934082,2.726536989212036,11.005270957946777,11.027266502380371,0.34494295716285706,12.262099266052246,11.327160835266113
68,0,0,1,difference_reference,8.062918663024902,10.66946792602539,1,0.8822751322751323,11.72490119934082,2.726536989212036,11.005270957946777,11.027266502380371,0.34494295716285706,12.262099266052246,11.327160835266113
68,0,0,1,norm_only,13.207392692565918,14.3048996925354,1,0.6613756613756614,11.72490119934082,2.726536989212036,11.005270957946777,11.027266502380371,0.34494295716285706,12.262099266052246,11.327160835266113
69,0,1,0,common_raw,146.400390625,134.94378662109375,1,0.6812169312169312,11.708740234375,2.732567071914673,10.940596580505371,11.39776611328125,0.3562367558479309,12.262099266052246,11.294404029846191
69,0,1,0,common_orthogonalized,129.98304748535156,131.33271026611328,-1,0.5806878306878307,11.708740234375,2.732567071914673,10.940596580505371,11.39776611328125,0.3562367558479309,12.262099266052246,11.294404029846191
69,0,1,0,difference_reference,10.755369186401367,9.988699913024902,1,0.8756613756613756,11.708740234375,2.732567071914673,10.940596580505371,11.39776611328125,0.3562367558479309,12.262099266052246,11.294404029846191
69,0,1,0,norm_only,19.21522331237793,14.3048996925354,1,0.6706349206349207,11.708740234375,2.732567071914673,10.940596580505371,11.39776611328125,0.3562367558479309,12.262099266052246,11.294404029846191
70,1,1,1,common_raw,142.67417907714844,135.07799530029297,1,0.6730205278592376,11.720876693725586,2.736311674118042,10.992892265319824,11.126827239990234,0.3469330668449402,12.262858390808105,11.319196701049805
70,1,1,1,common_orthogonalized,125.4322509765625,132.4424591064453,-1,0.5708211143695014,11.720876693725586,2.736311674118042,10.992892265319824,11.126827239990234,0.3469330668449402,12.262858390808105,11.319196701049805
70,1,1,1,difference_reference,11.602316856384277,9.73758840560913,1,0.8778592375366568,11.720876693725586,2.736311674118042,10.992892265319824,11.126827239990234,0.3469330668449402,12.262858390808105,11.319196701049805
70,1,1,1,norm_only,17.683834075927734,14.3048996925354,1,0.6648093841642229,11.720876693725586,2.736311674118042,10.992892265319824,11.126827239990234,0.3469330668449402,12.262858390808105,11.319196701049805
71,0,1,0,common_raw,142.72970581054688,135.02860260009766,1,0.6812169312169312,11.712061882019043,2.722212791442871,10.94701862335205,11.334084510803223,0.3554929792881012,12.262099266052246,11.300041198730469
71,0,1,0,common_orthogonalized,130.23558044433594,132.00999450683594,-1,0.5806878306878307,11.712061882019043,2.722212791442871,10.94701862335205,11.334084510803223,0.3554929792881012,12.262099266052246,11.300041198730469
71,0,0,1,difference_reference,8.168906211853027,10.935882091522217,1,0.8822751322751323,11.712061882019043,2.722212791442871,10.94701862335205,11.334084510803223,0.3554929792881012,12.262099266052246,11.300041198730469
71,0,1,0,norm_only,15.95573902130127,14.3048996925354,1,0.6706349206349207,11.712061882019043,2.722212791442871,10.94701862335205,11.334084510803223,0.3554929792881012,12.262099266052246,11.300041198730469
72,0,0,1,common_raw,118.74143981933594,135.19589233398438,1,0.671957671957672,11.731245040893555,2.730846881866455,11.0349702835083,10.872593879699707,0.3393842577934265,12.262099266052246,11.34080696105957
72,0,1,0,common_orthogonalized,105.84295654296875,133.41064453125,-1,0.5740740740740741,11.731245040893555,2.730846881866455,11.0349702835083,10.872593879699707,0.3393842577934265,12.262099266052246,11.34080696105957
72,0,0,1,difference_reference,8.847085952758789,10.614038467407227,1,0.8822751322751323,11.731245040893555,2.730846881866455,11.0349702835083,10.872593879699707,0.3393842577934265,12.262099266052246,11.34080696105957
72,0,0,1,norm_only,13.803420066833496,14.3048996925354,1,0.6613756613756614,11.731245040893555,2.730846881866455,11.0349702835083,10.872593879699707,0.3393842577934265,12.262099266052246,11.34080696105957
73,0,0,1,common_raw,130.6160125732422,135.05986785888672,1,0.671957671957672,11.721847534179688,2.7360329627990723,10.999296188354492,11.085907936096191,0.34566378593444824,12.262099266052246,11.321982383728027
73,0,1,0,common_orthogonalized,116.30040740966797,132.50150299072266,-1,0.5740740740740741,11.721847534179688,2.7360329627990723,10.999296188354492,11.085907936096191,0.34566378593444824,12.262099266052246,11.321982383728027
73,0,0,1,difference_reference,9.666765213012695,10.73873519897461,1,0.8822751322751323,11.721847534179688,2.7360329627990723,10.999296188354492,11.085907936096191,0.34566378593444824,12.262099266052246,11.321982383728027
73,0,0,1,norm_only,14.013850212097168,14.3048996925354,1,0.6613756613756614,11.721847534179688,2.7360329627990723,10.999296188354492,11.085907936096191,0.34566378593444824,12.262099266052246,11.321982383728027
74,0,0,1,common_raw,133.82423400878906,135.06256866455078,1,0.671957671957672,11.719233512878418,2.73376727104187,10.986556053161621,11.150296211242676,0.3480371832847595,12.262099266052246,11.31629467010498
74,0,1,0,common_orthogonalized,119.59815979003906,132.35696411132812,-1,0.5740740740740741,11.719233512878418,2.73376727104187,10.986556053161621,11.150296211242676,0.3480371832847595,12.262099266052246,11.31629467010498
74,0,0,1,difference_reference,9.535041809082031,10.80683183670044,1,0.8822751322751323,11.719233512878418,2.73376727104187,10.986556053161621,11.150296211242676,0.3480371832847595,12.262099266052246,11.31629467010498
74,0,1,0,norm_only,14.774965286254883,14.3048996925354,1,0.6706349206349207,11.719233512878418,2.73376727104187,10.986556053161621,11.150296211242676,0.3480371832847595,12.262099266052246,11.31629467010498
75,0,0,1,common_raw,125.70307922363281,135.13448333740234,1,0.671957671957672,11.725762367248535,2.706435203552246,10.994124412536621,11.03439712524414,0.3477041721343994,12.262099266052246,11.326531410217285
75,0,1,0,common_orthogonalized,117.82321166992188,132.46147918701172,-1,0.5740740740740741,11.725762367248535,2.706435203552246,10.994124412536621,11.03439712524414,0.3477041721343994,12.262099266052246,11.326531410217285
75,0,0,1,difference_reference,5.230772018432617,10.645878791809082,1,0.8822751322751323,11.725762367248535,2.706435203552246,10.994124412536621,11.03439712524414,0.3477041721343994,12.262099266052246,11.326531410217285
75,0,0,1,norm_only,13.675613403320312,14.3048996925354,1,0.6613756613756614,11.725762367248535,2.706435203552246,10.994124412536621,11.03439712524414,0.3477041721343994,12.262099266052246,11.326531410217285
76,1,1,1,common_raw,141.1786346435547,135.05211639404297,1,0.6730205278592376,11.722009658813477,2.750685691833496,10.995736122131348,11.173108100891113,0.34652212262153625,12.266632080078125,11.319196701049805
76,1,1,1,common_orthogonalized,127.20885467529297,132.5681381225586,-1,0.5708211143695014,11.722009658813477,2.750685691833496,10.995736122131348,11.173108100891113,0.34652212262153625,12.266632080078125,11.319196701049805
76,1,0,0,difference_reference,9.460115432739258,10.90432357788086,1,0.8910557184750734,11.722009658813477,2.750685691833496,10.995736122131348,11.173108100891113,0.34652212262153625,12.266632080078125,11.319196701049805
76,1,1,1,norm_only,16.58856201171875,14.3048996925354,1,0.6648093841642229,11.722009658813477,2.750685691833496,10.995736122131348,11.173108100891113,0.34652212262153625,12.266632080078125,11.319196701049805
77,0,0,1,common_raw,117.19959259033203,135.1232681274414,1,0.671957671957672,11.732558250427246,2.716944456100464,11.03057861328125,10.86072063446045,0.34071022272109985,12.262099266052246,11.341854095458984
77,0,1,0,common_orthogonalized,107.54996490478516,133.20401000976562,-1,0.5740740740740741,11.732558250427246,2.716944456100464,11.03057861328125,10.86072063446045,0.34071022272109985,12.262099266052246,11.341854095458984
77,0,0,1,difference_reference,6.558633327484131,10.457190036773682,1,0.8822751322751323,11.732558250427246,2.716944456100464,11.03057861328125,10.86072063446045,0.34071022272109985,12.262099266052246,11.341854095458984
77,0,0,1,norm_only,12.81533432006836,14.3048996925354,1,0.6613756613756614,11.732558250427246,2.716944456100464,11.03057861328125,10.86072063446045,0.34071022272109985,12.262099266052246,11.341854095458984
78,1,1,1,common_raw,139.17010498046875,135.0260238647461,1,0.6730205278592376,11.723550796508789,2.7414584159851074,10.989143371582031,11.196573257446289,0.34837284684181213,12.26854419708252,11.319196701049805
78,1,1,1,common_orthogonalized,122.04537963867188,132.39505004882812,-1,0.5708211143695014,11.723550796508789,2.7414584159851074,10.989143371582031,11.196573257446289,0.34837284684181213,12.26854419708252,11.319196701049805
78,1,1,1,difference_reference,11.494794845581055,9.665141582489014,1,0.8859237536656891,11.723550796508789,2.7414584159851074,10.989143371582031,11.196573257446289,0.34837284684181213,12.26854419708252,11.319196701049805
78,1,1,1,norm_only,14.754091262817383,14.3048996925354,1,0.6648093841642229,11.723550796508789,2.7414584159851074,10.989143371582031,11.196573257446289,0.34837284684181213,12.26854419708252,11.319196701049805
79,0,0,1,common_raw,121.14373016357422,135.15455627441406,1,0.671957671957672,11.729414939880371,2.7114360332489014,11.013360977172852,10.941939353942871,0.3440476357936859,12.262099266052246,11.334691047668457
79,0,1,0,common_orthogonalized,112.4710464477539,132.96070861816406,-1,0.5740740740740741,11.729414939880371,2.7114360332489014,11.013360977172852,10.941939353942871,0.3440476357936859,12.262099266052246,11.334691047668457
79,0,0,1,difference_reference,5.827160835266113,10.710143566131592,1,0.8835978835978836,11.729414939880371,2.7114360332489014,11.013360977172852,10.941939353942871,0.3440476357936859,12.262099266052246,11.334691047668457
79,0,0,1,norm_only,13.131230354309082,14.3048996925354,1,0.6613756613756614,11.729414939880371,2.7114360332489014,11.013360977172852,10.941939353942871,0.3440476357936859,12.262099266052246,11.334691047668457
80,0,0,1,common_raw,125.23755645751953,135.09403228759766,1,0.671957671957672,11.726146697998047,2.730738401412964,11.013568878173828,10.992318153381348,0.3432842493057251,12.262099266052246,11.330245971679688
80,0,1,0,common_orthogonalized,112.33462524414062,132.833984375,-1,0.5740740740740741,11.726146697998047,2.730738401412964,11.013568878173828,10.992318153381348,0.3432842493057251,12.262099266052246,11.330245971679688
80,0,0,1,difference_reference,8.753056526184082,10.899717807769775,1,0.8835978835978836,11.726146697998047,2.730738401412964,11.013568878173828,10.992318153381348,0.3432842493057251,12.262099266052246,11.330245971679688
80,0,0,1,norm_only,13.494694709777832,14.3048996925354,1,0.6613756613756614,11.726146697998047,2.730738401412964,11.013568878173828,10.992318153381348,0.3432842493057251,12.262099266052246,11.330245971679688
81,0,0,1,common_raw,112.33219909667969,135.29859161376953,1,0.671957671957672,11.736334800720215,2.712735414505005,11.043392181396484,10.777812004089355,0.3385249674320221,12.262099266052246,11.349162101745605
81,0,1,0,common_orthogonalized,103.39044189453125,133.73131561279297,-1,0.5740740740740741,11.736334800720215,2.712735414505005,11.043392181396484,10.777812004089355,0.3385249674320221,12.262099266052246,11.349162101745605
81,0,0,1,difference_reference,6.1053032875061035,9.697790145874023,1,0.8783068783068784,11.736334800720215,2.712735414505005,11.043392181396484,10.777812004089355,0.3385249674320221,12.262099266052246,11.349162101745605
81,0,0,1,norm_only,13.487534523010254,14.3048996925354,1,0.6613756613756614,11.736334800720215,2.712735414505005,11.043392181396484,10.777812004089355,0.3385249674320221,12.262099266052246,11.349162101745605
82,0,0,1,common_raw,123.7795181274414,135.09292602539062,1,0.671957671957672,11.727334022521973,2.7145156860351562,11.006792068481445,10.986554145812988,0.34511977434158325,12.262099266052246,11.330754280090332
82,0,1,0,common_orthogonalized,114.42120361328125,132.72916412353516,-1,0.5740740740740741,11.727334022521973,2.7145156860351562,11.006792068481445,10.986554145812988,0.34511977434158325,12.262099266052246,11.330754280090332
82,0,0,1,difference_reference,6.276542663574219,10.80928897857666,1,0.8835978835978836,11.727334022521973,2.7145156860351562,11.006792068481445,10.986554145812988,0.34511977434158325,12.262099266052246,11.330754280090332
82,0,0,1,norm_only,13.123719215393066,14.3048996925354,1,0.6613756613756614,11.727334022521973,2.7145156860351562,11.006792068481445,10.986554145812988,0.34511977434158325,12.262099266052246,11.330754280090332
83,0,1,0,common_raw,139.94808959960938,134.91114044189453,1,0.6812169312169312,11.71428394317627,2.7476396560668945,10.975813865661621,11.247220993041992,0.3494376540184021,12.262099266052246,11.30772590637207
83,0,1,0,common_orthogonalized,122.27684020996094,131.99388885498047,-1,0.5740740740740741,11.71428394317627,2.7476396560668945,10.975813865661621,11.247220993041992,0.3494376540184021,12.262099266052246,11.30772590637207
83,0,1,0,difference_reference,11.861565589904785,9.483777523040771,1,0.8849206349206349,11.71428394317627,2.7476396560668945,10.975813865661621,11.247220993041992,0.3494376540184021,12.262099266052246,11.30772590637207
83,0,1,0,norm_only,15.742527961730957,14.3048996925354,1,0.6706349206349207,11.71428394317627,2.7476396560668945,10.975813865661621,11.247220993041992,0.3494376540184021,12.262099266052246,11.30772590637207
84,0,0,1,common_raw,131.44586181640625,135.06412506103516,1,0.671957671957672,11.721084594726562,2.7538228034973145,11.008956909179688,11.079366683959961,0.34325048327445984,12.262099266052246,11.32256031036377
84,0,1,0,common_orthogonalized,113.0748291015625,132.92529296875,-1,0.5740740740740741,11.721084594726562,2.7538228034973145,11.008956909179688,11.079366683959961,0.34325048327445984,12.262099266052246,11.32256031036377
84,0,1,0,difference_reference,12.574511528015137,9.427910327911377,1,0.8849206349206349,11.721084594726562,2.7538228034973145,11.008956909179688,11.079366683959961,0.34325048327445984,12.262099266052246,11.32256031036377
84,0,1,0,norm_only,15.02129077911377,14.3048996925354,1,0.6706349206349207,11.721084594726562,2.7538228034973145,11.008956909179688,11.079366683959961,0.34325048327445984,12.262099266052246,11.32256031036377
85,0,1,0,common_raw,167.74249267578125,134.7874298095703,1,0.6812169312169312,11.691702842712402,2.758666753768921,10.886757850646973,11.760604858398438,0.36463019251823425,12.262099266052246,11.26223373413086
85,0,0,1,common_orthogonalized,144.56698608398438,130.5036849975586,-1,0.5714285714285714,11.691702842712402,2.758666753768921,10.886757850646973,11.760604858398438,0.36463019251823425,12.262099266052246,11.26223373413086
85,0,1,0,difference_reference,14.996773719787598,11.270889282226562,1,0.8822751322751323,11.691702842712402,2.758666753768921,10.886757850646973,11.760604858398438,0.36463019251823425,12.262099266052246,11.26223373413086
85,0,1,0,norm_only,20.233200073242188,14.3048996925354,1,0.6706349206349207,11.691702842712402,2.758666753768921,10.886757850646973,11.760604858398438,0.36463019251823425,12.262099266052246,11.26223373413086
86,0,1,0,common_raw,141.7024688720703,134.9709701538086,1,0.6812169312169312,11.712672233581543,2.7329742908477783,10.957904815673828,11.30509090423584,0.35316893458366394,12.262099266052246,11.302606582641602
86,0,1,0,common_orthogonalized,126.16972351074219,132.2494125366211,-1,0.5727513227513228,11.712672233581543,2.7329742908477783,10.957904815673828,11.30509090423584,0.35316893458366394,12.262099266052246,11.302606582641602
86,0,1,0,difference_reference,10.262321472167969,9.95228099822998,1,0.8849206349206349,11.712672233581543,2.7329742908477783,10.957904815673828,11.30509090423584,0.35316893458366394,12.262099266052246,11.302606582641602
86,0,1,0,norm_only,17.5921573638916,14.3048996925354,1,0.6706349206349207,11.712672233581543,2.7329742908477783,10.957904815673828,11.30509090423584,0.35316893458366394,12.262099266052246,11.302606582641602
87,0,0,1,common_raw,130.89657592773438,135.0596160888672,1,0.671957671957672,11.72164249420166,2.7335619926452637,10.996622085571289,11.094096183776855,0.34623783826828003,12.262099266052246,11.321259498596191
87,0,1,0,common_orthogonalized,117.14837646484375,132.4937744140625,-1,0.5740740740740741,11.72164249420166,2.7335619926452637,10.996622085571289,11.094096183776855,0.34623783826828003,12.262099266052246,11.321259498596191
87,0,0,1,difference_reference,9.260034561157227,10.789177417755127,1,0.8822751322751323,11.72164249420166,2.7335619926452637,10.996622085571289,11.094096183776855,0.34623783826828003,12.262099266052246,11.321259498596191
87,0,0,1,norm_only,13.851758003234863,14.3048996925354,1,0.6613756613756614,11.72164249420166,2.7335619926452637,10.996622085571289,11.094096183776855,0.34623783826828003,12.262099266052246,11.321259498596191
88,0,0,1,common_raw,114.31797790527344,135.11134338378906,1,0.671957671957672,11.734892845153809,2.717332363128662,11.040623664855957,10.805404663085938,0.33885911107063293,12.262099266052246,11.346731185913086
88,0,1,0,common_orthogonalized,104.86238098144531,133.58673858642578,-1,0.5740740740740741,11.734892845153809,2.717332363128662,11.040623664855957,10.805404663085938,0.33885911107063293,12.262099266052246,11.346731185913086
88,0,0,1,difference_reference,6.461512088775635,10.66078805923462,1,0.8835978835978836,11.734892845153809,2.717332363128662,11.040623664855957,10.805404663085938,0.33885911107063293,12.262099266052246,11.346731185913086
88,0,0,1,norm_only,12.14892578125,14.3048996925354,1,0.6613756613756614,11.734892845153809,2.717332363128662,11.040623664855957,10.805404663085938,0.33885911107063293,12.262099266052246,11.346731185913086
89,0,1,0,common_raw,146.94427490234375,134.86309814453125,1,0.6812169312169312,11.70873737335205,2.750044584274292,10.953946113586426,11.373895645141602,0.3532314896583557,12.262099266052246,11.296518325805664
89,0,1,0,common_orthogonalized,128.50047302246094,132.17564392089844,-1,0.5806878306878307,11.70873737335205,2.750044584274292,10.953946113586426,11.373895645141602,0.3532314896583557,12.262099266052246,11.296518325805664
89,0,1,0,difference_reference,12.263691902160645,9.682936668395996,1,0.8849206349206349,11.70873737335205,2.750044584274292,10.953946113586426,11.373895645141602,0.3532314896583557,12.262099266052246,11.296518325805664
89,0,1,0,norm_only,15.896804809570312,14.3048996925354,1,0.6706349206349207,11.70873737335205,2.750044584274292,10.953946113586426,11.373895645141602,0.3532314896583557,12.262099266052246,11.296518325805664
90,0,0,1,common_raw,130.94998168945312,135.0737075805664,1,0.671957671957672,11.721538543701172,2.7357230186462402,10.997756958007812,11.093611717224121,0.3459523022174835,12.262099266052246,11.321303367614746
90,0,1,0,common_orthogonalized,116.51374053955078,132.57190704345703,-1,0.5740740740740741,11.721538543701172,2.7357230186462402,10.997756958007812,11.093611717224121,0.3459523022174835,12.262099266052246,11.321303367614746
90,0,0,1,difference_reference,9.739255905151367,10.973874568939209,1,0.8835978835978836,11.721538543701172,2.7357230186462402,10.997756958007812,11.093611717224121,0.3459523022174835,12.262099266052246,11.321303367614746
90,0,1,0,norm_only,14.462462425231934,14.3048996925354,1,0.6706349206349207,11.721538543701172,2.7357230186462402,10.997756958007812,11.093611717224121,0.3459523022174835,12.262099266052246,11.321303367614746
91,0,0,1,common_raw,123.57963562011719,135.0877456665039,1,0.671957671957672,11.727521896362305,2.7224369049072266,11.013350486755371,10.971415519714355,0.3436359465122223,12.262099266052246,11.332090377807617
91,0,1,0,common_orthogonalized,112.6747055053711,132.81111907958984,-1,0.5740740740740741,11.727521896362305,2.7224369049072266,11.013350486755371,10.971415519714355,0.3436359465122223,12.262099266052246,11.332090377807617
91,0,0,1,difference_reference,7.36676025390625,10.62483835220337,1,0.8822751322751323,11.727521896362305,2.7224369049072266,11.013350486755371,10.971415519714355,0.3436359465122223,12.262099266052246,11.332090377807617
91,0,0,1,norm_only,12.821544647216797,14.3048996925354,1,0.6613756613756614,11.727521896362305,2.7224369049072266,11.013350486755371,10.971415519714355,0.3436359465122223,12.262099266052246,11.332090377807617
92,0,0,1,common_raw,134.20730590820312,134.97969818115234,1,0.671957671957672,11.718968391418457,2.7207348346710205,10.975704193115234,11.174283981323242,0.3504645526409149,12.262099266052246,11.31417465209961
92,0,1,0,common_orthogonalized,122.85384368896484,131.90972900390625,-1,0.5740740740740741,11.718968391418457,2.7207348346710205,10.975704193115234,11.174283981323242,0.3504645526409149,12.262099266052246,11.31417465209961
92,0,0,1,difference_reference,7.521082878112793,10.855125904083252,1,0.8822751322751323,11.718968391418457,2.7207348346710205,10.975704193115234,11.174283981323242,0.3504645526409149,12.262099266052246,11.31417465209961
92,0,1,0,norm_only,14.42477035522461,14.3048996925354,1,0.6706349206349207,11.718968391418457,2.7207348346710205,10.975704193115234,11.174283981323242,0.3504645526409149,12.262099266052246,11.31417465209961
93,1,1,1,common_raw,152.56195068359375,134.97785186767578,1,0.6730205278592376,11.714132308959961,2.717930316925049,11.000377655029297,10.94371509552002,0.3437291085720062,12.247916221618652,11.319196701049805
93,1,1,1,common_orthogonalized,130.50636291503906,132.73289489746094,-1,0.5708211143695014,11.714132308959961,2.717930316925049,11.000377655029297,10.94371509552002,0.3437291085720062,12.247916221618652,11.319196701049805
93,1,1,1,difference_reference,14.887784957885742,10.770583152770996,1,0.8829912023460411,11.714132308959961,2.717930316925049,11.000377655029297,10.94371509552002,0.3437291085720062,12.247916221618652,11.319196701049805
93,1,1,1,norm_only,17.050161361694336,14.3048996925354,1,0.6648093841642229,11.714132308959961,2.717930316925049,11.000377655029297,10.94371509552002,0.3437291085720062,12.247916221618652,11.319196701049805
94,0,1,0,common_raw,143.42193603515625,134.97840881347656,1,0.6812169312169312,11.711482048034668,2.733736753463745,10.953350067138672,11.331962585449219,0.35394564270973206,12.262099266052246,11.3002290725708
94,0,1,0,common_orthogonalized,128.3335418701172,131.75191497802734,-1,0.5727513227513228,11.711482048034668,2.733736753463745,10.953350067138672,11.331962585449219,0.35394564270973206,12.262099266052246,11.3002290725708
94,0,0,1,difference_reference,9.95065689086914,10.948689460754395,1,0.8822751322751323,11.711482048034668,2.733736753463745,10.953350067138672,11.331962585449219,0.35394564270973206,12.262099266052246,11.3002290725708
94,0,1,0,norm_only,16.237993240356445,14.3048996925354,1,0.6706349206349207,11.711482048034668,2.733736753463745,10.953350067138672,11.331962585449219,0.35394564270973206,12.262099266052246,11.3002290725708
95,0,0,1,common_raw,131.2242889404297,135.0002899169922,1,0.671957671957672,11.721338272094727,2.721497058868408,10.98642349243164,11.117671966552734,0.3485208749771118,12.262099266052246,11.319177627563477
95,0,1,0,common_orthogonalized,119.82067108154297,132.16271209716797,-1,0.5740740740740741,11.721338272094727,2.721497058868408,10.98642349243164,11.117671966552734,0.3485208749771118,12.262099266052246,11.319177627563477
95,0,0,1,difference_reference,7.597046852111816,10.934770107269287,1,0.8835978835978836,11.721338272094727,2.721497058868408,10.98642349243164,11.117671966552734,0.3485208749771118,12.262099266052246,11.319177627563477
95,0,1,0,norm_only,14.289297103881836,14.246029376983643,1,0.6693121693121693,11.721338272094727,2.721497058868408,10.98642349243164,11.117671966552734,0.3485208749771118,12.262099266052246,11.319177627563477
96,0,0,1,common_raw,132.93350219726562,134.9923324584961,1,0.671957671957672,11.720024108886719,2.7317287921905518,10.988412857055664,11.13452434539795,0.3477807939052582,12.262099266052246,11.317687034606934
96,0,1,0,common_orthogonalized,119.48705291748047,132.27224731445312,-1,0.5740740740740741,11.720024108886719,2.7317287921905518,10.988412857055664,11.13452434539795,0.3477807939052582,12.262099266052246,11.317687034606934
96,0,0,1,difference_reference,9.011798858642578,10.801016807556152,1,0.8822751322751323,11.720024108886719,2.7317287921905518,10.988412857055664,11.13452434539795,0.3477807939052582,12.262099266052246,11.317687034606934
96,0,0,1,norm_only,13.93820571899414,14.3048996925354,1,0.6613756613756614,11.720024108886719,2.7317287921905518,10.988412857055664,11.13452434539795,0.3477807939052582,12.262099266052246,11.317687034606934
97,0,0,1,common_raw,126.10670471191406,135.03614807128906,1,0.671957671957672,11.725486755371094,2.7249250411987305,11.006563186645508,11.015775680541992,0.3447701334953308,12.262099266052246,11.32817554473877
97,0,1,0,common_orthogonalized,114.48238372802734,132.66065979003906,-1,0.5740740740740741,11.725486755371094,2.7249250411987305,11.006563186645508,11.015775680541992,0.3447701334953308,12.262099266052246,11.32817554473877
97,0,0,1,difference_reference,7.835417747497559,10.895373821258545,1,0.8835978835978836,11.725486755371094,2.7249250411987305,11.006563186645508,11.015775680541992,0.3447701334953308,12.262099266052246,11.32817554473877
97,0,0,1,norm_only,13.247218132019043,14.3048996925354,1,0.6613756613756614,11.725486755371094,2.7249250411987305,11.006563186645508,11.015775680541992,0.3447701334953308,12.262099266052246,11.32817554473877
98,0,1,0,common_raw,148.64910888671875,134.85159301757812,1,0.6812169312169312,11.707143783569336,2.7299039363861084,10.931588172912598,11.438780784606934,0.3579162657260895,12.262099266052246,11.290771484375
98,0,0,1,common_orthogonalized,133.4505615234375,131.74881744384766,-1,0.5714285714285714,11.707143783569336,2.7299039363861084,10.931588172912598,11.438780784606934,0.3579162657260895,12.262099266052246,11.290771484375
98,0,0,1,difference_reference,9.901869773864746,11.057807922363281,1,0.8822751322751323,11.707143783569336,2.7299039363861084,10.931588172912598,11.438780784606934,0.3579162657260895,12.262099266052246,11.290771484375
98,0,1,0,norm_only,17.873779296875,14.3048996925354,1,0.6706349206349207,11.707143783569336,2.7299039363861084,10.931588172912598,11.438780784606934,0.3579162657260895,12.262099266052246,11.290771484375
99,0,0,1,common_raw,125.88715362548828,135.13853454589844,1,0.671957671957672,11.725476264953613,2.708815574645996,10.994674682617188,11.037861824035645,0.34751617908477783,12.262099266052246,11.326225280761719
99,0,1,0,common_orthogonalized,116.96221160888672,132.57791137695312,-1,0.5740740740740741,11.725476264953613,2.708815574645996,10.994674682617188,11.037861824035645,0.34751617908477783,12.262099266052246,11.326225280761719
99,0,0,1,difference_reference,5.933077812194824,10.657683372497559,1,0.8822751322751323,11.725476264953613,2.708815574645996,10.994674682617188,11.037861824035645,0.34751617908477783,12.262099266052246,11.326225280761719
99,0,1,0,norm_only,15.009623527526855,14.3048996925354,1,0.6706349206349207,11.725476264953613,2.708815574645996,10.994674682617188,11.037861824035645,0.34751617908477783,12.262099266052246,11.326225280761719
100,0,0,1,common_raw,134.1514434814453,134.95653533935547,1,0.671957671957672,11.718987464904785,2.7279179096221924,10.981172561645508,11.164008140563965,0.3492197096347809,12.262099266052246,11.315081596374512
100,0,1,0,common_orthogonalized,121.195068359375,131.82420349121094,-1,0.5740740740740741,11.718987464904785,2.7279179096221924,10.981172561645508,11.164008140563965,0.3492197096347809,12.262099266052246,11.315081596374512
100,0,0,1,difference_reference,8.636272430419922,10.812516212463379,1,0.8822751322751323,11.718987464904785,2.7279179096221924,10.981172561645508,11.164008140563965,0.3492197096347809,12.262099266052246,11.315081596374512
100,0,1,0,norm_only,14.642130851745605,14.3048996925354,1,0.6706349206349207,11.718987464904785,2.7279179096221924,10.981172561645508,11.164008140563965,0.3492197096347809,12.262099266052246,11.315081596374512
101,0,1,0,common_raw,156.17959594726562,134.85201263427734,1,0.6812169312169312,11.70109748840332,2.7730331420898438,10.938676834106445,11.520959854125977,0.3550642728805542,12.262099266052246,11.283492088317871
101,0,1,0,common_orthogonalized,131.40997314453125,131.46554565429688,-1,0.5727513227513228,11.70109748840332,2.7730331420898438,10.938676834106445,11.520959854125977,0.3550642728805542,12.262099266052246,11.283492088317871
101,0,1,0,difference_reference,16.532577514648438,11.277993202209473,1,0.8835978835978836,11.70109748840332,2.7730331420898438,10.938676834106445,11.520959854125977,0.3550642728805542,12.262099266052246,11.283492088317871
101,0,1,0,norm_only,18.534011840820312,14.3048996925354,1,0.6706349206349207,11.70109748840332,2.7730331420898438,10.938676834106445,11.520959854125977,0.3550642728805542,12.262099266052246,11.283492088317871
102,1,0,0,common_raw,121.77393341064453,135.26458740234375,1,0.6810850439882699,11.735538482666016,2.746417284011841,10.965242385864258,11.484596252441406,0.3563249111175537,12.291998863220215,11.319196701049805
102,1,1,1,common_orthogonalized,105.43622589111328,131.43905639648438,-1,0.5708211143695014,11.735538482666016,2.746417284011841,10.965242385864258,11.484596252441406,0.3563249111175537,12.291998863220215,11.319196701049805
102,1,0,0,difference_reference,10.730215072631836,11.09901237487793,1,0.8819648093841642,11.735538482666016,2.746417284011841,10.965242385864258,11.484596252441406,0.3563249111175537,12.291998863220215,11.319196701049805
102,1,1,1,norm_only,14.418196678161621,14.3048996925354,1,0.6648093841642229,11.735538482666016,2.746417284011841,10.965242385864258,11.484596252441406,0.3563249111175537,12.291998863220215,11.319196701049805
103,0,1,0,common_raw,144.1727294921875,134.9032440185547,1,0.6812169312169312,11.710923194885254,2.7510416507720947,10.96403694152832,11.321328163146973,0.35140591859817505,12.262099266052246,11.301169395446777
103,0,1,0,common_orthogonalized,125.58484649658203,132.25515747070312,-1,0.582010582010582,11.710923194885254,2.7510416507720947,10.96403694152832,11.321328163146973,0.35140591859817505,12.262099266052246,11.301169395446777
103,0,1,0,difference_reference,12.425872802734375,10.040875911712646,1,0.8783068783068784,11.710923194885254,2.7510416507720947,10.96403694152832,11.321328163146973,0.35140591859817505,12.262099266052246,11.301169395446777
103,0,1,0,norm_only,15.944616317749023,14.3048996925354,1,0.6706349206349207,11.710923194885254,2.7510416507720947,10.96403694152832,11.321328163146973,0.35140591859817505,12.262099266052246,11.301169395446777
104,0,0,1,common_raw,126.02819061279297,135.12442779541016,1,0.671957671957672,11.725271224975586,2.760174512863159,11.030826568603516,10.972471237182617,0.33903536200523376,12.262099266052246,11.331997871398926
104,0,1,0,common_orthogonalized,106.2157974243164,133.23434448242188,-1,0.5740740740740741,11.725271224975586,2.760174512863159,11.030826568603516,10.972471237182617,0.33903536200523376,12.262099266052246,11.331997871398926
104,0,1,0,difference_reference,13.756436347961426,9.309873104095459,1,0.8849206349206349,11.725271224975586,2.760174512863159,11.030826568603516,10.972471237182617,0.33903536200523376,12.262099266052246,11.331997871398926
104,0,1,0,norm_only,15.847850799560547,14.3048996925354,1,0.6706349206349207,11.725271224975586,2.760174512863159,11.030826568603516,10.972471237182617,0.33903536200523376,12.262099266052246,11.331997871398926
105,0,1,0,common_raw,138.93392944335938,135.01786041259766,1,0.6812169312169312,11.714858055114746,2.711932897567749,10.951233863830566,11.282547950744629,0.35513314604759216,12.262099266052246,11.304601669311523
105,0,1,0,common_orthogonalized,127.92236328125,131.6734161376953,-1,0.5727513227513228,11.714858055114746,2.711932897567749,10.951233863830566,11.282547950744629,0.35513314604759216,12.262099266052246,11.304601669311523
105,0,0,1,difference_reference,7.177947521209717,10.852555274963379,1,0.8822751322751323,11.714858055114746,2.711932897567749,10.951233863830566,11.282547950744629,0.35513314604759216,12.262099266052246,11.304601669311523
105,0,1,0,norm_only,17.619705200195312,14.3048996925354,1,0.6706349206349207,11.714858055114746,2.711932897567749,10.951233863830566,11.282547950744629,0.35513314604759216,12.262099266052246,11.304601669311523
106,0,1,0,common_raw,135.16517639160156,135.07437896728516,1,0.6812169312169312,11.71779727935791,2.72617506980896,10.974770545959473,11.194317817687988,0.3504272699356079,12.262099266052246,11.312403678894043
106,0,1,0,common_orthogonalized,121.05305480957031,131.9406509399414,-1,0.5740740740740741,11.71779727935791,2.72617506980896,10.974770545959473,11.194317817687988,0.3504272699356079,12.262099266052246,11.312403678894043
106,0,0,1,difference_reference,9.369190216064453,10.796738147735596,1,0.8822751322751323,11.71779727935791,2.72617506980896,10.974770545959473,11.194317817687988,0.3504272699356079,12.262099266052246,11.312403678894043
106,0,1,0,norm_only,17.923828125,14.3048996925354,1,0.6706349206349207,11.71779727935791,2.72617506980896,10.974770545959473,11.194317817687988,0.3504272699356079,12.262099266052246,11.312403678894043
107,1,0,0,common_raw,117.09696197509766,135.20508575439453,1,0.6810850439882699,11.738899230957031,2.768655300140381,10.966557502746582,11.594156265258789,0.35673266649246216,12.300908088684082,11.319196701049805
107,1,1,1,common_orthogonalized,105.96849822998047,131.89958953857422,-1,0.5788856304985337,11.738899230957031,2.768655300140381,10.966557502746582,11.594156265258789,0.35673266649246216,12.300908088684082,11.319196701049805
107,1,0,0,difference_reference,7.357577323913574,11.14197587966919,1,0.8900293255131965,11.738899230957031,2.768655300140381,10.966557502746582,11.594156265258789,0.35673266649246216,12.300908088684082,11.319196701049805
107,1,0,0,norm_only,12.43564224243164,14.3048996925354,1,0.6728739002932551,11.738899230957031,2.768655300140381,10.966557502746582,11.594156265258789,0.35673266649246216,12.300908088684082,11.319196701049805
108,0,1,0,common_raw,151.38088989257812,134.8907699584961,1,0.6812169312169312,11.70488166809082,2.7612316608428955,10.94591236114502,11.448715209960938,0.3542312681674957,12.262099266052246,11.28989315032959
108,0,1,0,common_orthogonalized,129.1563262939453,130.7866668701172,-1,0.5648148148148148,11.70488166809082,2.7612316608428955,10.94591236114502,11.448715209960938,0.3542312681674957,12.262099266052246,11.28989315032959
108,0,1,0,difference_reference,14.800671577453613,9.864471912384033,1,0.8849206349206349,11.70488166809082,2.7612316608428955,10.94591236114502,11.448715209960938,0.3542312681674957,12.262099266052246,11.28989315032959
108,0,1,0,norm_only,18.625606536865234,14.3048996925354,1,0.6706349206349207,11.70488166809082,2.7612316608428955,10.94591236114502,11.448715209960938,0.3542312681674957,12.262099266052246,11.28989315032959
109,1,1,1,common_raw,139.6444854736328,135.09593963623047,1,0.6730205278592376,11.723028182983398,2.7235891819000244,10.983619689941406,11.159902572631836,0.3495256006717682,12.265554428100586,11.319196701049805
109,1,1,1,common_orthogonalized,118.65614318847656,132.42298889160156,-1,0.5788856304985337,11.723028182983398,2.7235891819000244,10.983619689941406,11.159902572631836,0.3495256006717682,12.265554428100586,11.319196701049805
109,1,1,1,difference_reference,13.950859069824219,10.969451904296875,1,0.8910557184750734,11.723028182983398,2.7235891819000244,10.983619689941406,11.159902572631836,0.3495256006717682,12.265554428100586,11.319196701049805
109,1,1,1,norm_only,16.985841751098633,14.3048996925354,1,0.6648093841642229,11.723028182983398,2.7235891819000244,10.983619689941406,11.159902572631836,0.3495256006717682,12.265554428100586,11.319196701049805
110,1,1,1,common_raw,159.04347229003906,134.9812469482422,1,0.6730205278592376,11.709554672241211,2.7233312129974365,11.01175594329834,10.843820571899414,0.34004896879196167,12.239757537841797,11.319196701049805
110,1,0,0,common_orthogonalized,139.09759521484375,133.05628967285156,-1,0.5788856304985337,11.709554672241211,2.7233312129974365,11.01175594329834,10.843820571899414,0.34004896879196167,12.239757537841797,11.319196701049805
110,1,1,1,difference_reference,13.641775131225586,10.585597038269043,1,0.8819648093841642,11.709554672241211,2.7233312129974365,11.01175594329834,10.843820571899414,0.34004896879196167,12.239757537841797,11.319196701049805
110,1,1,1,norm_only,18.227561950683594,14.3048996925354,1,0.6648093841642229,11.709554672241211,2.7233312129974365,11.01175594329834,10.843820571899414,0.34004896879196167,12.239757537841797,11.319196701049805
111,0,1,0,common_raw,142.84019470214844,135.0118865966797,1,0.6812169312169312,11.711827278137207,2.764707326889038,10.978013038635254,11.281283378601074,0.34840524196624756,12.262099266052246,11.30471420288086
111,0,1,0,common_orthogonalized,120.94286346435547,132.28681182861328,-1,0.582010582010582,11.711827278137207,2.764707326889038,10.978013038635254,11.281283378601074,0.34840524196624756,12.262099266052246,11.30471420288086
111,0,1,0,difference_reference,14.836492538452148,10.927700519561768,1,0.8915343915343915,11.711827278137207,2.764707326889038,10.978013038635254,11.281283378601074,0.34840524196624756,12.262099266052246,11.30471420288086
111,0,1,0,norm_only,17.168960571289062,14.3048996925354,1,0.6706349206349207,11.711827278137207,2.764707326889038,10.978013038635254,11.281283378601074,0.34840524196624756,12.262099266052246,11.30471420288086
112,1,1,1,common_raw,157.33290100097656,134.8489990234375,1,0.6730205278592376,11.71078109741211,2.7002270221710205,11.001036643981934,10.841212272644043,0.34284016489982605,12.239544868469238,11.319196701049805
112,1,1,1,common_orthogonalized,131.06483459472656,132.78663635253906,-1,0.5708211143695014,11.71078109741211,2.7002270221710205,11.001036643981934,10.841212272644043,0.34284016489982605,12.239544868469238,11.319196701049805
112,1,1,1,difference_reference,17.66651725769043,9.419096946716309,1,0.8859237536656891,11.71078109741211,2.7002270221710205,11.001036643981934,10.841212272644043,0.34284016489982605,12.239544868469238,11.319196701049805
112,1,1,1,norm_only,17.744216918945312,14.3048996925354,1,0.6648093841642229,11.71078109741211,2.7002270221710205,11.001036643981934,10.841212272644043,0.34284016489982605,12.239544868469238,11.319196701049805
113,0,0,1,common_raw,128.0028839111328,135.07796478271484,1,0.671957671957672,11.723590850830078,2.7184388637542725,10.993759155273438,11.069039344787598,0.34731993079185486,12.262099266052246,11.323472023010254
113,0,1,0,common_orthogonalized,116.18653106689453,131.79949951171875,-1,0.5740740740740741,11.723590850830078,2.7184388637542725,10.993759155273438,11.069039344787598,0.34731993079185486,12.262099266052246,11.323472023010254
113,0,0,1,difference_reference,7.888836860656738,9.515574932098389,1,0.8756613756613756,11.723590850830078,2.7184388637542725,10.993759155273438,11.069039344787598,0.34731993079185486,12.262099266052246,11.323472023010254
113,0,1,0,norm_only,16.85857582092285,14.3048996925354,1,0.6706349206349207,11.723590850830078,2.7184388637542725,10.993759155273438,11.069039344787598,0.34731993079185486,12.262099266052246,11.323472023010254
114,0,1,0,common_raw,145.5441436767578,134.99456024169922,1,0.6812169312169312,11.709590911865234,2.720425844192505,10.934866905212402,11.3944091796875,0.3576952815055847,12.262099266052246,11.294702529907227
114,0,0,1,common_orthogonalized,132.41122436523438,131.4142608642578,-1,0.5727513227513228,11.709590911865234,2.720425844192505,10.934866905212402,11.3944091796875,0.3576952815055847,12.262099266052246,11.294702529907227
114,0,0,1,difference_reference,8.529881477355957,11.10859727859497,1,0.8822751322751323,11.709590911865234,2.720425844192505,10.934866905212402,11.3944091796875,0.3576952815055847,12.262099266052246,11.294702529907227
114,0,1,0,norm_only,17.942398071289062,14.3048996925354,1,0.6706349206349207,11.709590911865234,2.720425844192505,10.934866905212402,11.3944091796875,0.3576952815055847,12.262099266052246,11.294702529907227
115,0,1,0,common_raw,151.11276245117188,134.94224548339844,1,0.6812169312169312,11.70522689819336,2.745851516723633,10.935629844665527,11.461853981018066,0.3566136658191681,12.262099266052246,11.288728713989258
115,0,0,1,common_orthogonalized,132.59376525878906,130.7344207763672,-1,0.5648148148148148,11.70522689819336,2.745851516723633,10.935629844665527,11.461853981018066,0.3566136658191681,12.262099266052246,11.288728713989258
115,0,1,0,difference_reference,12.18194580078125,10.031813621520996,1,0.876984126984127,11.70522689819336,2.745851516723633,10.935629844665527,11.461853981018066,0.3566136658191681,12.262099266052246,11.288728713989258
115,0,1,0,norm_only,17.63736915588379,14.3048996925354,1,0.6706349206349207,11.70522689819336,2.745851516723633,10.935629844665527,11.461853981018066,0.3566136658191681,12.262099266052246,11.288728713989258
116,0,0,1,common_raw,116.06864929199219,135.17720794677734,1,0.671957671957672,11.733443260192871,2.732679605484009,11.04538631439209,10.818500518798828,0.33740606904029846,12.262099266052246,11.345576286315918
116,0,1,0,common_orthogonalized,103.18772888183594,133.69091796875,-1,0.5740740740740741,11.733443260192871,2.732679605484009,11.04538631439209,10.818500518798828,0.33740606904029846,12.262099266052246,11.345576286315918
116,0,0,1,difference_reference,8.89114761352539,9.056949138641357,1,0.8835978835978835,11.733443260192871,2.732679605484009,11.04538631439209,10.818500518798828,0.33740606904029846,12.262099266052246,11.345576286315918
116,0,0,1,norm_only,12.887762069702148,14.3048996925354,1,0.6613756613756614,11.733443260192871,2.732679605484009,11.04538631439209,10.818500518798828,0.33740606904029846,12.262099266052246,11.345576286315918
117,0,1,0,common_raw,147.14500427246094,134.96502685546875,1,0.6812169312169312,11.708354949951172,2.7454469203948975,10.948816299438477,11.389140129089355,0.3543088436126709,12.262099266052246,11.295169830322266
117,0,1,0,common_orthogonalized,128.79486083984375,131.4275131225586,-1,0.5727513227513228,11.708354949951172,2.7454469203948975,10.948816299438477,11.389140129089355,0.3543088436126709,12.262099266052246,11.295169830322266
117,0,1,0,difference_reference,12.144372940063477,9.775938034057617,1,0.8756613756613756,11.708354949951172,2.7454469203948975,10.948816299438477,11.389140129089355,0.3543088436126709,12.262099266052246,11.295169830322266
117,0,1,0,norm_only,17.705873489379883,14.3048996925354,1,0.6706349206349207,11.708354949951172,2.7454469203948975,10.948816299438477,11.389140129089355,0.3543088436126709,12.262099266052246,11.295169830322266
