heldout_stimulus_index,k,true_label,pred,score,correct,fold_stopped_at_k
0,1,1,1,0.0010606975993141532,1,9
0,2,1,0,-7.587345317006111e-05,0,9
0,3,1,0,-6.144905637484044e-05,0,9
0,4,1,0,-6.415709503926337e-05,0,9
0,5,1,0,-0.0002545174793340266,0,9
0,6,1,0,-0.0008416657219640911,0,9
0,7,1,0,-0.0008031650795601308,0,9
0,8,1,0,-0.0009326782310381532,0,9
0,9,1,0,-0.0013728615595027804,0,9
0,10,1,0,-0.0013728615595027804,0,9
0,11,1,0,-0.0013728615595027804,0,9
0,12,1,0,-0.0013728615595027804,0,9
0,13,1,0,-0.0013728615595027804,0,9
0,14,1,0,-0.0013728615595027804,0,9
0,15,1,0,-0.0013728615595027804,0,9
0,16,1,0,-0.0013728615595027804,0,9
0,17,1,0,-0.0013728615595027804,0,9
0,18,1,0,-0.0013728615595027804,0,9
0,19,1,0,-0.0013728615595027804,0,9
0,20,1,0,-0.0013728615595027804,0,9
0,21,1,0,-0.0013728615595027804,0,9
0,22,1,0,-0.0013728615595027804,0,9
0,23,1,0,-0.0013728615595027804,0,9
0,24,1,0,-0.0013728615595027804,0,9
0,25,1,0,-0.0013728615595027804,0,9
0,26,1,0,-0.0013728615595027804,0,9
0,27,1,0,-0.0013728615595027804,0,9
0,28,1,0,-0.0013728615595027804,0,9
0,29,1,0,-0.0013728615595027804,0,9
0,30,1,0,-0.0013728615595027804,0,9
0,31,1,0,-0.0013728615595027804,0,9
0,32,1,0,-0.0013728615595027804,0,9
0,33,1,0,-0.0013728615595027804,0,9
0,34,1,0,-0.0013728615595027804,0,9
0,35,1,0,-0.0013728615595027804,0,9
0,36,1,0,-0.0013728615595027804,0,9
0,37,1,0,-0.0013728615595027804,0,9
0,38,1,0,-0.0013728615595027804,0,9
0,39,1,0,-0.0013728615595027804,0,9
0,40,1,0,-0.0013728615595027804,0,9
0,41,1,0,-0.0013728615595027804,0,9
0,42,1,0,-0.0013728615595027804,0,9
0,43,1,0,-0.0013728615595027804,0,9
0,44,1,0,-0.0013728615595027804,0,9
0,45,1,0,-0.0013728615595027804,0,9
0,46,1,0,-0.0013728615595027804,0,9
0,47,1,0,-0.0013728615595027804,0,9
0,48,1,0,-0.0013728615595027804,0,9
0,49,1,0,-0.0013728615595027804,0,9
0,50,1,0,-0.0013728615595027804,0,9
0,51,1,0,-0.0013728615595027804,0,9
0,52,1,0,-0.0013728615595027804,0,9
0,53,1,0,-0.0013728615595027804,0,9
0,54,1,0,-0.0013728615595027804,0,9
0,55,1,0,-0.0013728615595027804,0,9
0,56,1,0,-0.0013728615595027804,0,9
0,57,1,0,-0.0013728615595027804,0,9
0,58,1,0,-0.0013728615595027804,0,9
0,59,1,0,-0.0013728615595027804,0,9
0,60,1,0,-0.0013728615595027804,0,9
0,61,1,0,-0.0013728615595027804,0,9
0,62,1,0,-0.0013728615595027804,0,9
0,63,1,0,-0.0013728615595027804,0,9
0,64,1,0,-0.0013728615595027804,0,9
0,65,1,0,-0.0013728615595027804,0,9
0,66,1,0,-0.0013728615595027804,0,9
0,67,1,0,-0.0013728615595027804,0,9
0,68,1,0,-0.0013728615595027804,0,9
0,69,1,0,-0.0013728615595027804,0,9
0,70,1,0,-0.0013728615595027804,0,9
0,71,1,0,-0.0013728615595027804,0,9
0,72,1,0,-0.0013728615595027804,0,9
0,73,1,0,-0.0013728615595027804,0,9
0,74,1,0,-0.0013728615595027804,0,9
0,75,1,0,-0.0013728615595027804,0,9
0,76,1,0,-0.0013728615595027804,0,9
0,77,1,0,-0.0013728615595027804,0,9
0,78,1,0,-0.0013728615595027804,0,9
0,79,1,0,-0.0013728615595027804,0,9
0,80,1,0,-0.0013728615595027804,0,9
0,81,1,0,-0.0013728615595027804,0,9
0,82,1,0,-0.0013728615595027804,0,9
0,83,1,0,-0.0013728615595027804,0,9
0,84,1,0,-0.0013728615595027804,0,9
0,85,1,0,-0.0013728615595027804,0,9
0,86,1,0,-0.0013728615595027804,0,9
0,87,1,0,-0.0013728615595027804,0,9
0,88,1,0,-0.0013728615595027804,0,9
0,89,1,0,-0.0013728615595027804,0,9
0,90,1,0,-0.0013728615595027804,0,9
0,91,1,0,-0.0013728615595027804,0,9
0,92,1,0,-0.0013728615595027804,0,9
0,93,1,0,-0.0013728615595027804,0,9
0,94,1,0,-0.0013728615595027804,0,9
0,95,1,0,-0.0013728615595027804,0,9
0,96,1,0,-0.0013728615595027804,0,9
0,97,1,0,-0.0013728615595027804,0,9
0,98,1,0,-0.0013728615595027804,0,9
0,99,1,0,-0.0013728615595027804,0,9
0,100,1,0,-0.0013728615595027804,0,9
1,1,1,0,-0.00010759738506749272,0,7
1,2,1,0,-0.001244168495759368,0,7
1,3,1,0,-0.0022344922181218863,0,7
1,4,1,0,-0.0013764610048383474,0,7
1,5,1,0,-0.0015284172259271145,0,7
1,6,1,0,-0.002937949262559414,0,7
1,7,1,0,-0.003174662357196212,0,7
1,8,1,0,-0.003174662357196212,0,7
1,9,1,0,-0.003174662357196212,0,7
1,10,1,0,-0.003174662357196212,0,7
1,11,1,0,-0.003174662357196212,0,7
1,12,1,0,-0.003174662357196212,0,7
1,13,1,0,-0.003174662357196212,0,7
1,14,1,0,-0.003174662357196212,0,7
1,15,1,0,-0.003174662357196212,0,7
1,16,1,0,-0.003174662357196212,0,7
1,17,1,0,-0.003174662357196212,0,7
1,18,1,0,-0.003174662357196212,0,7
1,19,1,0,-0.003174662357196212,0,7
1,20,1,0,-0.003174662357196212,0,7
1,21,1,0,-0.003174662357196212,0,7
1,22,1,0,-0.003174662357196212,0,7
1,23,1,0,-0.003174662357196212,0,7
1,24,1,0,-0.003174662357196212,0,7
1,25,1,0,-0.003174662357196212,0,7
1,26,1,0,-0.003174662357196212,0,7
1,27,1,0,-0.003174662357196212,0,7
1,28,1,0,-0.003174662357196212,0,7
1,29,1,0,-0.003174662357196212,0,7
1,30,1,0,-0.003174662357196212,0,7
1,31,1,0,-0.003174662357196212,0,7
1,32,1,0,-0.003174662357196212,0,7
1,33,1,0,-0.003174662357196212,0,7
1,34,1,0,-0.003174662357196212,0,7
1,35,1,0,-0.003174662357196212,0,7
1,36,1,0,-0.003174662357196212,0,7
1,37,1,0,-0.003174662357196212,0,7
1,38,1,0,-0.003174662357196212,0,7
1,39,1,0,-0.003174662357196212,0,7
1,40,1,0,-0.003174662357196212,0,7
1,41,1,0,-0.003174662357196212,0,7
1,42,1,0,-0.003174662357196212,0,7
1,43,1,0,-0.003174662357196212,0,7
1,44,1,0,-0.003174662357196212,0,7
1,45,1,0,-0.003174662357196212,0,7
1,46,1,0,-0.003174662357196212,0,7
1,47,1,0,-0.003174662357196212,0,7
1,48,1,0,-0.003174662357196212,0,7
1,49,1,0,-0.003174662357196212,0,7
1,50,1,0,-0.003174662357196212,0,7
1,51,1,0,-0.003174662357196212,0,7
1,52,1,0,-0.003174662357196212,0,7
1,53,1,0,-0.003174662357196212,0,7
1,54,1,0,-0.003174662357196212,0,7
1,55,1,0,-0.003174662357196212,0,7
1,56,1,0,-0.003174662357196212,0,7
1,57,1,0,-0.003174662357196212,0,7
1,58,1,0,-0.003174662357196212,0,7
1,59,1,0,-0.003174662357196212,0,7
1,60,1,0,-0.003174662357196212,0,7
1,61,1,0,-0.003174662357196212,0,7
1,62,1,0,-0.003174662357196212,0,7
1,63,1,0,-0.003174662357196212,0,7
1,64,1,0,-0.003174662357196212,0,7
1,65,1,0,-0.003174662357196212,0,7
1,66,1,0,-0.003174662357196212,0,7
1,67,1,0,-0.003174662357196212,0,7
1,68,1,0,-0.003174662357196212,0,7
1,69,1,0,-0.003174662357196212,0,7
1,70,1,0,-0.003174662357196212,0,7
1,71,1,0,-0.003174662357196212,0,7
1,72,1,0,-0.003174662357196212,0,7
1,73,1,0,-0.003174662357196212,0,7
1,74,1,0,-0.003174662357196212,0,7
1,75,1,0,-0.003174662357196212,0,7
1,76,1,0,-0.003174662357196212,0,7
1,77,1,0,-0.003174662357196212,0,7
1,78,1,0,-0.003174662357196212,0,7
1,79,1,0,-0.003174662357196212,0,7
1,80,1,0,-0.003174662357196212,0,7
1,81,1,0,-0.003174662357196212,0,7
1,82,1,0,-0.003174662357196212,0,7
1,83,1,0,-0.003174662357196212,0,7
1,84,1,0,-0.003174662357196212,0,7
1,85,1,0,-0.003174662357196212,0,7
1,86,1,0,-0.003174662357196212,0,7
1,87,1,0,-0.003174662357196212,0,7
1,88,1,0,-0.003174662357196212,0,7
1,89,1,0,-0.003174662357196212,0,7
1,90,1,0,-0.003174662357196212,0,7
1,91,1,0,-0.003174662357196212,0,7
1,92,1,0,-0.003174662357196212,0,7
1,93,1,0,-0.003174662357196212,0,7
1,94,1,0,-0.003174662357196212,0,7
1,95,1,0,-0.003174662357196212,0,7
1,96,1,0,-0.003174662357196212,0,7
1,97,1,0,-0.003174662357196212,0,7
1,98,1,0,-0.003174662357196212,0,7
1,99,1,0,-0.003174662357196212,0,7
1,100,1,0,-0.003174662357196212,0,7
2,1,1,1,0.0010606975993141532,1,13
2,2,1,1,0.0018581028562039137,1,13
2,3,1,1,0.008912787772715092,1,13
2,4,1,1,0.008317189291119576,1,13
2,5,1,1,0.008362728171050549,1,13
2,6,1,1,0.009236155077815056,1,13
2,7,1,1,0.009263141080737114,1,13
2,8,1,1,0.008853709325194359,1,13
2,9,1,1,0.008682085201144218,1,13
2,10,1,1,0.008543779142200947,1,13
2,11,1,1,0.009082897566258907,1,13
2,12,1,1,0.009941413067281246,1,13
2,13,1,1,0.00989233236759901,1,13
2,14,1,1,0.00989233236759901,1,13
2,15,1,1,0.00989233236759901,1,13
2,16,1,1,0.00989233236759901,1,13
2,17,1,1,0.00989233236759901,1,13
2,18,1,1,0.00989233236759901,1,13
2,19,1,1,0.00989233236759901,1,13
2,20,1,1,0.00989233236759901,1,13
2,21,1,1,0.00989233236759901,1,13
2,22,1,1,0.00989233236759901,1,13
2,23,1,1,0.00989233236759901,1,13
2,24,1,1,0.00989233236759901,1,13
2,25,1,1,0.00989233236759901,1,13
2,26,1,1,0.00989233236759901,1,13
2,27,1,1,0.00989233236759901,1,13
2,28,1,1,0.00989233236759901,1,13
2,29,1,1,0.00989233236759901,1,13
2,30,1,1,0.00989233236759901,1,13
2,31,1,1,0.00989233236759901,1,13
2,32,1,1,0.00989233236759901,1,13
2,33,1,1,0.00989233236759901,1,13
2,34,1,1,0.00989233236759901,1,13
2,35,1,1,0.00989233236759901,1,13
2,36,1,1,0.00989233236759901,1,13
2,37,1,1,0.00989233236759901,1,13
2,38,1,1,0.00989233236759901,1,13
2,39,1,1,0.00989233236759901,1,13
2,40,1,1,0.00989233236759901,1,13
2,41,1,1,0.00989233236759901,1,13
2,42,1,1,0.00989233236759901,1,13
2,43,1,1,0.00989233236759901,1,13
2,44,1,1,0.00989233236759901,1,13
2,45,1,1,0.00989233236759901,1,13
2,46,1,1,0.00989233236759901,1,13
2,47,1,1,0.00989233236759901,1,13
2,48,1,1,0.00989233236759901,1,13
2,49,1,1,0.00989233236759901,1,13
2,50,1,1,0.00989233236759901,1,13
2,51,1,1,0.00989233236759901,1,13
2,52,1,1,0.00989233236759901,1,13
2,53,1,1,0.00989233236759901,1,13
2,54,1,1,0.00989233236759901,1,13
2,55,1,1,0.00989233236759901,1,13
2,56,1,1,0.00989233236759901,1,13
2,57,1,1,0.00989233236759901,1,13
2,58,1,1,0.00989233236759901,1,13
2,59,1,1,0.00989233236759901,1,13
2,60,1,1,0.00989233236759901,1,13
2,61,1,1,0.00989233236759901,1,13
2,62,1,1,0.00989233236759901,1,13
2,63,1,1,0.00989233236759901,1,13
2,64,1,1,0.00989233236759901,1,13
2,65,1,1,0.00989233236759901,1,13
2,66,1,1,0.00989233236759901,1,13
2,67,1,1,0.00989233236759901,1,13
2,68,1,1,0.00989233236759901,1,13
2,69,1,1,0.00989233236759901,1,13
2,70,1,1,0.00989233236759901,1,13
2,71,1,1,0.00989233236759901,1,13
2,72,1,1,0.00989233236759901,1,13
2,73,1,1,0.00989233236759901,1,13
2,74,1,1,0.00989233236759901,1,13
2,75,1,1,0.00989233236759901,1,13
2,76,1,1,0.00989233236759901,1,13
2,77,1,1,0.00989233236759901,1,13
2,78,1,1,0.00989233236759901,1,13
2,79,1,1,0.00989233236759901,1,13
2,80,1,1,0.00989233236759901,1,13
2,81,1,1,0.00989233236759901,1,13
2,82,1,1,0.00989233236759901,1,13
2,83,1,1,0.00989233236759901,1,13
2,84,1,1,0.00989233236759901,1,13
2,85,1,1,0.00989233236759901,1,13
2,86,1,1,0.00989233236759901,1,13
2,87,1,1,0.00989233236759901,1,13
2,88,1,1,0.00989233236759901,1,13
2,89,1,1,0.00989233236759901,1,13
2,90,1,1,0.00989233236759901,1,13
2,91,1,1,0.00989233236759901,1,13
2,92,1,1,0.00989233236759901,1,13
2,93,1,1,0.00989233236759901,1,13
2,94,1,1,0.00989233236759901,1,13
2,95,1,1,0.00989233236759901,1,13
2,96,1,1,0.00989233236759901,1,13
2,97,1,1,0.00989233236759901,1,13
2,98,1,1,0.00989233236759901,1,13
2,99,1,1,0.00989233236759901,1,13
2,100,1,1,0.00989233236759901,1,13
3,1,1,1,0.002215985208749771,1,6
3,2,1,1,0.0054099238477647305,1,6
3,3,1,1,0.004975336138159037,1,6
3,4,1,1,0.004608020186424255,1,6
3,5,1,1,0.004371307324618101,1,6
3,6,1,1,0.003718383377417922,1,6
3,7,1,1,0.003718383377417922,1,6
3,8,1,1,0.003718383377417922,1,6
3,9,1,1,0.003718383377417922,1,6
3,10,1,1,0.003718383377417922,1,6
3,11,1,1,0.003718383377417922,1,6
3,12,1,1,0.003718383377417922,1,6
3,13,1,1,0.003718383377417922,1,6
3,14,1,1,0.003718383377417922,1,6
3,15,1,1,0.003718383377417922,1,6
3,16,1,1,0.003718383377417922,1,6
3,17,1,1,0.003718383377417922,1,6
3,18,1,1,0.003718383377417922,1,6
3,19,1,1,0.003718383377417922,1,6
3,20,1,1,0.003718383377417922,1,6
3,21,1,1,0.003718383377417922,1,6
3,22,1,1,0.003718383377417922,1,6
3,23,1,1,0.003718383377417922,1,6
3,24,1,1,0.003718383377417922,1,6
3,25,1,1,0.003718383377417922,1,6
3,26,1,1,0.003718383377417922,1,6
3,27,1,1,0.003718383377417922,1,6
3,28,1,1,0.003718383377417922,1,6
3,29,1,1,0.003718383377417922,1,6
3,30,1,1,0.003718383377417922,1,6
3,31,1,1,0.003718383377417922,1,6
3,32,1,1,0.003718383377417922,1,6
3,33,1,1,0.003718383377417922,1,6
3,34,1,1,0.003718383377417922,1,6
3,35,1,1,0.003718383377417922,1,6
3,36,1,1,0.003718383377417922,1,6
3,37,1,1,0.003718383377417922,1,6
3,38,1,1,0.003718383377417922,1,6
3,39,1,1,0.003718383377417922,1,6
3,40,1,1,0.003718383377417922,1,6
3,41,1,1,0.003718383377417922,1,6
3,42,1,1,0.003718383377417922,1,6
3,43,1,1,0.003718383377417922,1,6
3,44,1,1,0.003718383377417922,1,6
3,45,1,1,0.003718383377417922,1,6
3,46,1,1,0.003718383377417922,1,6
3,47,1,1,0.003718383377417922,1,6
3,48,1,1,0.003718383377417922,1,6
3,49,1,1,0.003718383377417922,1,6
3,50,1,1,0.003718383377417922,1,6
3,51,1,1,0.003718383377417922,1,6
3,52,1,1,0.003718383377417922,1,6
3,53,1,1,0.003718383377417922,1,6
3,54,1,1,0.003718383377417922,1,6
3,55,1,1,0.003718383377417922,1,6
3,56,1,1,0.003718383377417922,1,6
3,57,1,1,0.003718383377417922,1,6
3,58,1,1,0.003718383377417922,1,6
3,59,1,1,0.003718383377417922,1,6
3,60,1,1,0.003718383377417922,1,6
3,61,1,1,0.003718383377417922,1,6
3,62,1,1,0.003718383377417922,1,6
3,63,1,1,0.003718383377417922,1,6
3,64,1,1,0.003718383377417922,1,6
3,65,1,1,0.003718383377417922,1,6
3,66,1,1,0.003718383377417922,1,6
3,67,1,1,0.003718383377417922,1,6
3,68,1,1,0.003718383377417922,1,6
3,69,1,1,0.003718383377417922,1,6
3,70,1,1,0.003718383377417922,1,6
3,71,1,1,0.003718383377417922,1,6
3,72,1,1,0.003718383377417922,1,6
3,73,1,1,0.003718383377417922,1,6
3,74,1,1,0.003718383377417922,1,6
3,75,1,1,0.003718383377417922,1,6
3,76,1,1,0.003718383377417922,1,6
3,77,1,1,0.003718383377417922,1,6
3,78,1,1,0.003718383377417922,1,6
3,79,1,1,0.003718383377417922,1,6
3,80,1,1,0.003718383377417922,1,6
3,81,1,1,0.003718383377417922,1,6
3,82,1,1,0.003718383377417922,1,6
3,83,1,1,0.003718383377417922,1,6
3,84,1,1,0.003718383377417922,1,6
3,85,1,1,0.003718383377417922,1,6
3,86,1,1,0.003718383377417922,1,6
3,87,1,1,0.003718383377417922,1,6
3,88,1,1,0.003718383377417922,1,6
3,89,1,1,0.003718383377417922,1,6
3,90,1,1,0.003718383377417922,1,6
3,91,1,1,0.003718383377417922,1,6
3,92,1,1,0.003718383377417922,1,6
3,93,1,1,0.003718383377417922,1,6
3,94,1,1,0.003718383377417922,1,6
3,95,1,1,0.003718383377417922,1,6
3,96,1,1,0.003718383377417922,1,6
3,97,1,1,0.003718383377417922,1,6
3,98,1,1,0.003718383377417922,1,6
3,99,1,1,0.003718383377417922,1,6
3,100,1,1,0.003718383377417922,1,6
4,1,1,0,-0.001288900151848793,0,9
4,2,1,0,-0.002425471320748329,0,9
4,3,1,0,-0.003001510165631771,0,9
4,4,1,0,-0.0019906344823539257,0,9
4,5,1,0,-0.00273556518368423,0,9
4,6,1,0,-0.0029808953404426575,0,9
4,7,1,0,-0.003284481819719076,0,9
4,8,1,0,-0.003795362077653408,0,9
4,9,1,0,-0.004159306641668081,0,9
4,10,1,0,-0.004159306641668081,0,9
4,11,1,0,-0.004159306641668081,0,9
4,12,1,0,-0.004159306641668081,0,9
4,13,1,0,-0.004159306641668081,0,9
4,14,1,0,-0.004159306641668081,0,9
4,15,1,0,-0.004159306641668081,0,9
4,16,1,0,-0.004159306641668081,0,9
4,17,1,0,-0.004159306641668081,0,9
4,18,1,0,-0.004159306641668081,0,9
4,19,1,0,-0.004159306641668081,0,9
4,20,1,0,-0.004159306641668081,0,9
4,21,1,0,-0.004159306641668081,0,9
4,22,1,0,-0.004159306641668081,0,9
4,23,1,0,-0.004159306641668081,0,9
4,24,1,0,-0.004159306641668081,0,9
4,25,1,0,-0.004159306641668081,0,9
4,26,1,0,-0.004159306641668081,0,9
4,27,1,0,-0.004159306641668081,0,9
4,28,1,0,-0.004159306641668081,0,9
4,29,1,0,-0.004159306641668081,0,9
4,30,1,0,-0.004159306641668081,0,9
4,31,1,0,-0.004159306641668081,0,9
4,32,1,0,-0.004159306641668081,0,9
4,33,1,0,-0.004159306641668081,0,9
4,34,1,0,-0.004159306641668081,0,9
4,35,1,0,-0.004159306641668081,0,9
4,36,1,0,-0.004159306641668081,0,9
4,37,1,0,-0.004159306641668081,0,9
4,38,1,0,-0.004159306641668081,0,9
4,39,1,0,-0.004159306641668081,0,9
4,40,1,0,-0.004159306641668081,0,9
4,41,1,0,-0.004159306641668081,0,9
4,42,1,0,-0.004159306641668081,0,9
4,43,1,0,-0.004159306641668081,0,9
4,44,1,0,-0.004159306641668081,0,9
4,45,1,0,-0.004159306641668081,0,9
4,46,1,0,-0.004159306641668081,0,9
4,47,1,0,-0.004159306641668081,0,9
4,48,1,0,-0.004159306641668081,0,9
4,49,1,0,-0.004159306641668081,0,9
4,50,1,0,-0.004159306641668081,0,9
4,51,1,0,-0.004159306641668081,0,9
4,52,1,0,-0.004159306641668081,0,9
4,53,1,0,-0.004159306641668081,0,9
4,54,1,0,-0.004159306641668081,0,9
4,55,1,0,-0.004159306641668081,0,9
4,56,1,0,-0.004159306641668081,0,9
4,57,1,0,-0.004159306641668081,0,9
4,58,1,0,-0.004159306641668081,0,9
4,59,1,0,-0.004159306641668081,0,9
4,60,1,0,-0.004159306641668081,0,9
4,61,1,0,-0.004159306641668081,0,9
4,62,1,0,-0.004159306641668081,0,9
4,63,1,0,-0.004159306641668081,0,9
4,64,1,0,-0.004159306641668081,0,9
4,65,1,0,-0.004159306641668081,0,9
4,66,1,0,-0.004159306641668081,0,9
4,67,1,0,-0.004159306641668081,0,9
4,68,1,0,-0.004159306641668081,0,9
4,69,1,0,-0.004159306641668081,0,9
4,70,1,0,-0.004159306641668081,0,9
4,71,1,0,-0.004159306641668081,0,9
4,72,1,0,-0.004159306641668081,0,9
4,73,1,0,-0.004159306641668081,0,9
4,74,1,0,-0.004159306641668081,0,9
4,75,1,0,-0.004159306641668081,0,9
4,76,1,0,-0.004159306641668081,0,9
4,77,1,0,-0.004159306641668081,0,9
4,78,1,0,-0.004159306641668081,0,9
4,79,1,0,-0.004159306641668081,0,9
4,80,1,0,-0.004159306641668081,0,9
4,81,1,0,-0.004159306641668081,0,9
4,82,1,0,-0.004159306641668081,0,9
4,83,1,0,-0.004159306641668081,0,9
4,84,1,0,-0.004159306641668081,0,9
4,85,1,0,-0.004159306641668081,0,9
4,86,1,0,-0.004159306641668081,0,9
4,87,1,0,-0.004159306641668081,0,9
4,88,1,0,-0.004159306641668081,0,9
4,89,1,0,-0.004159306641668081,0,9
4,90,1,0,-0.004159306641668081,0,9
4,91,1,0,-0.004159306641668081,0,9
4,92,1,0,-0.004159306641668081,0,9
4,93,1,0,-0.004159306641668081,0,9
4,94,1,0,-0.004159306641668081,0,9
4,95,1,0,-0.004159306641668081,0,9
4,96,1,0,-0.004159306641668081,0,9
4,97,1,0,-0.004159306641668081,0,9
4,98,1,0,-0.004159306641668081,0,9
4,99,1,0,-0.004159306641668081,0,9
4,100,1,0,-0.004159306641668081,0,9
5,1,1,1,0.002215985208749771,1,6
5,2,1,1,0.0010794141562655568,1,6
5,3,1,1,0.0012687721755355597,1,6
5,4,1,1,0.0006731738103553653,1,6
5,5,1,1,0.00021621238556690514,1,6
5,6,1,1,0.0005590540822595358,1,6
5,7,1,1,0.0005590540822595358,1,6
5,8,1,1,0.0005590540822595358,1,6
5,9,1,1,0.0005590540822595358,1,6
5,10,1,1,0.0005590540822595358,1,6
5,11,1,1,0.0005590540822595358,1,6
5,12,1,1,0.0005590540822595358,1,6
5,13,1,1,0.0005590540822595358,1,6
5,14,1,1,0.0005590540822595358,1,6
5,15,1,1,0.0005590540822595358,1,6
5,16,1,1,0.0005590540822595358,1,6
5,17,1,1,0.0005590540822595358,1,6
5,18,1,1,0.0005590540822595358,1,6
5,19,1,1,0.0005590540822595358,1,6
5,20,1,1,0.0005590540822595358,1,6
5,21,1,1,0.0005590540822595358,1,6
5,22,1,1,0.0005590540822595358,1,6
5,23,1,1,0.0005590540822595358,1,6
5,24,1,1,0.0005590540822595358,1,6
5,25,1,1,0.0005590540822595358,1,6
5,26,1,1,0.0005590540822595358,1,6
5,27,1,1,0.0005590540822595358,1,6
5,28,1,1,0.0005590540822595358,1,6
5,29,1,1,0.0005590540822595358,1,6
5,30,1,1,0.0005590540822595358,1,6
5,31,1,1,0.0005590540822595358,1,6
5,32,1,1,0.0005590540822595358,1,6
5,33,1,1,0.0005590540822595358,1,6
5,34,1,1,0.0005590540822595358,1,6
5,35,1,1,0.0005590540822595358,1,6
5,36,1,1,0.0005590540822595358,1,6
5,37,1,1,0.0005590540822595358,1,6
5,38,1,1,0.0005590540822595358,1,6
5,39,1,1,0.0005590540822595358,1,6
5,40,1,1,0.0005590540822595358,1,6
5,41,1,1,0.0005590540822595358,1,6
5,42,1,1,0.0005590540822595358,1,6
5,43,1,1,0.0005590540822595358,1,6
5,44,1,1,0.0005590540822595358,1,6
5,45,1,1,0.0005590540822595358,1,6
5,46,1,1,0.0005590540822595358,1,6
5,47,1,1,0.0005590540822595358,1,6
5,48,1,1,0.0005590540822595358,1,6
5,49,1,1,0.0005590540822595358,1,6
5,50,1,1,0.0005590540822595358,1,6
5,51,1,1,0.0005590540822595358,1,6
5,52,1,1,0.0005590540822595358,1,6
5,53,1,1,0.0005590540822595358,1,6
5,54,1,1,0.0005590540822595358,1,6
5,55,1,1,0.0005590540822595358,1,6
5,56,1,1,0.0005590540822595358,1,6
5,57,1,1,0.0005590540822595358,1,6
5,58,1,1,0.0005590540822595358,1,6
5,59,1,1,0.0005590540822595358,1,6
5,60,1,1,0.0005590540822595358,1,6
5,61,1,1,0.0005590540822595358,1,6
5,62,1,1,0.0005590540822595358,1,6
5,63,1,1,0.0005590540822595358,1,6
5,64,1,1,0.0005590540822595358,1,6
5,65,1,1,0.0005590540822595358,1,6
5,66,1,1,0.0005590540822595358,1,6
5,67,1,1,0.0005590540822595358,1,6
5,68,1,1,0.0005590540822595358,1,6
5,69,1,1,0.0005590540822595358,1,6
5,70,1,1,0.0005590540822595358,1,6
5,71,1,1,0.0005590540822595358,1,6
5,72,1,1,0.0005590540822595358,1,6
5,73,1,1,0.0005590540822595358,1,6
5,74,1,1,0.0005590540822595358,1,6
5,75,1,1,0.0005590540822595358,1,6
5,76,1,1,0.0005590540822595358,1,6
5,77,1,1,0.0005590540822595358,1,6
5,78,1,1,0.0005590540822595358,1,6
5,79,1,1,0.0005590540822595358,1,6
5,80,1,1,0.0005590540822595358,1,6
5,81,1,1,0.0005590540822595358,1,6
5,82,1,1,0.0005590540822595358,1,6
5,83,1,1,0.0005590540822595358,1,6
5,84,1,1,0.0005590540822595358,1,6
5,85,1,1,0.0005590540822595358,1,6
5,86,1,1,0.0005590540822595358,1,6
5,87,1,1,0.0005590540822595358,1,6
5,88,1,1,0.0005590540822595358,1,6
5,89,1,1,0.0005590540822595358,1,6
5,90,1,1,0.0005590540822595358,1,6
5,91,1,1,0.0005590540822595358,1,6
5,92,1,1,0.0005590540822595358,1,6
5,93,1,1,0.0005590540822595358,1,6
5,94,1,1,0.0005590540822595358,1,6
5,95,1,1,0.0005590540822595358,1,6
5,96,1,1,0.0005590540822595358,1,6
5,97,1,1,0.0005590540822595358,1,6
5,98,1,1,0.0005590540822595358,1,6
5,99,1,1,0.0005590540822595358,1,6
5,100,1,1,0.0005590540822595358,1,6
6,1,1,1,0.0010606975993141532,1,8
6,2,1,1,0.0030823838897049427,1,8
6,3,1,1,0.0020204284228384495,1,8
6,4,1,1,0.0018798852106556296,1,8
6,5,1,1,0.0014223000034689903,1,8
6,6,1,1,0.0012567945523187518,1,8
6,7,1,1,0.0010503573575988412,1,8
6,8,1,1,0.0006767872255295515,1,8
6,9,1,1,0.0006767872255295515,1,8
6,10,1,1,0.0006767872255295515,1,8
6,11,1,1,0.0006767872255295515,1,8
6,12,1,1,0.0006767872255295515,1,8
6,13,1,1,0.0006767872255295515,1,8
6,14,1,1,0.0006767872255295515,1,8
6,15,1,1,0.0006767872255295515,1,8
6,16,1,1,0.0006767872255295515,1,8
6,17,1,1,0.0006767872255295515,1,8
6,18,1,1,0.0006767872255295515,1,8
6,19,1,1,0.0006767872255295515,1,8
6,20,1,1,0.0006767872255295515,1,8
6,21,1,1,0.0006767872255295515,1,8
6,22,1,1,0.0006767872255295515,1,8
6,23,1,1,0.0006767872255295515,1,8
6,24,1,1,0.0006767872255295515,1,8
6,25,1,1,0.0006767872255295515,1,8
6,26,1,1,0.0006767872255295515,1,8
6,27,1,1,0.0006767872255295515,1,8
6,28,1,1,0.0006767872255295515,1,8
6,29,1,1,0.0006767872255295515,1,8
6,30,1,1,0.0006767872255295515,1,8
6,31,1,1,0.0006767872255295515,1,8
6,32,1,1,0.0006767872255295515,1,8
6,33,1,1,0.0006767872255295515,1,8
6,34,1,1,0.0006767872255295515,1,8
6,35,1,1,0.0006767872255295515,1,8
6,36,1,1,0.0006767872255295515,1,8
6,37,1,1,0.0006767872255295515,1,8
6,38,1,1,0.0006767872255295515,1,8
6,39,1,1,0.0006767872255295515,1,8
6,40,1,1,0.0006767872255295515,1,8
6,41,1,1,0.0006767872255295515,1,8
6,42,1,1,0.0006767872255295515,1,8
6,43,1,1,0.0006767872255295515,1,8
6,44,1,1,0.0006767872255295515,1,8
6,45,1,1,0.0006767872255295515,1,8
6,46,1,1,0.0006767872255295515,1,8
6,47,1,1,0.0006767872255295515,1,8
6,48,1,1,0.0006767872255295515,1,8
6,49,1,1,0.0006767872255295515,1,8
6,50,1,1,0.0006767872255295515,1,8
6,51,1,1,0.0006767872255295515,1,8
6,52,1,1,0.0006767872255295515,1,8
6,53,1,1,0.0006767872255295515,1,8
6,54,1,1,0.0006767872255295515,1,8
6,55,1,1,0.0006767872255295515,1,8
6,56,1,1,0.0006767872255295515,1,8
6,57,1,1,0.0006767872255295515,1,8
6,58,1,1,0.0006767872255295515,1,8
6,59,1,1,0.0006767872255295515,1,8
6,60,1,1,0.0006767872255295515,1,8
6,61,1,1,0.0006767872255295515,1,8
6,62,1,1,0.0006767872255295515,1,8
6,63,1,1,0.0006767872255295515,1,8
6,64,1,1,0.0006767872255295515,1,8
6,65,1,1,0.0006767872255295515,1,8
6,66,1,1,0.0006767872255295515,1,8
6,67,1,1,0.0006767872255295515,1,8
6,68,1,1,0.0006767872255295515,1,8
6,69,1,1,0.0006767872255295515,1,8
6,70,1,1,0.0006767872255295515,1,8
6,71,1,1,0.0006767872255295515,1,8
6,72,1,1,0.0006767872255295515,1,8
6,73,1,1,0.0006767872255295515,1,8
6,74,1,1,0.0006767872255295515,1,8
6,75,1,1,0.0006767872255295515,1,8
6,76,1,1,0.0006767872255295515,1,8
6,77,1,1,0.0006767872255295515,1,8
6,78,1,1,0.0006767872255295515,1,8
6,79,1,1,0.0006767872255295515,1,8
6,80,1,1,0.0006767872255295515,1,8
6,81,1,1,0.0006767872255295515,1,8
6,82,1,1,0.0006767872255295515,1,8
6,83,1,1,0.0006767872255295515,1,8
6,84,1,1,0.0006767872255295515,1,8
6,85,1,1,0.0006767872255295515,1,8
6,86,1,1,0.0006767872255295515,1,8
6,87,1,1,0.0006767872255295515,1,8
6,88,1,1,0.0006767872255295515,1,8
6,89,1,1,0.0006767872255295515,1,8
6,90,1,1,0.0006767872255295515,1,8
6,91,1,1,0.0006767872255295515,1,8
6,92,1,1,0.0006767872255295515,1,8
6,93,1,1,0.0006767872255295515,1,8
6,94,1,1,0.0006767872255295515,1,8
6,95,1,1,0.0006767872255295515,1,8
6,96,1,1,0.0006767872255295515,1,8
6,97,1,1,0.0006767872255295515,1,8
6,98,1,1,0.0006767872255295515,1,8
6,99,1,1,0.0006767872255295515,1,8
6,100,1,1,0.0006767872255295515,1,8
7,1,1,1,0.02885987050831318,1,7
7,2,1,1,0.045769818127155304,1,7
7,3,1,1,0.057249516248703,1,7
7,4,1,1,0.06025053560733795,1,7
7,5,1,1,0.06214303523302078,1,7
7,6,1,1,0.0639118030667305,1,7
7,7,1,1,0.07423042505979538,1,7
7,8,1,1,0.07423042505979538,1,7
7,9,1,1,0.07423042505979538,1,7
7,10,1,1,0.07423042505979538,1,7
7,11,1,1,0.07423042505979538,1,7
7,12,1,1,0.07423042505979538,1,7
7,13,1,1,0.07423042505979538,1,7
7,14,1,1,0.07423042505979538,1,7
7,15,1,1,0.07423042505979538,1,7
7,16,1,1,0.07423042505979538,1,7
7,17,1,1,0.07423042505979538,1,7
7,18,1,1,0.07423042505979538,1,7
7,19,1,1,0.07423042505979538,1,7
7,20,1,1,0.07423042505979538,1,7
7,21,1,1,0.07423042505979538,1,7
7,22,1,1,0.07423042505979538,1,7
7,23,1,1,0.07423042505979538,1,7
7,24,1,1,0.07423042505979538,1,7
7,25,1,1,0.07423042505979538,1,7
7,26,1,1,0.07423042505979538,1,7
7,27,1,1,0.07423042505979538,1,7
7,28,1,1,0.07423042505979538,1,7
7,29,1,1,0.07423042505979538,1,7
7,30,1,1,0.07423042505979538,1,7
7,31,1,1,0.07423042505979538,1,7
7,32,1,1,0.07423042505979538,1,7
7,33,1,1,0.07423042505979538,1,7
7,34,1,1,0.07423042505979538,1,7
7,35,1,1,0.07423042505979538,1,7
7,36,1,1,0.07423042505979538,1,7
7,37,1,1,0.07423042505979538,1,7
7,38,1,1,0.07423042505979538,1,7
7,39,1,1,0.07423042505979538,1,7
7,40,1,1,0.07423042505979538,1,7
7,41,1,1,0.07423042505979538,1,7
7,42,1,1,0.07423042505979538,1,7
7,43,1,1,0.07423042505979538,1,7
7,44,1,1,0.07423042505979538,1,7
7,45,1,1,0.07423042505979538,1,7
7,46,1,1,0.07423042505979538,1,7
7,47,1,1,0.07423042505979538,1,7
7,48,1,1,0.07423042505979538,1,7
7,49,1,1,0.07423042505979538,1,7
7,50,1,1,0.07423042505979538,1,7
7,51,1,1,0.07423042505979538,1,7
7,52,1,1,0.07423042505979538,1,7
7,53,1,1,0.07423042505979538,1,7
7,54,1,1,0.07423042505979538,1,7
7,55,1,1,0.07423042505979538,1,7
7,56,1,1,0.07423042505979538,1,7
7,57,1,1,0.07423042505979538,1,7
7,58,1,1,0.07423042505979538,1,7
7,59,1,1,0.07423042505979538,1,7
7,60,1,1,0.07423042505979538,1,7
7,61,1,1,0.07423042505979538,1,7
7,62,1,1,0.07423042505979538,1,7
7,63,1,1,0.07423042505979538,1,7
7,64,1,1,0.07423042505979538,1,7
7,65,1,1,0.07423042505979538,1,7
7,66,1,1,0.07423042505979538,1,7
7,67,1,1,0.07423042505979538,1,7
7,68,1,1,0.07423042505979538,1,7
7,69,1,1,0.07423042505979538,1,7
7,70,1,1,0.07423042505979538,1,7
7,71,1,1,0.07423042505979538,1,7
7,72,1,1,0.07423042505979538,1,7
7,73,1,1,0.07423042505979538,1,7
7,74,1,1,0.07423042505979538,1,7
7,75,1,1,0.07423042505979538,1,7
7,76,1,1,0.07423042505979538,1,7
7,77,1,1,0.07423042505979538,1,7
7,78,1,1,0.07423042505979538,1,7
7,79,1,1,0.07423042505979538,1,7
7,80,1,1,0.07423042505979538,1,7
7,81,1,1,0.07423042505979538,1,7
7,82,1,1,0.07423042505979538,1,7
7,83,1,1,0.07423042505979538,1,7
7,84,1,1,0.07423042505979538,1,7
7,85,1,1,0.07423042505979538,1,7
7,86,1,1,0.07423042505979538,1,7
7,87,1,1,0.07423042505979538,1,7
7,88,1,1,0.07423042505979538,1,7
7,89,1,1,0.07423042505979538,1,7
7,90,1,1,0.07423042505979538,1,7
7,91,1,1,0.07423042505979538,1,7
7,92,1,1,0.07423042505979538,1,7
7,93,1,1,0.07423042505979538,1,7
7,94,1,1,0.07423042505979538,1,7
7,95,1,1,0.07423042505979538,1,7
7,96,1,1,0.07423042505979538,1,7
7,97,1,1,0.07423042505979538,1,7
7,98,1,1,0.07423042505979538,1,7
7,99,1,1,0.07423042505979538,1,7
7,100,1,1,0.07423042505979538,1,7
8,1,1,1,0.0077973161824047565,1,6
8,2,1,1,0.008594721555709839,1,6
8,3,1,1,0.00722308736294508,1,6
8,4,1,1,0.006528003606945276,1,6
8,5,1,1,0.007215489167720079,1,6
8,6,1,1,0.007001408841460943,1,6
8,7,1,1,0.007001408841460943,1,6
8,8,1,1,0.007001408841460943,1,6
8,9,1,1,0.007001408841460943,1,6
8,10,1,1,0.007001408841460943,1,6
8,11,1,1,0.007001408841460943,1,6
8,12,1,1,0.007001408841460943,1,6
8,13,1,1,0.007001408841460943,1,6
8,14,1,1,0.007001408841460943,1,6
8,15,1,1,0.007001408841460943,1,6
8,16,1,1,0.007001408841460943,1,6
8,17,1,1,0.007001408841460943,1,6
8,18,1,1,0.007001408841460943,1,6
8,19,1,1,0.007001408841460943,1,6
8,20,1,1,0.007001408841460943,1,6
8,21,1,1,0.007001408841460943,1,6
8,22,1,1,0.007001408841460943,1,6
8,23,1,1,0.007001408841460943,1,6
8,24,1,1,0.007001408841460943,1,6
8,25,1,1,0.007001408841460943,1,6
8,26,1,1,0.007001408841460943,1,6
8,27,1,1,0.007001408841460943,1,6
8,28,1,1,0.007001408841460943,1,6
8,29,1,1,0.007001408841460943,1,6
8,30,1,1,0.007001408841460943,1,6
8,31,1,1,0.007001408841460943,1,6
8,32,1,1,0.007001408841460943,1,6
8,33,1,1,0.007001408841460943,1,6
8,34,1,1,0.007001408841460943,1,6
8,35,1,1,0.007001408841460943,1,6
8,36,1,1,0.007001408841460943,1,6
8,37,1,1,0.007001408841460943,1,6
8,38,1,1,0.007001408841460943,1,6
8,39,1,1,0.007001408841460943,1,6
8,40,1,1,0.007001408841460943,1,6
8,41,1,1,0.007001408841460943,1,6
8,42,1,1,0.007001408841460943,1,6
8,43,1,1,0.007001408841460943,1,6
8,44,1,1,0.007001408841460943,1,6
8,45,1,1,0.007001408841460943,1,6
8,46,1,1,0.007001408841460943,1,6
8,47,1,1,0.007001408841460943,1,6
8,48,1,1,0.007001408841460943,1,6
8,49,1,1,0.007001408841460943,1,6
8,50,1,1,0.007001408841460943,1,6
8,51,1,1,0.007001408841460943,1,6
8,52,1,1,0.007001408841460943,1,6
8,53,1,1,0.007001408841460943,1,6
8,54,1,1,0.007001408841460943,1,6
8,55,1,1,0.007001408841460943,1,6
8,56,1,1,0.007001408841460943,1,6
8,57,1,1,0.007001408841460943,1,6
8,58,1,1,0.007001408841460943,1,6
8,59,1,1,0.007001408841460943,1,6
8,60,1,1,0.007001408841460943,1,6
8,61,1,1,0.007001408841460943,1,6
8,62,1,1,0.007001408841460943,1,6
8,63,1,1,0.007001408841460943,1,6
8,64,1,1,0.007001408841460943,1,6
8,65,1,1,0.007001408841460943,1,6
8,66,1,1,0.007001408841460943,1,6
8,67,1,1,0.007001408841460943,1,6
8,68,1,1,0.007001408841460943,1,6
8,69,1,1,0.007001408841460943,1,6
8,70,1,1,0.007001408841460943,1,6
8,71,1,1,0.007001408841460943,1,6
8,72,1,1,0.007001408841460943,1,6
8,73,1,1,0.007001408841460943,1,6
8,74,1,1,0.007001408841460943,1,6
8,75,1,1,0.007001408841460943,1,6
8,76,1,1,0.007001408841460943,1,6
8,77,1,1,0.007001408841460943,1,6
8,78,1,1,0.007001408841460943,1,6
8,79,1,1,0.007001408841460943,1,6
8,80,1,1,0.007001408841460943,1,6
8,81,1,1,0.007001408841460943,1,6
8,82,1,1,0.007001408841460943,1,6
8,83,1,1,0.007001408841460943,1,6
8,84,1,1,0.007001408841460943,1,6
8,85,1,1,0.007001408841460943,1,6
8,86,1,1,0.007001408841460943,1,6
8,87,1,1,0.007001408841460943,1,6
8,88,1,1,0.007001408841460943,1,6
8,89,1,1,0.007001408841460943,1,6
8,90,1,1,0.007001408841460943,1,6
8,91,1,1,0.007001408841460943,1,6
8,92,1,1,0.007001408841460943,1,6
8,93,1,1,0.007001408841460943,1,6
8,94,1,1,0.007001408841460943,1,6
8,95,1,1,0.007001408841460943,1,6
8,96,1,1,0.007001408841460943,1,6
8,97,1,1,0.007001408841460943,1,6
8,98,1,1,0.007001408841460943,1,6
8,99,1,1,0.007001408841460943,1,6
8,100,1,1,0.007001408841460943,1,6
9,1,1,1,0.0056038061156868935,1,7
9,2,1,1,0.004467234946787357,1,7
9,3,1,1,0.003405279479920864,1,7
9,4,1,1,0.004135824739933014,1,7
9,5,1,1,0.0036782394163310528,1,7
9,6,1,1,0.0037991865538060665,1,7
9,7,1,1,0.004378203302621841,1,7
9,8,1,1,0.004378203302621841,1,7
9,9,1,1,0.004378203302621841,1,7
9,10,1,1,0.004378203302621841,1,7
9,11,1,1,0.004378203302621841,1,7
9,12,1,1,0.004378203302621841,1,7
9,13,1,1,0.004378203302621841,1,7
9,14,1,1,0.004378203302621841,1,7
9,15,1,1,0.004378203302621841,1,7
9,16,1,1,0.004378203302621841,1,7
9,17,1,1,0.004378203302621841,1,7
9,18,1,1,0.004378203302621841,1,7
9,19,1,1,0.004378203302621841,1,7
9,20,1,1,0.004378203302621841,1,7
9,21,1,1,0.004378203302621841,1,7
9,22,1,1,0.004378203302621841,1,7
9,23,1,1,0.004378203302621841,1,7
9,24,1,1,0.004378203302621841,1,7
9,25,1,1,0.004378203302621841,1,7
9,26,1,1,0.004378203302621841,1,7
9,27,1,1,0.004378203302621841,1,7
9,28,1,1,0.004378203302621841,1,7
9,29,1,1,0.004378203302621841,1,7
9,30,1,1,0.004378203302621841,1,7
9,31,1,1,0.004378203302621841,1,7
9,32,1,1,0.004378203302621841,1,7
9,33,1,1,0.004378203302621841,1,7
9,34,1,1,0.004378203302621841,1,7
9,35,1,1,0.004378203302621841,1,7
9,36,1,1,0.004378203302621841,1,7
9,37,1,1,0.004378203302621841,1,7
9,38,1,1,0.004378203302621841,1,7
9,39,1,1,0.004378203302621841,1,7
9,40,1,1,0.004378203302621841,1,7
9,41,1,1,0.004378203302621841,1,7
9,42,1,1,0.004378203302621841,1,7
9,43,1,1,0.004378203302621841,1,7
9,44,1,1,0.004378203302621841,1,7
9,45,1,1,0.004378203302621841,1,7
9,46,1,1,0.004378203302621841,1,7
9,47,1,1,0.004378203302621841,1,7
9,48,1,1,0.004378203302621841,1,7
9,49,1,1,0.004378203302621841,1,7
9,50,1,1,0.004378203302621841,1,7
9,51,1,1,0.004378203302621841,1,7
9,52,1,1,0.004378203302621841,1,7
9,53,1,1,0.004378203302621841,1,7
9,54,1,1,0.004378203302621841,1,7
9,55,1,1,0.004378203302621841,1,7
9,56,1,1,0.004378203302621841,1,7
9,57,1,1,0.004378203302621841,1,7
9,58,1,1,0.004378203302621841,1,7
9,59,1,1,0.004378203302621841,1,7
9,60,1,1,0.004378203302621841,1,7
9,61,1,1,0.004378203302621841,1,7
9,62,1,1,0.004378203302621841,1,7
9,63,1,1,0.004378203302621841,1,7
9,64,1,1,0.004378203302621841,1,7
9,65,1,1,0.004378203302621841,1,7
9,66,1,1,0.004378203302621841,1,7
9,67,1,1,0.004378203302621841,1,7
9,68,1,1,0.004378203302621841,1,7
9,69,1,1,0.004378203302621841,1,7
9,70,1,1,0.004378203302621841,1,7
9,71,1,1,0.004378203302621841,1,7
9,72,1,1,0.004378203302621841,1,7
9,73,1,1,0.004378203302621841,1,7
9,74,1,1,0.004378203302621841,1,7
9,75,1,1,0.004378203302621841,1,7
9,76,1,1,0.004378203302621841,1,7
9,77,1,1,0.004378203302621841,1,7
9,78,1,1,0.004378203302621841,1,7
9,79,1,1,0.004378203302621841,1,7
9,80,1,1,0.004378203302621841,1,7
9,81,1,1,0.004378203302621841,1,7
9,82,1,1,0.004378203302621841,1,7
9,83,1,1,0.004378203302621841,1,7
9,84,1,1,0.004378203302621841,1,7
9,85,1,1,0.004378203302621841,1,7
9,86,1,1,0.004378203302621841,1,7
9,87,1,1,0.004378203302621841,1,7
9,88,1,1,0.004378203302621841,1,7
9,89,1,1,0.004378203302621841,1,7
9,90,1,1,0.004378203302621841,1,7
9,91,1,1,0.004378203302621841,1,7
9,92,1,1,0.004378203302621841,1,7
9,93,1,1,0.004378203302621841,1,7
9,94,1,1,0.004378203302621841,1,7
9,95,1,1,0.004378203302621841,1,7
9,96,1,1,0.004378203302621841,1,7
9,97,1,1,0.004378203302621841,1,7
9,98,1,1,0.004378203302621841,1,7
9,99,1,1,0.004378203302621841,1,7
9,100,1,1,0.004378203302621841,1,7
10,1,1,1,0.0077973161824047565,1,7
10,2,1,1,0.008594721555709839,1,7
10,3,1,1,0.008164926432073116,1,7
10,4,1,1,0.008024383336305618,1,7
10,5,1,1,0.007910508662462234,1,7
10,6,1,1,0.008304901421070099,1,7
10,7,1,1,0.008098464459180832,1,7
10,8,1,1,0.008098464459180832,1,7
10,9,1,1,0.008098464459180832,1,7
10,10,1,1,0.008098464459180832,1,7
10,11,1,1,0.008098464459180832,1,7
10,12,1,1,0.008098464459180832,1,7
10,13,1,1,0.008098464459180832,1,7
10,14,1,1,0.008098464459180832,1,7
10,15,1,1,0.008098464459180832,1,7
10,16,1,1,0.008098464459180832,1,7
10,17,1,1,0.008098464459180832,1,7
10,18,1,1,0.008098464459180832,1,7
10,19,1,1,0.008098464459180832,1,7
10,20,1,1,0.008098464459180832,1,7
10,21,1,1,0.008098464459180832,1,7
10,22,1,1,0.008098464459180832,1,7
10,23,1,1,0.008098464459180832,1,7
10,24,1,1,0.008098464459180832,1,7
10,25,1,1,0.008098464459180832,1,7
10,26,1,1,0.008098464459180832,1,7
10,27,1,1,0.008098464459180832,1,7
10,28,1,1,0.008098464459180832,1,7
10,29,1,1,0.008098464459180832,1,7
10,30,1,1,0.008098464459180832,1,7
10,31,1,1,0.008098464459180832,1,7
10,32,1,1,0.008098464459180832,1,7
10,33,1,1,0.008098464459180832,1,7
10,34,1,1,0.008098464459180832,1,7
10,35,1,1,0.008098464459180832,1,7
10,36,1,1,0.008098464459180832,1,7
10,37,1,1,0.008098464459180832,1,7
10,38,1,1,0.008098464459180832,1,7
10,39,1,1,0.008098464459180832,1,7
10,40,1,1,0.008098464459180832,1,7
10,41,1,1,0.008098464459180832,1,7
10,42,1,1,0.008098464459180832,1,7
10,43,1,1,0.008098464459180832,1,7
10,44,1,1,0.008098464459180832,1,7
10,45,1,1,0.008098464459180832,1,7
10,46,1,1,0.008098464459180832,1,7
10,47,1,1,0.008098464459180832,1,7
10,48,1,1,0.008098464459180832,1,7
10,49,1,1,0.008098464459180832,1,7
10,50,1,1,0.008098464459180832,1,7
10,51,1,1,0.008098464459180832,1,7
10,52,1,1,0.008098464459180832,1,7
10,53,1,1,0.008098464459180832,1,7
10,54,1,1,0.008098464459180832,1,7
10,55,1,1,0.008098464459180832,1,7
10,56,1,1,0.008098464459180832,1,7
10,57,1,1,0.008098464459180832,1,7
10,58,1,1,0.008098464459180832,1,7
10,59,1,1,0.008098464459180832,1,7
10,60,1,1,0.008098464459180832,1,7
10,61,1,1,0.008098464459180832,1,7
10,62,1,1,0.008098464459180832,1,7
10,63,1,1,0.008098464459180832,1,7
10,64,1,1,0.008098464459180832,1,7
10,65,1,1,0.008098464459180832,1,7
10,66,1,1,0.008098464459180832,1,7
10,67,1,1,0.008098464459180832,1,7
10,68,1,1,0.008098464459180832,1,7
10,69,1,1,0.008098464459180832,1,7
10,70,1,1,0.008098464459180832,1,7
10,71,1,1,0.008098464459180832,1,7
10,72,1,1,0.008098464459180832,1,7
10,73,1,1,0.008098464459180832,1,7
10,74,1,1,0.008098464459180832,1,7
10,75,1,1,0.008098464459180832,1,7
10,76,1,1,0.008098464459180832,1,7
10,77,1,1,0.008098464459180832,1,7
10,78,1,1,0.008098464459180832,1,7
10,79,1,1,0.008098464459180832,1,7
10,80,1,1,0.008098464459180832,1,7
10,81,1,1,0.008098464459180832,1,7
10,82,1,1,0.008098464459180832,1,7
10,83,1,1,0.008098464459180832,1,7
10,84,1,1,0.008098464459180832,1,7
10,85,1,1,0.008098464459180832,1,7
10,86,1,1,0.008098464459180832,1,7
10,87,1,1,0.008098464459180832,1,7
10,88,1,1,0.008098464459180832,1,7
10,89,1,1,0.008098464459180832,1,7
10,90,1,1,0.008098464459180832,1,7
10,91,1,1,0.008098464459180832,1,7
10,92,1,1,0.008098464459180832,1,7
10,93,1,1,0.008098464459180832,1,7
10,94,1,1,0.008098464459180832,1,7
10,95,1,1,0.008098464459180832,1,7
10,96,1,1,0.008098464459180832,1,7
10,97,1,1,0.008098464459180832,1,7
10,98,1,1,0.008098464459180832,1,7
10,99,1,1,0.008098464459180832,1,7
10,100,1,1,0.008098464459180832,1,7
11,1,1,1,0.0010606975993141532,1,6
11,2,1,1,0.0018581028562039137,1,6
11,3,1,1,0.001428307848982513,1,6
11,4,1,1,0.0008327094838023186,1,6
11,5,1,1,0.0007601247052662075,1,6
11,6,1,1,0.0011545170564204454,1,6
11,7,1,1,0.0011545170564204454,1,6
11,8,1,1,0.0011545170564204454,1,6
11,9,1,1,0.0011545170564204454,1,6
11,10,1,1,0.0011545170564204454,1,6
11,11,1,1,0.0011545170564204454,1,6
11,12,1,1,0.0011545170564204454,1,6
11,13,1,1,0.0011545170564204454,1,6
11,14,1,1,0.0011545170564204454,1,6
11,15,1,1,0.0011545170564204454,1,6
11,16,1,1,0.0011545170564204454,1,6
11,17,1,1,0.0011545170564204454,1,6
11,18,1,1,0.0011545170564204454,1,6
11,19,1,1,0.0011545170564204454,1,6
11,20,1,1,0.0011545170564204454,1,6
11,21,1,1,0.0011545170564204454,1,6
11,22,1,1,0.0011545170564204454,1,6
11,23,1,1,0.0011545170564204454,1,6
11,24,1,1,0.0011545170564204454,1,6
11,25,1,1,0.0011545170564204454,1,6
11,26,1,1,0.0011545170564204454,1,6
11,27,1,1,0.0011545170564204454,1,6
11,28,1,1,0.0011545170564204454,1,6
11,29,1,1,0.0011545170564204454,1,6
11,30,1,1,0.0011545170564204454,1,6
11,31,1,1,0.0011545170564204454,1,6
11,32,1,1,0.0011545170564204454,1,6
11,33,1,1,0.0011545170564204454,1,6
11,34,1,1,0.0011545170564204454,1,6
11,35,1,1,0.0011545170564204454,1,6
11,36,1,1,0.0011545170564204454,1,6
11,37,1,1,0.0011545170564204454,1,6
11,38,1,1,0.0011545170564204454,1,6
11,39,1,1,0.0011545170564204454,1,6
11,40,1,1,0.0011545170564204454,1,6
11,41,1,1,0.0011545170564204454,1,6
11,42,1,1,0.0011545170564204454,1,6
11,43,1,1,0.0011545170564204454,1,6
11,44,1,1,0.0011545170564204454,1,6
11,45,1,1,0.0011545170564204454,1,6
11,46,1,1,0.0011545170564204454,1,6
11,47,1,1,0.0011545170564204454,1,6
11,48,1,1,0.0011545170564204454,1,6
11,49,1,1,0.0011545170564204454,1,6
11,50,1,1,0.0011545170564204454,1,6
11,51,1,1,0.0011545170564204454,1,6
11,52,1,1,0.0011545170564204454,1,6
11,53,1,1,0.0011545170564204454,1,6
11,54,1,1,0.0011545170564204454,1,6
11,55,1,1,0.0011545170564204454,1,6
11,56,1,1,0.0011545170564204454,1,6
11,57,1,1,0.0011545170564204454,1,6
11,58,1,1,0.0011545170564204454,1,6
11,59,1,1,0.0011545170564204454,1,6
11,60,1,1,0.0011545170564204454,1,6
11,61,1,1,0.0011545170564204454,1,6
11,62,1,1,0.0011545170564204454,1,6
11,63,1,1,0.0011545170564204454,1,6
11,64,1,1,0.0011545170564204454,1,6
11,65,1,1,0.0011545170564204454,1,6
11,66,1,1,0.0011545170564204454,1,6
11,67,1,1,0.0011545170564204454,1,6
11,68,1,1,0.0011545170564204454,1,6
11,69,1,1,0.0011545170564204454,1,6
11,70,1,1,0.0011545170564204454,1,6
11,71,1,1,0.0011545170564204454,1,6
11,72,1,1,0.0011545170564204454,1,6
11,73,1,1,0.0011545170564204454,1,6
11,74,1,1,0.0011545170564204454,1,6
11,75,1,1,0.0011545170564204454,1,6
11,76,1,1,0.0011545170564204454,1,6
11,77,1,1,0.0011545170564204454,1,6
11,78,1,1,0.0011545170564204454,1,6
11,79,1,1,0.0011545170564204454,1,6
11,80,1,1,0.0011545170564204454,1,6
11,81,1,1,0.0011545170564204454,1,6
11,82,1,1,0.0011545170564204454,1,6
11,83,1,1,0.0011545170564204454,1,6
11,84,1,1,0.0011545170564204454,1,6
11,85,1,1,0.0011545170564204454,1,6
11,86,1,1,0.0011545170564204454,1,6
11,87,1,1,0.0011545170564204454,1,6
11,88,1,1,0.0011545170564204454,1,6
11,89,1,1,0.0011545170564204454,1,6
11,90,1,1,0.0011545170564204454,1,6
11,91,1,1,0.0011545170564204454,1,6
11,92,1,1,0.0011545170564204454,1,6
11,93,1,1,0.0011545170564204454,1,6
11,94,1,1,0.0011545170564204454,1,6
11,95,1,1,0.0011545170564204454,1,6
11,96,1,1,0.0011545170564204454,1,6
11,97,1,1,0.0011545170564204454,1,6
11,98,1,1,0.0011545170564204454,1,6
11,99,1,1,0.0011545170564204454,1,6
11,100,1,1,0.0011545170564204454,1,6
12,1,1,1,0.002215985208749771,1,6
12,2,1,1,0.0017370801651850343,1,6
12,3,1,1,0.0019264381844550371,1,6
12,4,1,1,0.0017858949722722173,1,6
12,5,1,1,0.0017133101355284452,1,6
12,6,1,1,0.0012483447790145874,1,6
12,7,1,1,0.0012483447790145874,1,6
12,8,1,1,0.0012483447790145874,1,6
12,9,1,1,0.0012483447790145874,1,6
12,10,1,1,0.0012483447790145874,1,6
12,11,1,1,0.0012483447790145874,1,6
12,12,1,1,0.0012483447790145874,1,6
12,13,1,1,0.0012483447790145874,1,6
12,14,1,1,0.0012483447790145874,1,6
12,15,1,1,0.0012483447790145874,1,6
12,16,1,1,0.0012483447790145874,1,6
12,17,1,1,0.0012483447790145874,1,6
12,18,1,1,0.0012483447790145874,1,6
12,19,1,1,0.0012483447790145874,1,6
12,20,1,1,0.0012483447790145874,1,6
12,21,1,1,0.0012483447790145874,1,6
12,22,1,1,0.0012483447790145874,1,6
12,23,1,1,0.0012483447790145874,1,6
12,24,1,1,0.0012483447790145874,1,6
12,25,1,1,0.0012483447790145874,1,6
12,26,1,1,0.0012483447790145874,1,6
12,27,1,1,0.0012483447790145874,1,6
12,28,1,1,0.0012483447790145874,1,6
12,29,1,1,0.0012483447790145874,1,6
12,30,1,1,0.0012483447790145874,1,6
12,31,1,1,0.0012483447790145874,1,6
12,32,1,1,0.0012483447790145874,1,6
12,33,1,1,0.0012483447790145874,1,6
12,34,1,1,0.0012483447790145874,1,6
12,35,1,1,0.0012483447790145874,1,6
12,36,1,1,0.0012483447790145874,1,6
12,37,1,1,0.0012483447790145874,1,6
12,38,1,1,0.0012483447790145874,1,6
12,39,1,1,0.0012483447790145874,1,6
12,40,1,1,0.0012483447790145874,1,6
12,41,1,1,0.0012483447790145874,1,6
12,42,1,1,0.0012483447790145874,1,6
12,43,1,1,0.0012483447790145874,1,6
12,44,1,1,0.0012483447790145874,1,6
12,45,1,1,0.0012483447790145874,1,6
12,46,1,1,0.0012483447790145874,1,6
12,47,1,1,0.0012483447790145874,1,6
12,48,1,1,0.0012483447790145874,1,6
12,49,1,1,0.0012483447790145874,1,6
12,50,1,1,0.0012483447790145874,1,6
12,51,1,1,0.0012483447790145874,1,6
12,52,1,1,0.0012483447790145874,1,6
12,53,1,1,0.0012483447790145874,1,6
12,54,1,1,0.0012483447790145874,1,6
12,55,1,1,0.0012483447790145874,1,6
12,56,1,1,0.0012483447790145874,1,6
12,57,1,1,0.0012483447790145874,1,6
12,58,1,1,0.0012483447790145874,1,6
12,59,1,1,0.0012483447790145874,1,6
12,60,1,1,0.0012483447790145874,1,6
12,61,1,1,0.0012483447790145874,1,6
12,62,1,1,0.0012483447790145874,1,6
12,63,1,1,0.0012483447790145874,1,6
12,64,1,1,0.0012483447790145874,1,6
12,65,1,1,0.0012483447790145874,1,6
12,66,1,1,0.0012483447790145874,1,6
12,67,1,1,0.0012483447790145874,1,6
12,68,1,1,0.0012483447790145874,1,6
12,69,1,1,0.0012483447790145874,1,6
12,70,1,1,0.0012483447790145874,1,6
12,71,1,1,0.0012483447790145874,1,6
12,72,1,1,0.0012483447790145874,1,6
12,73,1,1,0.0012483447790145874,1,6
12,74,1,1,0.0012483447790145874,1,6
12,75,1,1,0.0012483447790145874,1,6
12,76,1,1,0.0012483447790145874,1,6
12,77,1,1,0.0012483447790145874,1,6
12,78,1,1,0.0012483447790145874,1,6
12,79,1,1,0.0012483447790145874,1,6
12,80,1,1,0.0012483447790145874,1,6
12,81,1,1,0.0012483447790145874,1,6
12,82,1,1,0.0012483447790145874,1,6
12,83,1,1,0.0012483447790145874,1,6
12,84,1,1,0.0012483447790145874,1,6
12,85,1,1,0.0012483447790145874,1,6
12,86,1,1,0.0012483447790145874,1,6
12,87,1,1,0.0012483447790145874,1,6
12,88,1,1,0.0012483447790145874,1,6
12,89,1,1,0.0012483447790145874,1,6
12,90,1,1,0.0012483447790145874,1,6
12,91,1,1,0.0012483447790145874,1,6
12,92,1,1,0.0012483447790145874,1,6
12,93,1,1,0.0012483447790145874,1,6
12,94,1,1,0.0012483447790145874,1,6
12,95,1,1,0.0012483447790145874,1,6
12,96,1,1,0.0012483447790145874,1,6
12,97,1,1,0.0012483447790145874,1,6
12,98,1,1,0.0012483447790145874,1,6
12,99,1,1,0.0012483447790145874,1,6
12,100,1,1,0.0012483447790145874,1,6
13,1,1,0,-0.001288900151848793,0,4
13,2,1,1,0.00409345468506217,1,4
13,3,1,1,0.0036588667426258326,1,4
13,4,1,1,0.0031916555017232895,1,4
13,5,1,1,0.0031916555017232895,1,4
13,6,1,1,0.0031916555017232895,1,4
13,7,1,1,0.0031916555017232895,1,4
13,8,1,1,0.0031916555017232895,1,4
13,9,1,1,0.0031916555017232895,1,4
13,10,1,1,0.0031916555017232895,1,4
13,11,1,1,0.0031916555017232895,1,4
13,12,1,1,0.0031916555017232895,1,4
13,13,1,1,0.0031916555017232895,1,4
13,14,1,1,0.0031916555017232895,1,4
13,15,1,1,0.0031916555017232895,1,4
13,16,1,1,0.0031916555017232895,1,4
13,17,1,1,0.0031916555017232895,1,4
13,18,1,1,0.0031916555017232895,1,4
13,19,1,1,0.0031916555017232895,1,4
13,20,1,1,0.0031916555017232895,1,4
13,21,1,1,0.0031916555017232895,1,4
13,22,1,1,0.0031916555017232895,1,4
13,23,1,1,0.0031916555017232895,1,4
13,24,1,1,0.0031916555017232895,1,4
13,25,1,1,0.0031916555017232895,1,4
13,26,1,1,0.0031916555017232895,1,4
13,27,1,1,0.0031916555017232895,1,4
13,28,1,1,0.0031916555017232895,1,4
13,29,1,1,0.0031916555017232895,1,4
13,30,1,1,0.0031916555017232895,1,4
13,31,1,1,0.0031916555017232895,1,4
13,32,1,1,0.0031916555017232895,1,4
13,33,1,1,0.0031916555017232895,1,4
13,34,1,1,0.0031916555017232895,1,4
13,35,1,1,0.0031916555017232895,1,4
13,36,1,1,0.0031916555017232895,1,4
13,37,1,1,0.0031916555017232895,1,4
13,38,1,1,0.0031916555017232895,1,4
13,39,1,1,0.0031916555017232895,1,4
13,40,1,1,0.0031916555017232895,1,4
13,41,1,1,0.0031916555017232895,1,4
13,42,1,1,0.0031916555017232895,1,4
13,43,1,1,0.0031916555017232895,1,4
13,44,1,1,0.0031916555017232895,1,4
13,45,1,1,0.0031916555017232895,1,4
13,46,1,1,0.0031916555017232895,1,4
13,47,1,1,0.0031916555017232895,1,4
13,48,1,1,0.0031916555017232895,1,4
13,49,1,1,0.0031916555017232895,1,4
13,50,1,1,0.0031916555017232895,1,4
13,51,1,1,0.0031916555017232895,1,4
13,52,1,1,0.0031916555017232895,1,4
13,53,1,1,0.0031916555017232895,1,4
13,54,1,1,0.0031916555017232895,1,4
13,55,1,1,0.0031916555017232895,1,4
13,56,1,1,0.0031916555017232895,1,4
13,57,1,1,0.0031916555017232895,1,4
13,58,1,1,0.0031916555017232895,1,4
13,59,1,1,0.0031916555017232895,1,4
13,60,1,1,0.0031916555017232895,1,4
13,61,1,1,0.0031916555017232895,1,4
13,62,1,1,0.0031916555017232895,1,4
13,63,1,1,0.0031916555017232895,1,4
13,64,1,1,0.0031916555017232895,1,4
13,65,1,1,0.0031916555017232895,1,4
13,66,1,1,0.0031916555017232895,1,4
13,67,1,1,0.0031916555017232895,1,4
13,68,1,1,0.0031916555017232895,1,4
13,69,1,1,0.0031916555017232895,1,4
13,70,1,1,0.0031916555017232895,1,4
13,71,1,1,0.0031916555017232895,1,4
13,72,1,1,0.0031916555017232895,1,4
13,73,1,1,0.0031916555017232895,1,4
13,74,1,1,0.0031916555017232895,1,4
13,75,1,1,0.0031916555017232895,1,4
13,76,1,1,0.0031916555017232895,1,4
13,77,1,1,0.0031916555017232895,1,4
13,78,1,1,0.0031916555017232895,1,4
13,79,1,1,0.0031916555017232895,1,4
13,80,1,1,0.0031916555017232895,1,4
13,81,1,1,0.0031916555017232895,1,4
13,82,1,1,0.0031916555017232895,1,4
13,83,1,1,0.0031916555017232895,1,4
13,84,1,1,0.0031916555017232895,1,4
13,85,1,1,0.0031916555017232895,1,4
13,86,1,1,0.0031916555017232895,1,4
13,87,1,1,0.0031916555017232895,1,4
13,88,1,1,0.0031916555017232895,1,4
13,89,1,1,0.0031916555017232895,1,4
13,90,1,1,0.0031916555017232895,1,4
13,91,1,1,0.0031916555017232895,1,4
13,92,1,1,0.0031916555017232895,1,4
13,93,1,1,0.0031916555017232895,1,4
13,94,1,1,0.0031916555017232895,1,4
13,95,1,1,0.0031916555017232895,1,4
13,96,1,1,0.0031916555017232895,1,4
13,97,1,1,0.0031916555017232895,1,4
13,98,1,1,0.0031916555017232895,1,4
13,99,1,1,0.0031916555017232895,1,4
13,100,1,1,0.0031916555017232895,1,4
14,1,1,1,0.002215985208749771,1,6
14,2,1,1,0.0017370801651850343,1,6
14,3,1,1,0.0019264381844550371,1,6
14,4,1,1,0.0022279429249465466,1,6
14,5,1,1,0.0021553582046180964,1,6
14,6,1,1,0.00227630534209311,1,6
14,7,1,1,0.00227630534209311,1,6
14,8,1,1,0.00227630534209311,1,6
14,9,1,1,0.00227630534209311,1,6
14,10,1,1,0.00227630534209311,1,6
14,11,1,1,0.00227630534209311,1,6
14,12,1,1,0.00227630534209311,1,6
14,13,1,1,0.00227630534209311,1,6
14,14,1,1,0.00227630534209311,1,6
14,15,1,1,0.00227630534209311,1,6
14,16,1,1,0.00227630534209311,1,6
14,17,1,1,0.00227630534209311,1,6
14,18,1,1,0.00227630534209311,1,6
14,19,1,1,0.00227630534209311,1,6
14,20,1,1,0.00227630534209311,1,6
14,21,1,1,0.00227630534209311,1,6
14,22,1,1,0.00227630534209311,1,6
14,23,1,1,0.00227630534209311,1,6
14,24,1,1,0.00227630534209311,1,6
14,25,1,1,0.00227630534209311,1,6
14,26,1,1,0.00227630534209311,1,6
14,27,1,1,0.00227630534209311,1,6
14,28,1,1,0.00227630534209311,1,6
14,29,1,1,0.00227630534209311,1,6
14,30,1,1,0.00227630534209311,1,6
14,31,1,1,0.00227630534209311,1,6
14,32,1,1,0.00227630534209311,1,6
14,33,1,1,0.00227630534209311,1,6
14,34,1,1,0.00227630534209311,1,6
14,35,1,1,0.00227630534209311,1,6
14,36,1,1,0.00227630534209311,1,6
14,37,1,1,0.00227630534209311,1,6
14,38,1,1,0.00227630534209311,1,6
14,39,1,1,0.00227630534209311,1,6
14,40,1,1,0.00227630534209311,1,6
14,41,1,1,0.00227630534209311,1,6
14,42,1,1,0.00227630534209311,1,6
14,43,1,1,0.00227630534209311,1,6
14,44,1,1,0.00227630534209311,1,6
14,45,1,1,0.00227630534209311,1,6
14,46,1,1,0.00227630534209311,1,6
14,47,1,1,0.00227630534209311,1,6
14,48,1,1,0.00227630534209311,1,6
14,49,1,1,0.00227630534209311,1,6
14,50,1,1,0.00227630534209311,1,6
14,51,1,1,0.00227630534209311,1,6
14,52,1,1,0.00227630534209311,1,6
14,53,1,1,0.00227630534209311,1,6
14,54,1,1,0.00227630534209311,1,6
14,55,1,1,0.00227630534209311,1,6
14,56,1,1,0.00227630534209311,1,6
14,57,1,1,0.00227630534209311,1,6
14,58,1,1,0.00227630534209311,1,6
14,59,1,1,0.00227630534209311,1,6
14,60,1,1,0.00227630534209311,1,6
14,61,1,1,0.00227630534209311,1,6
14,62,1,1,0.00227630534209311,1,6
14,63,1,1,0.00227630534209311,1,6
14,64,1,1,0.00227630534209311,1,6
14,65,1,1,0.00227630534209311,1,6
14,66,1,1,0.00227630534209311,1,6
14,67,1,1,0.00227630534209311,1,6
14,68,1,1,0.00227630534209311,1,6
14,69,1,1,0.00227630534209311,1,6
14,70,1,1,0.00227630534209311,1,6
14,71,1,1,0.00227630534209311,1,6
14,72,1,1,0.00227630534209311,1,6
14,73,1,1,0.00227630534209311,1,6
14,74,1,1,0.00227630534209311,1,6
14,75,1,1,0.00227630534209311,1,6
14,76,1,1,0.00227630534209311,1,6
14,77,1,1,0.00227630534209311,1,6
14,78,1,1,0.00227630534209311,1,6
14,79,1,1,0.00227630534209311,1,6
14,80,1,1,0.00227630534209311,1,6
14,81,1,1,0.00227630534209311,1,6
14,82,1,1,0.00227630534209311,1,6
14,83,1,1,0.00227630534209311,1,6
14,84,1,1,0.00227630534209311,1,6
14,85,1,1,0.00227630534209311,1,6
14,86,1,1,0.00227630534209311,1,6
14,87,1,1,0.00227630534209311,1,6
14,88,1,1,0.00227630534209311,1,6
14,89,1,1,0.00227630534209311,1,6
14,90,1,1,0.00227630534209311,1,6
14,91,1,1,0.00227630534209311,1,6
14,92,1,1,0.00227630534209311,1,6
14,93,1,1,0.00227630534209311,1,6
14,94,1,1,0.00227630534209311,1,6
14,95,1,1,0.00227630534209311,1,6
14,96,1,1,0.00227630534209311,1,6
14,97,1,1,0.00227630534209311,1,6
14,98,1,1,0.00227630534209311,1,6
14,99,1,1,0.00227630534209311,1,6
14,100,1,1,0.00227630534209311,1,6
15,1,1,1,0.004487539175897837,1,6
15,2,1,1,0.004008634015917778,1,6
15,3,1,1,0.0035788388922810555,1,6
15,4,1,1,0.0038803433999419212,1,6
15,5,1,1,0.0034233820624649525,1,6
15,6,1,1,0.0028736793901771307,1,6
15,7,1,1,0.0028736793901771307,1,6
15,8,1,1,0.0028736793901771307,1,6
15,9,1,1,0.0028736793901771307,1,6
15,10,1,1,0.0028736793901771307,1,6
15,11,1,1,0.0028736793901771307,1,6
15,12,1,1,0.0028736793901771307,1,6
15,13,1,1,0.0028736793901771307,1,6
15,14,1,1,0.0028736793901771307,1,6
15,15,1,1,0.0028736793901771307,1,6
15,16,1,1,0.0028736793901771307,1,6
15,17,1,1,0.0028736793901771307,1,6
15,18,1,1,0.0028736793901771307,1,6
15,19,1,1,0.0028736793901771307,1,6
15,20,1,1,0.0028736793901771307,1,6
15,21,1,1,0.0028736793901771307,1,6
15,22,1,1,0.0028736793901771307,1,6
15,23,1,1,0.0028736793901771307,1,6
15,24,1,1,0.0028736793901771307,1,6
15,25,1,1,0.0028736793901771307,1,6
15,26,1,1,0.0028736793901771307,1,6
15,27,1,1,0.0028736793901771307,1,6
15,28,1,1,0.0028736793901771307,1,6
15,29,1,1,0.0028736793901771307,1,6
15,30,1,1,0.0028736793901771307,1,6
15,31,1,1,0.0028736793901771307,1,6
15,32,1,1,0.0028736793901771307,1,6
15,33,1,1,0.0028736793901771307,1,6
15,34,1,1,0.0028736793901771307,1,6
15,35,1,1,0.0028736793901771307,1,6
15,36,1,1,0.0028736793901771307,1,6
15,37,1,1,0.0028736793901771307,1,6
15,38,1,1,0.0028736793901771307,1,6
15,39,1,1,0.0028736793901771307,1,6
15,40,1,1,0.0028736793901771307,1,6
15,41,1,1,0.0028736793901771307,1,6
15,42,1,1,0.0028736793901771307,1,6
15,43,1,1,0.0028736793901771307,1,6
15,44,1,1,0.0028736793901771307,1,6
15,45,1,1,0.0028736793901771307,1,6
15,46,1,1,0.0028736793901771307,1,6
15,47,1,1,0.0028736793901771307,1,6
15,48,1,1,0.0028736793901771307,1,6
15,49,1,1,0.0028736793901771307,1,6
15,50,1,1,0.0028736793901771307,1,6
15,51,1,1,0.0028736793901771307,1,6
15,52,1,1,0.0028736793901771307,1,6
15,53,1,1,0.0028736793901771307,1,6
15,54,1,1,0.0028736793901771307,1,6
15,55,1,1,0.0028736793901771307,1,6
15,56,1,1,0.0028736793901771307,1,6
15,57,1,1,0.0028736793901771307,1,6
15,58,1,1,0.0028736793901771307,1,6
15,59,1,1,0.0028736793901771307,1,6
15,60,1,1,0.0028736793901771307,1,6
15,61,1,1,0.0028736793901771307,1,6
15,62,1,1,0.0028736793901771307,1,6
15,63,1,1,0.0028736793901771307,1,6
15,64,1,1,0.0028736793901771307,1,6
15,65,1,1,0.0028736793901771307,1,6
15,66,1,1,0.0028736793901771307,1,6
15,67,1,1,0.0028736793901771307,1,6
15,68,1,1,0.0028736793901771307,1,6
15,69,1,1,0.0028736793901771307,1,6
15,70,1,1,0.0028736793901771307,1,6
15,71,1,1,0.0028736793901771307,1,6
15,72,1,1,0.0028736793901771307,1,6
15,73,1,1,0.0028736793901771307,1,6
15,74,1,1,0.0028736793901771307,1,6
15,75,1,1,0.0028736793901771307,1,6
15,76,1,1,0.0028736793901771307,1,6
15,77,1,1,0.0028736793901771307,1,6
15,78,1,1,0.0028736793901771307,1,6
15,79,1,1,0.0028736793901771307,1,6
15,80,1,1,0.0028736793901771307,1,6
15,81,1,1,0.0028736793901771307,1,6
15,82,1,1,0.0028736793901771307,1,6
15,83,1,1,0.0028736793901771307,1,6
15,84,1,1,0.0028736793901771307,1,6
15,85,1,1,0.0028736793901771307,1,6
15,86,1,1,0.0028736793901771307,1,6
15,87,1,1,0.0028736793901771307,1,6
15,88,1,1,0.0028736793901771307,1,6
15,89,1,1,0.0028736793901771307,1,6
15,90,1,1,0.0028736793901771307,1,6
15,91,1,1,0.0028736793901771307,1,6
15,92,1,1,0.0028736793901771307,1,6
15,93,1,1,0.0028736793901771307,1,6
15,94,1,1,0.0028736793901771307,1,6
15,95,1,1,0.0028736793901771307,1,6
15,96,1,1,0.0028736793901771307,1,6
15,97,1,1,0.0028736793901771307,1,6
15,98,1,1,0.0028736793901771307,1,6
15,99,1,1,0.0028736793901771307,1,6
15,100,1,1,0.0028736793901771307,1,6
16,1,1,1,0.002215985208749771,1,5
16,2,1,1,0.0010794141562655568,1,5
16,3,1,1,0.000182806805241853,1,5
16,4,1,0,-0.0004127915599383414,0,5
16,5,1,0,-0.00041115793283097446,0,5
16,6,1,0,-0.00041115793283097446,0,5
16,7,1,0,-0.00041115793283097446,0,5
16,8,1,0,-0.00041115793283097446,0,5
16,9,1,0,-0.00041115793283097446,0,5
16,10,1,0,-0.00041115793283097446,0,5
16,11,1,0,-0.00041115793283097446,0,5
16,12,1,0,-0.00041115793283097446,0,5
16,13,1,0,-0.00041115793283097446,0,5
16,14,1,0,-0.00041115793283097446,0,5
16,15,1,0,-0.00041115793283097446,0,5
16,16,1,0,-0.00041115793283097446,0,5
16,17,1,0,-0.00041115793283097446,0,5
16,18,1,0,-0.00041115793283097446,0,5
16,19,1,0,-0.00041115793283097446,0,5
16,20,1,0,-0.00041115793283097446,0,5
16,21,1,0,-0.00041115793283097446,0,5
16,22,1,0,-0.00041115793283097446,0,5
16,23,1,0,-0.00041115793283097446,0,5
16,24,1,0,-0.00041115793283097446,0,5
16,25,1,0,-0.00041115793283097446,0,5
16,26,1,0,-0.00041115793283097446,0,5
16,27,1,0,-0.00041115793283097446,0,5
16,28,1,0,-0.00041115793283097446,0,5
16,29,1,0,-0.00041115793283097446,0,5
16,30,1,0,-0.00041115793283097446,0,5
16,31,1,0,-0.00041115793283097446,0,5
16,32,1,0,-0.00041115793283097446,0,5
16,33,1,0,-0.00041115793283097446,0,5
16,34,1,0,-0.00041115793283097446,0,5
16,35,1,0,-0.00041115793283097446,0,5
16,36,1,0,-0.00041115793283097446,0,5
16,37,1,0,-0.00041115793283097446,0,5
16,38,1,0,-0.00041115793283097446,0,5
16,39,1,0,-0.00041115793283097446,0,5
16,40,1,0,-0.00041115793283097446,0,5
16,41,1,0,-0.00041115793283097446,0,5
16,42,1,0,-0.00041115793283097446,0,5
16,43,1,0,-0.00041115793283097446,0,5
16,44,1,0,-0.00041115793283097446,0,5
16,45,1,0,-0.00041115793283097446,0,5
16,46,1,0,-0.00041115793283097446,0,5
16,47,1,0,-0.00041115793283097446,0,5
16,48,1,0,-0.00041115793283097446,0,5
16,49,1,0,-0.00041115793283097446,0,5
16,50,1,0,-0.00041115793283097446,0,5
16,51,1,0,-0.00041115793283097446,0,5
16,52,1,0,-0.00041115793283097446,0,5
16,53,1,0,-0.00041115793283097446,0,5
16,54,1,0,-0.00041115793283097446,0,5
16,55,1,0,-0.00041115793283097446,0,5
16,56,1,0,-0.00041115793283097446,0,5
16,57,1,0,-0.00041115793283097446,0,5
16,58,1,0,-0.00041115793283097446,0,5
16,59,1,0,-0.00041115793283097446,0,5
16,60,1,0,-0.00041115793283097446,0,5
16,61,1,0,-0.00041115793283097446,0,5
16,62,1,0,-0.00041115793283097446,0,5
16,63,1,0,-0.00041115793283097446,0,5
16,64,1,0,-0.00041115793283097446,0,5
16,65,1,0,-0.00041115793283097446,0,5
16,66,1,0,-0.00041115793283097446,0,5
16,67,1,0,-0.00041115793283097446,0,5
16,68,1,0,-0.00041115793283097446,0,5
16,69,1,0,-0.00041115793283097446,0,5
16,70,1,0,-0.00041115793283097446,0,5
16,71,1,0,-0.00041115793283097446,0,5
16,72,1,0,-0.00041115793283097446,0,5
16,73,1,0,-0.00041115793283097446,0,5
16,74,1,0,-0.00041115793283097446,0,5
16,75,1,0,-0.00041115793283097446,0,5
16,76,1,0,-0.00041115793283097446,0,5
16,77,1,0,-0.00041115793283097446,0,5
16,78,1,0,-0.00041115793283097446,0,5
16,79,1,0,-0.00041115793283097446,0,5
16,80,1,0,-0.00041115793283097446,0,5
16,81,1,0,-0.00041115793283097446,0,5
16,82,1,0,-0.00041115793283097446,0,5
16,83,1,0,-0.00041115793283097446,0,5
16,84,1,0,-0.00041115793283097446,0,5
16,85,1,0,-0.00041115793283097446,0,5
16,86,1,0,-0.00041115793283097446,0,5
16,87,1,0,-0.00041115793283097446,0,5
16,88,1,0,-0.00041115793283097446,0,5
16,89,1,0,-0.00041115793283097446,0,5
16,90,1,0,-0.00041115793283097446,0,5
16,91,1,0,-0.00041115793283097446,0,5
16,92,1,0,-0.00041115793283097446,0,5
16,93,1,0,-0.00041115793283097446,0,5
16,94,1,0,-0.00041115793283097446,0,5
16,95,1,0,-0.00041115793283097446,0,5
16,96,1,0,-0.00041115793283097446,0,5
16,97,1,0,-0.00041115793283097446,0,5
16,98,1,0,-0.00041115793283097446,0,5
16,99,1,0,-0.00041115793283097446,0,5
16,100,1,0,-0.00041115793283097446,0,5
17,1,1,1,0.0010606975993141532,1,6
17,2,1,1,0.004254636354744434,1,6
17,3,1,1,0.005050140433013439,1,6
17,4,1,1,0.004909597337245941,1,6
17,5,1,1,0.004837012384086847,1,6
17,6,1,1,0.004957959521561861,1,6
17,7,1,1,0.004957959521561861,1,6
17,8,1,1,0.004957959521561861,1,6
17,9,1,1,0.004957959521561861,1,6
17,10,1,1,0.004957959521561861,1,6
17,11,1,1,0.004957959521561861,1,6
17,12,1,1,0.004957959521561861,1,6
17,13,1,1,0.004957959521561861,1,6
17,14,1,1,0.004957959521561861,1,6
17,15,1,1,0.004957959521561861,1,6
17,16,1,1,0.004957959521561861,1,6
17,17,1,1,0.004957959521561861,1,6
17,18,1,1,0.004957959521561861,1,6
17,19,1,1,0.004957959521561861,1,6
17,20,1,1,0.004957959521561861,1,6
17,21,1,1,0.004957959521561861,1,6
17,22,1,1,0.004957959521561861,1,6
17,23,1,1,0.004957959521561861,1,6
17,24,1,1,0.004957959521561861,1,6
17,25,1,1,0.004957959521561861,1,6
17,26,1,1,0.004957959521561861,1,6
17,27,1,1,0.004957959521561861,1,6
17,28,1,1,0.004957959521561861,1,6
17,29,1,1,0.004957959521561861,1,6
17,30,1,1,0.004957959521561861,1,6
17,31,1,1,0.004957959521561861,1,6
17,32,1,1,0.004957959521561861,1,6
17,33,1,1,0.004957959521561861,1,6
17,34,1,1,0.004957959521561861,1,6
17,35,1,1,0.004957959521561861,1,6
17,36,1,1,0.004957959521561861,1,6
17,37,1,1,0.004957959521561861,1,6
17,38,1,1,0.004957959521561861,1,6
17,39,1,1,0.004957959521561861,1,6
17,40,1,1,0.004957959521561861,1,6
17,41,1,1,0.004957959521561861,1,6
17,42,1,1,0.004957959521561861,1,6
17,43,1,1,0.004957959521561861,1,6
17,44,1,1,0.004957959521561861,1,6
17,45,1,1,0.004957959521561861,1,6
17,46,1,1,0.004957959521561861,1,6
17,47,1,1,0.004957959521561861,1,6
17,48,1,1,0.004957959521561861,1,6
17,49,1,1,0.004957959521561861,1,6
17,50,1,1,0.004957959521561861,1,6
17,51,1,1,0.004957959521561861,1,6
17,52,1,1,0.004957959521561861,1,6
17,53,1,1,0.004957959521561861,1,6
17,54,1,1,0.004957959521561861,1,6
17,55,1,1,0.004957959521561861,1,6
17,56,1,1,0.004957959521561861,1,6
17,57,1,1,0.004957959521561861,1,6
17,58,1,1,0.004957959521561861,1,6
17,59,1,1,0.004957959521561861,1,6
17,60,1,1,0.004957959521561861,1,6
17,61,1,1,0.004957959521561861,1,6
17,62,1,1,0.004957959521561861,1,6
17,63,1,1,0.004957959521561861,1,6
17,64,1,1,0.004957959521561861,1,6
17,65,1,1,0.004957959521561861,1,6
17,66,1,1,0.004957959521561861,1,6
17,67,1,1,0.004957959521561861,1,6
17,68,1,1,0.004957959521561861,1,6
17,69,1,1,0.004957959521561861,1,6
17,70,1,1,0.004957959521561861,1,6
17,71,1,1,0.004957959521561861,1,6
17,72,1,1,0.004957959521561861,1,6
17,73,1,1,0.004957959521561861,1,6
17,74,1,1,0.004957959521561861,1,6
17,75,1,1,0.004957959521561861,1,6
17,76,1,1,0.004957959521561861,1,6
17,77,1,1,0.004957959521561861,1,6
17,78,1,1,0.004957959521561861,1,6
17,79,1,1,0.004957959521561861,1,6
17,80,1,1,0.004957959521561861,1,6
17,81,1,1,0.004957959521561861,1,6
17,82,1,1,0.004957959521561861,1,6
17,83,1,1,0.004957959521561861,1,6
17,84,1,1,0.004957959521561861,1,6
17,85,1,1,0.004957959521561861,1,6
17,86,1,1,0.004957959521561861,1,6
17,87,1,1,0.004957959521561861,1,6
17,88,1,1,0.004957959521561861,1,6
17,89,1,1,0.004957959521561861,1,6
17,90,1,1,0.004957959521561861,1,6
17,91,1,1,0.004957959521561861,1,6
17,92,1,1,0.004957959521561861,1,6
17,93,1,1,0.004957959521561861,1,6
17,94,1,1,0.004957959521561861,1,6
17,95,1,1,0.004957959521561861,1,6
17,96,1,1,0.004957959521561861,1,6
17,97,1,1,0.004957959521561861,1,6
17,98,1,1,0.004957959521561861,1,6
17,99,1,1,0.004957959521561861,1,6
17,100,1,1,0.004957959521561861,1,6
18,1,1,1,0.0010606975993141532,1,6
18,2,1,1,0.0012264512479305267,1,6
18,3,1,1,0.000796656240709126,1,6
18,4,1,1,0.00273627950809896,1,6
18,5,1,1,0.0026636947877705097,1,6
18,6,1,1,0.0027846419252455235,1,6
18,7,1,1,0.0027846419252455235,1,6
18,8,1,1,0.0027846419252455235,1,6
18,9,1,1,0.0027846419252455235,1,6
18,10,1,1,0.0027846419252455235,1,6
18,11,1,1,0.0027846419252455235,1,6
18,12,1,1,0.0027846419252455235,1,6
18,13,1,1,0.0027846419252455235,1,6
18,14,1,1,0.0027846419252455235,1,6
18,15,1,1,0.0027846419252455235,1,6
18,16,1,1,0.0027846419252455235,1,6
18,17,1,1,0.0027846419252455235,1,6
18,18,1,1,0.0027846419252455235,1,6
18,19,1,1,0.0027846419252455235,1,6
18,20,1,1,0.0027846419252455235,1,6
18,21,1,1,0.0027846419252455235,1,6
18,22,1,1,0.0027846419252455235,1,6
18,23,1,1,0.0027846419252455235,1,6
18,24,1,1,0.0027846419252455235,1,6
18,25,1,1,0.0027846419252455235,1,6
18,26,1,1,0.0027846419252455235,1,6
18,27,1,1,0.0027846419252455235,1,6
18,28,1,1,0.0027846419252455235,1,6
18,29,1,1,0.0027846419252455235,1,6
18,30,1,1,0.0027846419252455235,1,6
18,31,1,1,0.0027846419252455235,1,6
18,32,1,1,0.0027846419252455235,1,6
18,33,1,1,0.0027846419252455235,1,6
18,34,1,1,0.0027846419252455235,1,6
18,35,1,1,0.0027846419252455235,1,6
18,36,1,1,0.0027846419252455235,1,6
18,37,1,1,0.0027846419252455235,1,6
18,38,1,1,0.0027846419252455235,1,6
18,39,1,1,0.0027846419252455235,1,6
18,40,1,1,0.0027846419252455235,1,6
18,41,1,1,0.0027846419252455235,1,6
18,42,1,1,0.0027846419252455235,1,6
18,43,1,1,0.0027846419252455235,1,6
18,44,1,1,0.0027846419252455235,1,6
18,45,1,1,0.0027846419252455235,1,6
18,46,1,1,0.0027846419252455235,1,6
18,47,1,1,0.0027846419252455235,1,6
18,48,1,1,0.0027846419252455235,1,6
18,49,1,1,0.0027846419252455235,1,6
18,50,1,1,0.0027846419252455235,1,6
18,51,1,1,0.0027846419252455235,1,6
18,52,1,1,0.0027846419252455235,1,6
18,53,1,1,0.0027846419252455235,1,6
18,54,1,1,0.0027846419252455235,1,6
18,55,1,1,0.0027846419252455235,1,6
18,56,1,1,0.0027846419252455235,1,6
18,57,1,1,0.0027846419252455235,1,6
18,58,1,1,0.0027846419252455235,1,6
18,59,1,1,0.0027846419252455235,1,6
18,60,1,1,0.0027846419252455235,1,6
18,61,1,1,0.0027846419252455235,1,6
18,62,1,1,0.0027846419252455235,1,6
18,63,1,1,0.0027846419252455235,1,6
18,64,1,1,0.0027846419252455235,1,6
18,65,1,1,0.0027846419252455235,1,6
18,66,1,1,0.0027846419252455235,1,6
18,67,1,1,0.0027846419252455235,1,6
18,68,1,1,0.0027846419252455235,1,6
18,69,1,1,0.0027846419252455235,1,6
18,70,1,1,0.0027846419252455235,1,6
18,71,1,1,0.0027846419252455235,1,6
18,72,1,1,0.0027846419252455235,1,6
18,73,1,1,0.0027846419252455235,1,6
18,74,1,1,0.0027846419252455235,1,6
18,75,1,1,0.0027846419252455235,1,6
18,76,1,1,0.0027846419252455235,1,6
18,77,1,1,0.0027846419252455235,1,6
18,78,1,1,0.0027846419252455235,1,6
18,79,1,1,0.0027846419252455235,1,6
18,80,1,1,0.0027846419252455235,1,6
18,81,1,1,0.0027846419252455235,1,6
18,82,1,1,0.0027846419252455235,1,6
18,83,1,1,0.0027846419252455235,1,6
18,84,1,1,0.0027846419252455235,1,6
18,85,1,1,0.0027846419252455235,1,6
18,86,1,1,0.0027846419252455235,1,6
18,87,1,1,0.0027846419252455235,1,6
18,88,1,1,0.0027846419252455235,1,6
18,89,1,1,0.0027846419252455235,1,6
18,90,1,1,0.0027846419252455235,1,6
18,91,1,1,0.0027846419252455235,1,6
18,92,1,1,0.0027846419252455235,1,6
18,93,1,1,0.0027846419252455235,1,6
18,94,1,1,0.0027846419252455235,1,6
18,95,1,1,0.0027846419252455235,1,6
18,96,1,1,0.0027846419252455235,1,6
18,97,1,1,0.0027846419252455235,1,6
18,98,1,1,0.0027846419252455235,1,6
18,99,1,1,0.0027846419252455235,1,6
18,100,1,1,0.0027846419252455235,1,6
19,1,1,0,-0.001288900151848793,0,8
19,2,1,1,0.01514342613518238,1,8
19,3,1,1,0.015360255725681782,1,8
19,4,1,1,0.015238646417856216,1,8
19,5,1,1,0.015670977532863617,1,8
19,6,1,1,0.015329444780945778,1,8
19,7,1,1,0.015628082677721977,1,8
19,8,1,1,0.015321592800319195,1,8
19,9,1,1,0.015321592800319195,1,8
19,10,1,1,0.015321592800319195,1,8
19,11,1,1,0.015321592800319195,1,8
19,12,1,1,0.015321592800319195,1,8
19,13,1,1,0.015321592800319195,1,8
19,14,1,1,0.015321592800319195,1,8
19,15,1,1,0.015321592800319195,1,8
19,16,1,1,0.015321592800319195,1,8
19,17,1,1,0.015321592800319195,1,8
19,18,1,1,0.015321592800319195,1,8
19,19,1,1,0.015321592800319195,1,8
19,20,1,1,0.015321592800319195,1,8
19,21,1,1,0.015321592800319195,1,8
19,22,1,1,0.015321592800319195,1,8
19,23,1,1,0.015321592800319195,1,8
19,24,1,1,0.015321592800319195,1,8
19,25,1,1,0.015321592800319195,1,8
19,26,1,1,0.015321592800319195,1,8
19,27,1,1,0.015321592800319195,1,8
19,28,1,1,0.015321592800319195,1,8
19,29,1,1,0.015321592800319195,1,8
19,30,1,1,0.015321592800319195,1,8
19,31,1,1,0.015321592800319195,1,8
19,32,1,1,0.015321592800319195,1,8
19,33,1,1,0.015321592800319195,1,8
19,34,1,1,0.015321592800319195,1,8
19,35,1,1,0.015321592800319195,1,8
19,36,1,1,0.015321592800319195,1,8
19,37,1,1,0.015321592800319195,1,8
19,38,1,1,0.015321592800319195,1,8
19,39,1,1,0.015321592800319195,1,8
19,40,1,1,0.015321592800319195,1,8
19,41,1,1,0.015321592800319195,1,8
19,42,1,1,0.015321592800319195,1,8
19,43,1,1,0.015321592800319195,1,8
19,44,1,1,0.015321592800319195,1,8
19,45,1,1,0.015321592800319195,1,8
19,46,1,1,0.015321592800319195,1,8
19,47,1,1,0.015321592800319195,1,8
19,48,1,1,0.015321592800319195,1,8
19,49,1,1,0.015321592800319195,1,8
19,50,1,1,0.015321592800319195,1,8
19,51,1,1,0.015321592800319195,1,8
19,52,1,1,0.015321592800319195,1,8
19,53,1,1,0.015321592800319195,1,8
19,54,1,1,0.015321592800319195,1,8
19,55,1,1,0.015321592800319195,1,8
19,56,1,1,0.015321592800319195,1,8
19,57,1,1,0.015321592800319195,1,8
19,58,1,1,0.015321592800319195,1,8
19,59,1,1,0.015321592800319195,1,8
19,60,1,1,0.015321592800319195,1,8
19,61,1,1,0.015321592800319195,1,8
19,62,1,1,0.015321592800319195,1,8
19,63,1,1,0.015321592800319195,1,8
19,64,1,1,0.015321592800319195,1,8
19,65,1,1,0.015321592800319195,1,8
19,66,1,1,0.015321592800319195,1,8
19,67,1,1,0.015321592800319195,1,8
19,68,1,1,0.015321592800319195,1,8
19,69,1,1,0.015321592800319195,1,8
19,70,1,1,0.015321592800319195,1,8
19,71,1,1,0.015321592800319195,1,8
19,72,1,1,0.015321592800319195,1,8
19,73,1,1,0.015321592800319195,1,8
19,74,1,1,0.015321592800319195,1,8
19,75,1,1,0.015321592800319195,1,8
19,76,1,1,0.015321592800319195,1,8
19,77,1,1,0.015321592800319195,1,8
19,78,1,1,0.015321592800319195,1,8
19,79,1,1,0.015321592800319195,1,8
19,80,1,1,0.015321592800319195,1,8
19,81,1,1,0.015321592800319195,1,8
19,82,1,1,0.015321592800319195,1,8
19,83,1,1,0.015321592800319195,1,8
19,84,1,1,0.015321592800319195,1,8
19,85,1,1,0.015321592800319195,1,8
19,86,1,1,0.015321592800319195,1,8
19,87,1,1,0.015321592800319195,1,8
19,88,1,1,0.015321592800319195,1,8
19,89,1,1,0.015321592800319195,1,8
19,90,1,1,0.015321592800319195,1,8
19,91,1,1,0.015321592800319195,1,8
19,92,1,1,0.015321592800319195,1,8
19,93,1,1,0.015321592800319195,1,8
19,94,1,1,0.015321592800319195,1,8
19,95,1,1,0.015321592800319195,1,8
19,96,1,1,0.015321592800319195,1,8
19,97,1,1,0.015321592800319195,1,8
19,98,1,1,0.015321592800319195,1,8
19,99,1,1,0.015321592800319195,1,8
19,100,1,1,0.015321592800319195,1,8
20,1,0,0,-0.0035374120343476534,1,8
20,2,0,0,-0.004625874571502209,1,8
20,3,0,0,-0.004607241600751877,1,8
20,4,0,0,-0.0050553628243505955,1,8
20,5,0,0,-0.005291910842061043,1,8
20,6,0,0,-0.005468927323818207,1,8
20,7,0,0,-0.0056503331288695335,1,8
20,8,0,0,-0.006767001934349537,1,8
20,9,0,0,-0.006767001934349537,1,8
20,10,0,0,-0.006767001934349537,1,8
20,11,0,0,-0.006767001934349537,1,8
20,12,0,0,-0.006767001934349537,1,8
20,13,0,0,-0.006767001934349537,1,8
20,14,0,0,-0.006767001934349537,1,8
20,15,0,0,-0.006767001934349537,1,8
20,16,0,0,-0.006767001934349537,1,8
20,17,0,0,-0.006767001934349537,1,8
20,18,0,0,-0.006767001934349537,1,8
20,19,0,0,-0.006767001934349537,1,8
20,20,0,0,-0.006767001934349537,1,8
20,21,0,0,-0.006767001934349537,1,8
20,22,0,0,-0.006767001934349537,1,8
20,23,0,0,-0.006767001934349537,1,8
20,24,0,0,-0.006767001934349537,1,8
20,25,0,0,-0.006767001934349537,1,8
20,26,0,0,-0.006767001934349537,1,8
20,27,0,0,-0.006767001934349537,1,8
20,28,0,0,-0.006767001934349537,1,8
20,29,0,0,-0.006767001934349537,1,8
20,30,0,0,-0.006767001934349537,1,8
20,31,0,0,-0.006767001934349537,1,8
20,32,0,0,-0.006767001934349537,1,8
20,33,0,0,-0.006767001934349537,1,8
20,34,0,0,-0.006767001934349537,1,8
20,35,0,0,-0.006767001934349537,1,8
20,36,0,0,-0.006767001934349537,1,8
20,37,0,0,-0.006767001934349537,1,8
20,38,0,0,-0.006767001934349537,1,8
20,39,0,0,-0.006767001934349537,1,8
20,40,0,0,-0.006767001934349537,1,8
20,41,0,0,-0.006767001934349537,1,8
20,42,0,0,-0.006767001934349537,1,8
20,43,0,0,-0.006767001934349537,1,8
20,44,0,0,-0.006767001934349537,1,8
20,45,0,0,-0.006767001934349537,1,8
20,46,0,0,-0.006767001934349537,1,8
20,47,0,0,-0.006767001934349537,1,8
20,48,0,0,-0.006767001934349537,1,8
20,49,0,0,-0.006767001934349537,1,8
20,50,0,0,-0.006767001934349537,1,8
20,51,0,0,-0.006767001934349537,1,8
20,52,0,0,-0.006767001934349537,1,8
20,53,0,0,-0.006767001934349537,1,8
20,54,0,0,-0.006767001934349537,1,8
20,55,0,0,-0.006767001934349537,1,8
20,56,0,0,-0.006767001934349537,1,8
20,57,0,0,-0.006767001934349537,1,8
20,58,0,0,-0.006767001934349537,1,8
20,59,0,0,-0.006767001934349537,1,8
20,60,0,0,-0.006767001934349537,1,8
20,61,0,0,-0.006767001934349537,1,8
20,62,0,0,-0.006767001934349537,1,8
20,63,0,0,-0.006767001934349537,1,8
20,64,0,0,-0.006767001934349537,1,8
20,65,0,0,-0.006767001934349537,1,8
20,66,0,0,-0.006767001934349537,1,8
20,67,0,0,-0.006767001934349537,1,8
20,68,0,0,-0.006767001934349537,1,8
20,69,0,0,-0.006767001934349537,1,8
20,70,0,0,-0.006767001934349537,1,8
20,71,0,0,-0.006767001934349537,1,8
20,72,0,0,-0.006767001934349537,1,8
20,73,0,0,-0.006767001934349537,1,8
20,74,0,0,-0.006767001934349537,1,8
20,75,0,0,-0.006767001934349537,1,8
20,76,0,0,-0.006767001934349537,1,8
20,77,0,0,-0.006767001934349537,1,8
20,78,0,0,-0.006767001934349537,1,8
20,79,0,0,-0.006767001934349537,1,8
20,80,0,0,-0.006767001934349537,1,8
20,81,0,0,-0.006767001934349537,1,8
20,82,0,0,-0.006767001934349537,1,8
20,83,0,0,-0.006767001934349537,1,8
20,84,0,0,-0.006767001934349537,1,8
20,85,0,0,-0.006767001934349537,1,8
20,86,0,0,-0.006767001934349537,1,8
20,87,0,0,-0.006767001934349537,1,8
20,88,0,0,-0.006767001934349537,1,8
20,89,0,0,-0.006767001934349537,1,8
20,90,0,0,-0.006767001934349537,1,8
20,91,0,0,-0.006767001934349537,1,8
20,92,0,0,-0.006767001934349537,1,8
20,93,0,0,-0.006767001934349537,1,8
20,94,0,0,-0.006767001934349537,1,8
20,95,0,0,-0.006767001934349537,1,8
20,96,0,0,-0.006767001934349537,1,8
20,97,0,0,-0.006767001934349537,1,8
20,98,0,0,-0.006767001934349537,1,8
20,99,0,0,-0.006767001934349537,1,8
20,100,0,0,-0.006767001934349537,1,8
21,1,1,0,-0.00010759738506749272,0,8
21,2,1,0,-0.0005865023704245687,0,8
21,3,1,0,-0.0010162973776459694,0,8
21,4,1,0,-0.0006709200097247958,0,8
21,5,1,0,-0.00216171657666564,0,8
21,6,1,0,-0.0019523798255249858,0,8
21,7,1,0,-0.00171457149554044,0,8
21,8,1,0,-0.001372035825625062,0,8
21,9,1,0,-0.001372035825625062,0,8
21,10,1,0,-0.001372035825625062,0,8
21,11,1,0,-0.001372035825625062,0,8
21,12,1,0,-0.001372035825625062,0,8
21,13,1,0,-0.001372035825625062,0,8
21,14,1,0,-0.001372035825625062,0,8
21,15,1,0,-0.001372035825625062,0,8
21,16,1,0,-0.001372035825625062,0,8
21,17,1,0,-0.001372035825625062,0,8
21,18,1,0,-0.001372035825625062,0,8
21,19,1,0,-0.001372035825625062,0,8
21,20,1,0,-0.001372035825625062,0,8
21,21,1,0,-0.001372035825625062,0,8
21,22,1,0,-0.001372035825625062,0,8
21,23,1,0,-0.001372035825625062,0,8
21,24,1,0,-0.001372035825625062,0,8
21,25,1,0,-0.001372035825625062,0,8
21,26,1,0,-0.001372035825625062,0,8
21,27,1,0,-0.001372035825625062,0,8
21,28,1,0,-0.001372035825625062,0,8
21,29,1,0,-0.001372035825625062,0,8
21,30,1,0,-0.001372035825625062,0,8
21,31,1,0,-0.001372035825625062,0,8
21,32,1,0,-0.001372035825625062,0,8
21,33,1,0,-0.001372035825625062,0,8
21,34,1,0,-0.001372035825625062,0,8
21,35,1,0,-0.001372035825625062,0,8
21,36,1,0,-0.001372035825625062,0,8
21,37,1,0,-0.001372035825625062,0,8
21,38,1,0,-0.001372035825625062,0,8
21,39,1,0,-0.001372035825625062,0,8
21,40,1,0,-0.001372035825625062,0,8
21,41,1,0,-0.001372035825625062,0,8
21,42,1,0,-0.001372035825625062,0,8
21,43,1,0,-0.001372035825625062,0,8
21,44,1,0,-0.001372035825625062,0,8
21,45,1,0,-0.001372035825625062,0,8
21,46,1,0,-0.001372035825625062,0,8
21,47,1,0,-0.001372035825625062,0,8
21,48,1,0,-0.001372035825625062,0,8
21,49,1,0,-0.001372035825625062,0,8
21,50,1,0,-0.001372035825625062,0,8
21,51,1,0,-0.001372035825625062,0,8
21,52,1,0,-0.001372035825625062,0,8
21,53,1,0,-0.001372035825625062,0,8
21,54,1,0,-0.001372035825625062,0,8
21,55,1,0,-0.001372035825625062,0,8
21,56,1,0,-0.001372035825625062,0,8
21,57,1,0,-0.001372035825625062,0,8
21,58,1,0,-0.001372035825625062,0,8
21,59,1,0,-0.001372035825625062,0,8
21,60,1,0,-0.001372035825625062,0,8
21,61,1,0,-0.001372035825625062,0,8
21,62,1,0,-0.001372035825625062,0,8
21,63,1,0,-0.001372035825625062,0,8
21,64,1,0,-0.001372035825625062,0,8
21,65,1,0,-0.001372035825625062,0,8
21,66,1,0,-0.001372035825625062,0,8
21,67,1,0,-0.001372035825625062,0,8
21,68,1,0,-0.001372035825625062,0,8
21,69,1,0,-0.001372035825625062,0,8
21,70,1,0,-0.001372035825625062,0,8
21,71,1,0,-0.001372035825625062,0,8
21,72,1,0,-0.001372035825625062,0,8
21,73,1,0,-0.001372035825625062,0,8
21,74,1,0,-0.001372035825625062,0,8
21,75,1,0,-0.001372035825625062,0,8
21,76,1,0,-0.001372035825625062,0,8
21,77,1,0,-0.001372035825625062,0,8
21,78,1,0,-0.001372035825625062,0,8
21,79,1,0,-0.001372035825625062,0,8
21,80,1,0,-0.001372035825625062,0,8
21,81,1,0,-0.001372035825625062,0,8
21,82,1,0,-0.001372035825625062,0,8
21,83,1,0,-0.001372035825625062,0,8
21,84,1,0,-0.001372035825625062,0,8
21,85,1,0,-0.001372035825625062,0,8
21,86,1,0,-0.001372035825625062,0,8
21,87,1,0,-0.001372035825625062,0,8
21,88,1,0,-0.001372035825625062,0,8
21,89,1,0,-0.001372035825625062,0,8
21,90,1,0,-0.001372035825625062,0,8
21,91,1,0,-0.001372035825625062,0,8
21,92,1,0,-0.001372035825625062,0,8
21,93,1,0,-0.001372035825625062,0,8
21,94,1,0,-0.001372035825625062,0,8
21,95,1,0,-0.001372035825625062,0,8
21,96,1,0,-0.001372035825625062,0,8
21,97,1,0,-0.001372035825625062,0,8
21,98,1,0,-0.001372035825625062,0,8
21,99,1,0,-0.001372035825625062,0,8
21,100,1,0,-0.001372035825625062,0,8
22,1,1,1,0.004487539175897837,1,5
22,2,1,1,0.004653292708098888,1,5
22,3,1,1,0.004667717032134533,1,5
22,4,1,1,0.004300401080399752,1,5
22,5,1,1,0.0046151853166520596,1,5
22,6,1,1,0.0046151853166520596,1,5
22,7,1,1,0.0046151853166520596,1,5
22,8,1,1,0.0046151853166520596,1,5
22,9,1,1,0.0046151853166520596,1,5
22,10,1,1,0.0046151853166520596,1,5
22,11,1,1,0.0046151853166520596,1,5
22,12,1,1,0.0046151853166520596,1,5
22,13,1,1,0.0046151853166520596,1,5
22,14,1,1,0.0046151853166520596,1,5
22,15,1,1,0.0046151853166520596,1,5
22,16,1,1,0.0046151853166520596,1,5
22,17,1,1,0.0046151853166520596,1,5
22,18,1,1,0.0046151853166520596,1,5
22,19,1,1,0.0046151853166520596,1,5
22,20,1,1,0.0046151853166520596,1,5
22,21,1,1,0.0046151853166520596,1,5
22,22,1,1,0.0046151853166520596,1,5
22,23,1,1,0.0046151853166520596,1,5
22,24,1,1,0.0046151853166520596,1,5
22,25,1,1,0.0046151853166520596,1,5
22,26,1,1,0.0046151853166520596,1,5
22,27,1,1,0.0046151853166520596,1,5
22,28,1,1,0.0046151853166520596,1,5
22,29,1,1,0.0046151853166520596,1,5
22,30,1,1,0.0046151853166520596,1,5
22,31,1,1,0.0046151853166520596,1,5
22,32,1,1,0.0046151853166520596,1,5
22,33,1,1,0.0046151853166520596,1,5
22,34,1,1,0.0046151853166520596,1,5
22,35,1,1,0.0046151853166520596,1,5
22,36,1,1,0.0046151853166520596,1,5
22,37,1,1,0.0046151853166520596,1,5
22,38,1,1,0.0046151853166520596,1,5
22,39,1,1,0.0046151853166520596,1,5
22,40,1,1,0.0046151853166520596,1,5
22,41,1,1,0.0046151853166520596,1,5
22,42,1,1,0.0046151853166520596,1,5
22,43,1,1,0.0046151853166520596,1,5
22,44,1,1,0.0046151853166520596,1,5
22,45,1,1,0.0046151853166520596,1,5
22,46,1,1,0.0046151853166520596,1,5
22,47,1,1,0.0046151853166520596,1,5
22,48,1,1,0.0046151853166520596,1,5
22,49,1,1,0.0046151853166520596,1,5
22,50,1,1,0.0046151853166520596,1,5
22,51,1,1,0.0046151853166520596,1,5
22,52,1,1,0.0046151853166520596,1,5
22,53,1,1,0.0046151853166520596,1,5
22,54,1,1,0.0046151853166520596,1,5
22,55,1,1,0.0046151853166520596,1,5
22,56,1,1,0.0046151853166520596,1,5
22,57,1,1,0.0046151853166520596,1,5
22,58,1,1,0.0046151853166520596,1,5
22,59,1,1,0.0046151853166520596,1,5
22,60,1,1,0.0046151853166520596,1,5
22,61,1,1,0.0046151853166520596,1,5
22,62,1,1,0.0046151853166520596,1,5
22,63,1,1,0.0046151853166520596,1,5
22,64,1,1,0.0046151853166520596,1,5
22,65,1,1,0.0046151853166520596,1,5
22,66,1,1,0.0046151853166520596,1,5
22,67,1,1,0.0046151853166520596,1,5
22,68,1,1,0.0046151853166520596,1,5
22,69,1,1,0.0046151853166520596,1,5
22,70,1,1,0.0046151853166520596,1,5
22,71,1,1,0.0046151853166520596,1,5
22,72,1,1,0.0046151853166520596,1,5
22,73,1,1,0.0046151853166520596,1,5
22,74,1,1,0.0046151853166520596,1,5
22,75,1,1,0.0046151853166520596,1,5
22,76,1,1,0.0046151853166520596,1,5
22,77,1,1,0.0046151853166520596,1,5
22,78,1,1,0.0046151853166520596,1,5
22,79,1,1,0.0046151853166520596,1,5
22,80,1,1,0.0046151853166520596,1,5
22,81,1,1,0.0046151853166520596,1,5
22,82,1,1,0.0046151853166520596,1,5
22,83,1,1,0.0046151853166520596,1,5
22,84,1,1,0.0046151853166520596,1,5
22,85,1,1,0.0046151853166520596,1,5
22,86,1,1,0.0046151853166520596,1,5
22,87,1,1,0.0046151853166520596,1,5
22,88,1,1,0.0046151853166520596,1,5
22,89,1,1,0.0046151853166520596,1,5
22,90,1,1,0.0046151853166520596,1,5
22,91,1,1,0.0046151853166520596,1,5
22,92,1,1,0.0046151853166520596,1,5
22,93,1,1,0.0046151853166520596,1,5
22,94,1,1,0.0046151853166520596,1,5
22,95,1,1,0.0046151853166520596,1,5
22,96,1,1,0.0046151853166520596,1,5
22,97,1,1,0.0046151853166520596,1,5
22,98,1,1,0.0046151853166520596,1,5
22,99,1,1,0.0046151853166520596,1,5
22,100,1,1,0.0046151853166520596,1,5
23,1,1,0,-0.001288900151848793,0,7
23,2,1,0,-0.001476723118685186,0,7
23,3,1,0,-0.00123725482262671,0,7
23,4,1,0,-0.0010279180714860559,0,7
23,5,1,0,-0.0012152226408943534,0,7
23,6,1,0,-0.001001864904537797,0,7
23,7,1,0,-0.0009502382017672062,0,7
23,8,1,0,-0.0009502382017672062,0,7
23,9,1,0,-0.0009502382017672062,0,7
23,10,1,0,-0.0009502382017672062,0,7
23,11,1,0,-0.0009502382017672062,0,7
23,12,1,0,-0.0009502382017672062,0,7
23,13,1,0,-0.0009502382017672062,0,7
23,14,1,0,-0.0009502382017672062,0,7
23,15,1,0,-0.0009502382017672062,0,7
23,16,1,0,-0.0009502382017672062,0,7
23,17,1,0,-0.0009502382017672062,0,7
23,18,1,0,-0.0009502382017672062,0,7
23,19,1,0,-0.0009502382017672062,0,7
23,20,1,0,-0.0009502382017672062,0,7
23,21,1,0,-0.0009502382017672062,0,7
23,22,1,0,-0.0009502382017672062,0,7
23,23,1,0,-0.0009502382017672062,0,7
23,24,1,0,-0.0009502382017672062,0,7
23,25,1,0,-0.0009502382017672062,0,7
23,26,1,0,-0.0009502382017672062,0,7
23,27,1,0,-0.0009502382017672062,0,7
23,28,1,0,-0.0009502382017672062,0,7
23,29,1,0,-0.0009502382017672062,0,7
23,30,1,0,-0.0009502382017672062,0,7
23,31,1,0,-0.0009502382017672062,0,7
23,32,1,0,-0.0009502382017672062,0,7
23,33,1,0,-0.0009502382017672062,0,7
23,34,1,0,-0.0009502382017672062,0,7
23,35,1,0,-0.0009502382017672062,0,7
23,36,1,0,-0.0009502382017672062,0,7
23,37,1,0,-0.0009502382017672062,0,7
23,38,1,0,-0.0009502382017672062,0,7
23,39,1,0,-0.0009502382017672062,0,7
23,40,1,0,-0.0009502382017672062,0,7
23,41,1,0,-0.0009502382017672062,0,7
23,42,1,0,-0.0009502382017672062,0,7
23,43,1,0,-0.0009502382017672062,0,7
23,44,1,0,-0.0009502382017672062,0,7
23,45,1,0,-0.0009502382017672062,0,7
23,46,1,0,-0.0009502382017672062,0,7
23,47,1,0,-0.0009502382017672062,0,7
23,48,1,0,-0.0009502382017672062,0,7
23,49,1,0,-0.0009502382017672062,0,7
23,50,1,0,-0.0009502382017672062,0,7
23,51,1,0,-0.0009502382017672062,0,7
23,52,1,0,-0.0009502382017672062,0,7
23,53,1,0,-0.0009502382017672062,0,7
23,54,1,0,-0.0009502382017672062,0,7
23,55,1,0,-0.0009502382017672062,0,7
23,56,1,0,-0.0009502382017672062,0,7
23,57,1,0,-0.0009502382017672062,0,7
23,58,1,0,-0.0009502382017672062,0,7
23,59,1,0,-0.0009502382017672062,0,7
23,60,1,0,-0.0009502382017672062,0,7
23,61,1,0,-0.0009502382017672062,0,7
23,62,1,0,-0.0009502382017672062,0,7
23,63,1,0,-0.0009502382017672062,0,7
23,64,1,0,-0.0009502382017672062,0,7
23,65,1,0,-0.0009502382017672062,0,7
23,66,1,0,-0.0009502382017672062,0,7
23,67,1,0,-0.0009502382017672062,0,7
23,68,1,0,-0.0009502382017672062,0,7
23,69,1,0,-0.0009502382017672062,0,7
23,70,1,0,-0.0009502382017672062,0,7
23,71,1,0,-0.0009502382017672062,0,7
23,72,1,0,-0.0009502382017672062,0,7
23,73,1,0,-0.0009502382017672062,0,7
23,74,1,0,-0.0009502382017672062,0,7
23,75,1,0,-0.0009502382017672062,0,7
23,76,1,0,-0.0009502382017672062,0,7
23,77,1,0,-0.0009502382017672062,0,7
23,78,1,0,-0.0009502382017672062,0,7
23,79,1,0,-0.0009502382017672062,0,7
23,80,1,0,-0.0009502382017672062,0,7
23,81,1,0,-0.0009502382017672062,0,7
23,82,1,0,-0.0009502382017672062,0,7
23,83,1,0,-0.0009502382017672062,0,7
23,84,1,0,-0.0009502382017672062,0,7
23,85,1,0,-0.0009502382017672062,0,7
23,86,1,0,-0.0009502382017672062,0,7
23,87,1,0,-0.0009502382017672062,0,7
23,88,1,0,-0.0009502382017672062,0,7
23,89,1,0,-0.0009502382017672062,0,7
23,90,1,0,-0.0009502382017672062,0,7
23,91,1,0,-0.0009502382017672062,0,7
23,92,1,0,-0.0009502382017672062,0,7
23,93,1,0,-0.0009502382017672062,0,7
23,94,1,0,-0.0009502382017672062,0,7
23,95,1,0,-0.0009502382017672062,0,7
23,96,1,0,-0.0009502382017672062,0,7
23,97,1,0,-0.0009502382017672062,0,7
23,98,1,0,-0.0009502382017672062,0,7
23,99,1,0,-0.0009502382017672062,0,7
23,100,1,0,-0.0009502382017672062,0,7
24,1,1,1,0.0010606975993141532,1,7
24,2,1,1,0.0012264512479305267,1,7
24,3,1,1,0.000796656240709126,1,7
24,4,1,1,0.001527201384305954,1,7
24,5,1,1,0.0014133270597085357,1,7
24,6,1,1,0.0009483618196099997,1,7
24,7,1,1,0.000741924624890089,1,7
24,8,1,1,0.000741924624890089,1,7
24,9,1,1,0.000741924624890089,1,7
24,10,1,1,0.000741924624890089,1,7
24,11,1,1,0.000741924624890089,1,7
24,12,1,1,0.000741924624890089,1,7
24,13,1,1,0.000741924624890089,1,7
24,14,1,1,0.000741924624890089,1,7
24,15,1,1,0.000741924624890089,1,7
24,16,1,1,0.000741924624890089,1,7
24,17,1,1,0.000741924624890089,1,7
24,18,1,1,0.000741924624890089,1,7
24,19,1,1,0.000741924624890089,1,7
24,20,1,1,0.000741924624890089,1,7
24,21,1,1,0.000741924624890089,1,7
24,22,1,1,0.000741924624890089,1,7
24,23,1,1,0.000741924624890089,1,7
24,24,1,1,0.000741924624890089,1,7
24,25,1,1,0.000741924624890089,1,7
24,26,1,1,0.000741924624890089,1,7
24,27,1,1,0.000741924624890089,1,7
24,28,1,1,0.000741924624890089,1,7
24,29,1,1,0.000741924624890089,1,7
24,30,1,1,0.000741924624890089,1,7
24,31,1,1,0.000741924624890089,1,7
24,32,1,1,0.000741924624890089,1,7
24,33,1,1,0.000741924624890089,1,7
24,34,1,1,0.000741924624890089,1,7
24,35,1,1,0.000741924624890089,1,7
24,36,1,1,0.000741924624890089,1,7
24,37,1,1,0.000741924624890089,1,7
24,38,1,1,0.000741924624890089,1,7
24,39,1,1,0.000741924624890089,1,7
24,40,1,1,0.000741924624890089,1,7
24,41,1,1,0.000741924624890089,1,7
24,42,1,1,0.000741924624890089,1,7
24,43,1,1,0.000741924624890089,1,7
24,44,1,1,0.000741924624890089,1,7
24,45,1,1,0.000741924624890089,1,7
24,46,1,1,0.000741924624890089,1,7
24,47,1,1,0.000741924624890089,1,7
24,48,1,1,0.000741924624890089,1,7
24,49,1,1,0.000741924624890089,1,7
24,50,1,1,0.000741924624890089,1,7
24,51,1,1,0.000741924624890089,1,7
24,52,1,1,0.000741924624890089,1,7
24,53,1,1,0.000741924624890089,1,7
24,54,1,1,0.000741924624890089,1,7
24,55,1,1,0.000741924624890089,1,7
24,56,1,1,0.000741924624890089,1,7
24,57,1,1,0.000741924624890089,1,7
24,58,1,1,0.000741924624890089,1,7
24,59,1,1,0.000741924624890089,1,7
24,60,1,1,0.000741924624890089,1,7
24,61,1,1,0.000741924624890089,1,7
24,62,1,1,0.000741924624890089,1,7
24,63,1,1,0.000741924624890089,1,7
24,64,1,1,0.000741924624890089,1,7
24,65,1,1,0.000741924624890089,1,7
24,66,1,1,0.000741924624890089,1,7
24,67,1,1,0.000741924624890089,1,7
24,68,1,1,0.000741924624890089,1,7
24,69,1,1,0.000741924624890089,1,7
24,70,1,1,0.000741924624890089,1,7
24,71,1,1,0.000741924624890089,1,7
24,72,1,1,0.000741924624890089,1,7
24,73,1,1,0.000741924624890089,1,7
24,74,1,1,0.000741924624890089,1,7
24,75,1,1,0.000741924624890089,1,7
24,76,1,1,0.000741924624890089,1,7
24,77,1,1,0.000741924624890089,1,7
24,78,1,1,0.000741924624890089,1,7
24,79,1,1,0.000741924624890089,1,7
24,80,1,1,0.000741924624890089,1,7
24,81,1,1,0.000741924624890089,1,7
24,82,1,1,0.000741924624890089,1,7
24,83,1,1,0.000741924624890089,1,7
24,84,1,1,0.000741924624890089,1,7
24,85,1,1,0.000741924624890089,1,7
24,86,1,1,0.000741924624890089,1,7
24,87,1,1,0.000741924624890089,1,7
24,88,1,1,0.000741924624890089,1,7
24,89,1,1,0.000741924624890089,1,7
24,90,1,1,0.000741924624890089,1,7
24,91,1,1,0.000741924624890089,1,7
24,92,1,1,0.000741924624890089,1,7
24,93,1,1,0.000741924624890089,1,7
24,94,1,1,0.000741924624890089,1,7
24,95,1,1,0.000741924624890089,1,7
24,96,1,1,0.000741924624890089,1,7
24,97,1,1,0.000741924624890089,1,7
24,98,1,1,0.000741924624890089,1,7
24,99,1,1,0.000741924624890089,1,7
24,100,1,1,0.000741924624890089,1,7
25,1,1,1,0.002215985208749771,1,6
25,2,1,1,0.002381738740950823,1,6
25,3,1,1,0.0060128625482320786,1,6
25,4,1,1,0.005417264066636562,1,6
25,5,1,1,0.006074410863220692,1,6
25,6,1,1,0.005524707958102226,1,6
25,7,1,1,0.005524707958102226,1,6
25,8,1,1,0.005524707958102226,1,6
25,9,1,1,0.005524707958102226,1,6
25,10,1,1,0.005524707958102226,1,6
25,11,1,1,0.005524707958102226,1,6
25,12,1,1,0.005524707958102226,1,6
25,13,1,1,0.005524707958102226,1,6
25,14,1,1,0.005524707958102226,1,6
25,15,1,1,0.005524707958102226,1,6
25,16,1,1,0.005524707958102226,1,6
25,17,1,1,0.005524707958102226,1,6
25,18,1,1,0.005524707958102226,1,6
25,19,1,1,0.005524707958102226,1,6
25,20,1,1,0.005524707958102226,1,6
25,21,1,1,0.005524707958102226,1,6
25,22,1,1,0.005524707958102226,1,6
25,23,1,1,0.005524707958102226,1,6
25,24,1,1,0.005524707958102226,1,6
25,25,1,1,0.005524707958102226,1,6
25,26,1,1,0.005524707958102226,1,6
25,27,1,1,0.005524707958102226,1,6
25,28,1,1,0.005524707958102226,1,6
25,29,1,1,0.005524707958102226,1,6
25,30,1,1,0.005524707958102226,1,6
25,31,1,1,0.005524707958102226,1,6
25,32,1,1,0.005524707958102226,1,6
25,33,1,1,0.005524707958102226,1,6
25,34,1,1,0.005524707958102226,1,6
25,35,1,1,0.005524707958102226,1,6
25,36,1,1,0.005524707958102226,1,6
25,37,1,1,0.005524707958102226,1,6
25,38,1,1,0.005524707958102226,1,6
25,39,1,1,0.005524707958102226,1,6
25,40,1,1,0.005524707958102226,1,6
25,41,1,1,0.005524707958102226,1,6
25,42,1,1,0.005524707958102226,1,6
25,43,1,1,0.005524707958102226,1,6
25,44,1,1,0.005524707958102226,1,6
25,45,1,1,0.005524707958102226,1,6
25,46,1,1,0.005524707958102226,1,6
25,47,1,1,0.005524707958102226,1,6
25,48,1,1,0.005524707958102226,1,6
25,49,1,1,0.005524707958102226,1,6
25,50,1,1,0.005524707958102226,1,6
25,51,1,1,0.005524707958102226,1,6
25,52,1,1,0.005524707958102226,1,6
25,53,1,1,0.005524707958102226,1,6
25,54,1,1,0.005524707958102226,1,6
25,55,1,1,0.005524707958102226,1,6
25,56,1,1,0.005524707958102226,1,6
25,57,1,1,0.005524707958102226,1,6
25,58,1,1,0.005524707958102226,1,6
25,59,1,1,0.005524707958102226,1,6
25,60,1,1,0.005524707958102226,1,6
25,61,1,1,0.005524707958102226,1,6
25,62,1,1,0.005524707958102226,1,6
25,63,1,1,0.005524707958102226,1,6
25,64,1,1,0.005524707958102226,1,6
25,65,1,1,0.005524707958102226,1,6
25,66,1,1,0.005524707958102226,1,6
25,67,1,1,0.005524707958102226,1,6
25,68,1,1,0.005524707958102226,1,6
25,69,1,1,0.005524707958102226,1,6
25,70,1,1,0.005524707958102226,1,6
25,71,1,1,0.005524707958102226,1,6
25,72,1,1,0.005524707958102226,1,6
25,73,1,1,0.005524707958102226,1,6
25,74,1,1,0.005524707958102226,1,6
25,75,1,1,0.005524707958102226,1,6
25,76,1,1,0.005524707958102226,1,6
25,77,1,1,0.005524707958102226,1,6
25,78,1,1,0.005524707958102226,1,6
25,79,1,1,0.005524707958102226,1,6
25,80,1,1,0.005524707958102226,1,6
25,81,1,1,0.005524707958102226,1,6
25,82,1,1,0.005524707958102226,1,6
25,83,1,1,0.005524707958102226,1,6
25,84,1,1,0.005524707958102226,1,6
25,85,1,1,0.005524707958102226,1,6
25,86,1,1,0.005524707958102226,1,6
25,87,1,1,0.005524707958102226,1,6
25,88,1,1,0.005524707958102226,1,6
25,89,1,1,0.005524707958102226,1,6
25,90,1,1,0.005524707958102226,1,6
25,91,1,1,0.005524707958102226,1,6
25,92,1,1,0.005524707958102226,1,6
25,93,1,1,0.005524707958102226,1,6
25,94,1,1,0.005524707958102226,1,6
25,95,1,1,0.005524707958102226,1,6
25,96,1,1,0.005524707958102226,1,6
25,97,1,1,0.005524707958102226,1,6
25,98,1,1,0.005524707958102226,1,6
25,99,1,1,0.005524707958102226,1,6
25,100,1,1,0.005524707958102226,1,6
26,1,1,0,-0.00010759738506749272,0,6
26,2,1,1,5.815623444505036e-05,1,6
26,3,1,1,0.0008536600507795811,1,6
26,4,1,1,0.0011551646748557687,1,6
26,5,1,1,0.0010825798381119967,1,6
26,6,1,1,0.0014769722474738955,1,6
26,7,1,1,0.0014769722474738955,1,6
26,8,1,1,0.0014769722474738955,1,6
26,9,1,1,0.0014769722474738955,1,6
26,10,1,1,0.0014769722474738955,1,6
26,11,1,1,0.0014769722474738955,1,6
26,12,1,1,0.0014769722474738955,1,6
26,13,1,1,0.0014769722474738955,1,6
26,14,1,1,0.0014769722474738955,1,6
26,15,1,1,0.0014769722474738955,1,6
26,16,1,1,0.0014769722474738955,1,6
26,17,1,1,0.0014769722474738955,1,6
26,18,1,1,0.0014769722474738955,1,6
26,19,1,1,0.0014769722474738955,1,6
26,20,1,1,0.0014769722474738955,1,6
26,21,1,1,0.0014769722474738955,1,6
26,22,1,1,0.0014769722474738955,1,6
26,23,1,1,0.0014769722474738955,1,6
26,24,1,1,0.0014769722474738955,1,6
26,25,1,1,0.0014769722474738955,1,6
26,26,1,1,0.0014769722474738955,1,6
26,27,1,1,0.0014769722474738955,1,6
26,28,1,1,0.0014769722474738955,1,6
26,29,1,1,0.0014769722474738955,1,6
26,30,1,1,0.0014769722474738955,1,6
26,31,1,1,0.0014769722474738955,1,6
26,32,1,1,0.0014769722474738955,1,6
26,33,1,1,0.0014769722474738955,1,6
26,34,1,1,0.0014769722474738955,1,6
26,35,1,1,0.0014769722474738955,1,6
26,36,1,1,0.0014769722474738955,1,6
26,37,1,1,0.0014769722474738955,1,6
26,38,1,1,0.0014769722474738955,1,6
26,39,1,1,0.0014769722474738955,1,6
26,40,1,1,0.0014769722474738955,1,6
26,41,1,1,0.0014769722474738955,1,6
26,42,1,1,0.0014769722474738955,1,6
26,43,1,1,0.0014769722474738955,1,6
26,44,1,1,0.0014769722474738955,1,6
26,45,1,1,0.0014769722474738955,1,6
26,46,1,1,0.0014769722474738955,1,6
26,47,1,1,0.0014769722474738955,1,6
26,48,1,1,0.0014769722474738955,1,6
26,49,1,1,0.0014769722474738955,1,6
26,50,1,1,0.0014769722474738955,1,6
26,51,1,1,0.0014769722474738955,1,6
26,52,1,1,0.0014769722474738955,1,6
26,53,1,1,0.0014769722474738955,1,6
26,54,1,1,0.0014769722474738955,1,6
26,55,1,1,0.0014769722474738955,1,6
26,56,1,1,0.0014769722474738955,1,6
26,57,1,1,0.0014769722474738955,1,6
26,58,1,1,0.0014769722474738955,1,6
26,59,1,1,0.0014769722474738955,1,6
26,60,1,1,0.0014769722474738955,1,6
26,61,1,1,0.0014769722474738955,1,6
26,62,1,1,0.0014769722474738955,1,6
26,63,1,1,0.0014769722474738955,1,6
26,64,1,1,0.0014769722474738955,1,6
26,65,1,1,0.0014769722474738955,1,6
26,66,1,1,0.0014769722474738955,1,6
26,67,1,1,0.0014769722474738955,1,6
26,68,1,1,0.0014769722474738955,1,6
26,69,1,1,0.0014769722474738955,1,6
26,70,1,1,0.0014769722474738955,1,6
26,71,1,1,0.0014769722474738955,1,6
26,72,1,1,0.0014769722474738955,1,6
26,73,1,1,0.0014769722474738955,1,6
26,74,1,1,0.0014769722474738955,1,6
26,75,1,1,0.0014769722474738955,1,6
26,76,1,1,0.0014769722474738955,1,6
26,77,1,1,0.0014769722474738955,1,6
26,78,1,1,0.0014769722474738955,1,6
26,79,1,1,0.0014769722474738955,1,6
26,80,1,1,0.0014769722474738955,1,6
26,81,1,1,0.0014769722474738955,1,6
26,82,1,1,0.0014769722474738955,1,6
26,83,1,1,0.0014769722474738955,1,6
26,84,1,1,0.0014769722474738955,1,6
26,85,1,1,0.0014769722474738955,1,6
26,86,1,1,0.0014769722474738955,1,6
26,87,1,1,0.0014769722474738955,1,6
26,88,1,1,0.0014769722474738955,1,6
26,89,1,1,0.0014769722474738955,1,6
26,90,1,1,0.0014769722474738955,1,6
26,91,1,1,0.0014769722474738955,1,6
26,92,1,1,0.0014769722474738955,1,6
26,93,1,1,0.0014769722474738955,1,6
26,94,1,1,0.0014769722474738955,1,6
26,95,1,1,0.0014769722474738955,1,6
26,96,1,1,0.0014769722474738955,1,6
26,97,1,1,0.0014769722474738955,1,6
26,98,1,1,0.0014769722474738955,1,6
26,99,1,1,0.0014769722474738955,1,6
26,100,1,1,0.0014769722474738955,1,6
27,1,1,0,-0.0036905270535498857,0,6
27,2,1,0,-0.004827097989618778,0,6
27,3,1,0,-0.005256893113255501,0,6
27,4,1,0,-0.0033172699622809887,0,6
27,5,1,0,-0.0037742312997579575,0,6
27,6,1,0,-0.0033798390068113804,0,6
27,7,1,0,-0.0033798390068113804,0,6
27,8,1,0,-0.0033798390068113804,0,6
27,9,1,0,-0.0033798390068113804,0,6
27,10,1,0,-0.0033798390068113804,0,6
27,11,1,0,-0.0033798390068113804,0,6
27,12,1,0,-0.0033798390068113804,0,6
27,13,1,0,-0.0033798390068113804,0,6
27,14,1,0,-0.0033798390068113804,0,6
27,15,1,0,-0.0033798390068113804,0,6
27,16,1,0,-0.0033798390068113804,0,6
27,17,1,0,-0.0033798390068113804,0,6
27,18,1,0,-0.0033798390068113804,0,6
27,19,1,0,-0.0033798390068113804,0,6
27,20,1,0,-0.0033798390068113804,0,6
27,21,1,0,-0.0033798390068113804,0,6
27,22,1,0,-0.0033798390068113804,0,6
27,23,1,0,-0.0033798390068113804,0,6
27,24,1,0,-0.0033798390068113804,0,6
27,25,1,0,-0.0033798390068113804,0,6
27,26,1,0,-0.0033798390068113804,0,6
27,27,1,0,-0.0033798390068113804,0,6
27,28,1,0,-0.0033798390068113804,0,6
27,29,1,0,-0.0033798390068113804,0,6
27,30,1,0,-0.0033798390068113804,0,6
27,31,1,0,-0.0033798390068113804,0,6
27,32,1,0,-0.0033798390068113804,0,6
27,33,1,0,-0.0033798390068113804,0,6
27,34,1,0,-0.0033798390068113804,0,6
27,35,1,0,-0.0033798390068113804,0,6
27,36,1,0,-0.0033798390068113804,0,6
27,37,1,0,-0.0033798390068113804,0,6
27,38,1,0,-0.0033798390068113804,0,6
27,39,1,0,-0.0033798390068113804,0,6
27,40,1,0,-0.0033798390068113804,0,6
27,41,1,0,-0.0033798390068113804,0,6
27,42,1,0,-0.0033798390068113804,0,6
27,43,1,0,-0.0033798390068113804,0,6
27,44,1,0,-0.0033798390068113804,0,6
27,45,1,0,-0.0033798390068113804,0,6
27,46,1,0,-0.0033798390068113804,0,6
27,47,1,0,-0.0033798390068113804,0,6
27,48,1,0,-0.0033798390068113804,0,6
27,49,1,0,-0.0033798390068113804,0,6
27,50,1,0,-0.0033798390068113804,0,6
27,51,1,0,-0.0033798390068113804,0,6
27,52,1,0,-0.0033798390068113804,0,6
27,53,1,0,-0.0033798390068113804,0,6
27,54,1,0,-0.0033798390068113804,0,6
27,55,1,0,-0.0033798390068113804,0,6
27,56,1,0,-0.0033798390068113804,0,6
27,57,1,0,-0.0033798390068113804,0,6
27,58,1,0,-0.0033798390068113804,0,6
27,59,1,0,-0.0033798390068113804,0,6
27,60,1,0,-0.0033798390068113804,0,6
27,61,1,0,-0.0033798390068113804,0,6
27,62,1,0,-0.0033798390068113804,0,6
27,63,1,0,-0.0033798390068113804,0,6
27,64,1,0,-0.0033798390068113804,0,6
27,65,1,0,-0.0033798390068113804,0,6
27,66,1,0,-0.0033798390068113804,0,6
27,67,1,0,-0.0033798390068113804,0,6
27,68,1,0,-0.0033798390068113804,0,6
27,69,1,0,-0.0033798390068113804,0,6
27,70,1,0,-0.0033798390068113804,0,6
27,71,1,0,-0.0033798390068113804,0,6
27,72,1,0,-0.0033798390068113804,0,6
27,73,1,0,-0.0033798390068113804,0,6
27,74,1,0,-0.0033798390068113804,0,6
27,75,1,0,-0.0033798390068113804,0,6
27,76,1,0,-0.0033798390068113804,0,6
27,77,1,0,-0.0033798390068113804,0,6
27,78,1,0,-0.0033798390068113804,0,6
27,79,1,0,-0.0033798390068113804,0,6
27,80,1,0,-0.0033798390068113804,0,6
27,81,1,0,-0.0033798390068113804,0,6
27,82,1,0,-0.0033798390068113804,0,6
27,83,1,0,-0.0033798390068113804,0,6
27,84,1,0,-0.0033798390068113804,0,6
27,85,1,0,-0.0033798390068113804,0,6
27,86,1,0,-0.0033798390068113804,0,6
27,87,1,0,-0.0033798390068113804,0,6
27,88,1,0,-0.0033798390068113804,0,6
27,89,1,0,-0.0033798390068113804,0,6
27,90,1,0,-0.0033798390068113804,0,6
27,91,1,0,-0.0033798390068113804,0,6
27,92,1,0,-0.0033798390068113804,0,6
27,93,1,0,-0.0033798390068113804,0,6
27,94,1,0,-0.0033798390068113804,0,6
27,95,1,0,-0.0033798390068113804,0,6
27,96,1,0,-0.0033798390068113804,0,6
27,97,1,0,-0.0033798390068113804,0,6
27,98,1,0,-0.0033798390068113804,0,6
27,99,1,0,-0.0033798390068113804,0,6
27,100,1,0,-0.0033798390068113804,0,6
28,1,1,0,-0.0061441827565431595,0,9
28,2,1,0,-0.007084470242261887,0,9
28,3,1,0,-0.00751905795186758,0,9
28,4,1,0,-0.006658020429313183,0,9
28,5,1,0,-0.0070982035249471664,0,9
28,6,1,0,-0.0069560706615448,0,9
28,7,1,0,-0.00637840898707509,0,9
28,8,1,0,-0.007618161849677563,0,9
28,9,1,0,-0.00809184554964304,0,9
28,10,1,0,-0.00809184554964304,0,9
28,11,1,0,-0.00809184554964304,0,9
28,12,1,0,-0.00809184554964304,0,9
28,13,1,0,-0.00809184554964304,0,9
28,14,1,0,-0.00809184554964304,0,9
28,15,1,0,-0.00809184554964304,0,9
28,16,1,0,-0.00809184554964304,0,9
28,17,1,0,-0.00809184554964304,0,9
28,18,1,0,-0.00809184554964304,0,9
28,19,1,0,-0.00809184554964304,0,9
28,20,1,0,-0.00809184554964304,0,9
28,21,1,0,-0.00809184554964304,0,9
28,22,1,0,-0.00809184554964304,0,9
28,23,1,0,-0.00809184554964304,0,9
28,24,1,0,-0.00809184554964304,0,9
28,25,1,0,-0.00809184554964304,0,9
28,26,1,0,-0.00809184554964304,0,9
28,27,1,0,-0.00809184554964304,0,9
28,28,1,0,-0.00809184554964304,0,9
28,29,1,0,-0.00809184554964304,0,9
28,30,1,0,-0.00809184554964304,0,9
28,31,1,0,-0.00809184554964304,0,9
28,32,1,0,-0.00809184554964304,0,9
28,33,1,0,-0.00809184554964304,0,9
28,34,1,0,-0.00809184554964304,0,9
28,35,1,0,-0.00809184554964304,0,9
28,36,1,0,-0.00809184554964304,0,9
28,37,1,0,-0.00809184554964304,0,9
28,38,1,0,-0.00809184554964304,0,9
28,39,1,0,-0.00809184554964304,0,9
28,40,1,0,-0.00809184554964304,0,9
28,41,1,0,-0.00809184554964304,0,9
28,42,1,0,-0.00809184554964304,0,9
28,43,1,0,-0.00809184554964304,0,9
28,44,1,0,-0.00809184554964304,0,9
28,45,1,0,-0.00809184554964304,0,9
28,46,1,0,-0.00809184554964304,0,9
28,47,1,0,-0.00809184554964304,0,9
28,48,1,0,-0.00809184554964304,0,9
28,49,1,0,-0.00809184554964304,0,9
28,50,1,0,-0.00809184554964304,0,9
28,51,1,0,-0.00809184554964304,0,9
28,52,1,0,-0.00809184554964304,0,9
28,53,1,0,-0.00809184554964304,0,9
28,54,1,0,-0.00809184554964304,0,9
28,55,1,0,-0.00809184554964304,0,9
28,56,1,0,-0.00809184554964304,0,9
28,57,1,0,-0.00809184554964304,0,9
28,58,1,0,-0.00809184554964304,0,9
28,59,1,0,-0.00809184554964304,0,9
28,60,1,0,-0.00809184554964304,0,9
28,61,1,0,-0.00809184554964304,0,9
28,62,1,0,-0.00809184554964304,0,9
28,63,1,0,-0.00809184554964304,0,9
28,64,1,0,-0.00809184554964304,0,9
28,65,1,0,-0.00809184554964304,0,9
28,66,1,0,-0.00809184554964304,0,9
28,67,1,0,-0.00809184554964304,0,9
28,68,1,0,-0.00809184554964304,0,9
28,69,1,0,-0.00809184554964304,0,9
28,70,1,0,-0.00809184554964304,0,9
28,71,1,0,-0.00809184554964304,0,9
28,72,1,0,-0.00809184554964304,0,9
28,73,1,0,-0.00809184554964304,0,9
28,74,1,0,-0.00809184554964304,0,9
28,75,1,0,-0.00809184554964304,0,9
28,76,1,0,-0.00809184554964304,0,9
28,77,1,0,-0.00809184554964304,0,9
28,78,1,0,-0.00809184554964304,0,9
28,79,1,0,-0.00809184554964304,0,9
28,80,1,0,-0.00809184554964304,0,9
28,81,1,0,-0.00809184554964304,0,9
28,82,1,0,-0.00809184554964304,0,9
28,83,1,0,-0.00809184554964304,0,9
28,84,1,0,-0.00809184554964304,0,9
28,85,1,0,-0.00809184554964304,0,9
28,86,1,0,-0.00809184554964304,0,9
28,87,1,0,-0.00809184554964304,0,9
28,88,1,0,-0.00809184554964304,0,9
28,89,1,0,-0.00809184554964304,0,9
28,90,1,0,-0.00809184554964304,0,9
28,91,1,0,-0.00809184554964304,0,9
28,92,1,0,-0.00809184554964304,0,9
28,93,1,0,-0.00809184554964304,0,9
28,94,1,0,-0.00809184554964304,0,9
28,95,1,0,-0.00809184554964304,0,9
28,96,1,0,-0.00809184554964304,0,9
28,97,1,0,-0.00809184554964304,0,9
28,98,1,0,-0.00809184554964304,0,9
28,99,1,0,-0.00809184554964304,0,9
28,100,1,0,-0.00809184554964304,0,9
29,1,1,1,0.002215985208749771,1,6
29,2,1,1,0.00301339034922421,1,6
29,3,1,1,0.0032027484849095345,1,6
29,4,1,1,0.0026071500033140182,1,6
29,5,1,1,0.0021501886658370495,1,6
29,6,1,1,0.001984683331102133,1,6
29,7,1,1,0.001984683331102133,1,6
29,8,1,1,0.001984683331102133,1,6
29,9,1,1,0.001984683331102133,1,6
29,10,1,1,0.001984683331102133,1,6
29,11,1,1,0.001984683331102133,1,6
29,12,1,1,0.001984683331102133,1,6
29,13,1,1,0.001984683331102133,1,6
29,14,1,1,0.001984683331102133,1,6
29,15,1,1,0.001984683331102133,1,6
29,16,1,1,0.001984683331102133,1,6
29,17,1,1,0.001984683331102133,1,6
29,18,1,1,0.001984683331102133,1,6
29,19,1,1,0.001984683331102133,1,6
29,20,1,1,0.001984683331102133,1,6
29,21,1,1,0.001984683331102133,1,6
29,22,1,1,0.001984683331102133,1,6
29,23,1,1,0.001984683331102133,1,6
29,24,1,1,0.001984683331102133,1,6
29,25,1,1,0.001984683331102133,1,6
29,26,1,1,0.001984683331102133,1,6
29,27,1,1,0.001984683331102133,1,6
29,28,1,1,0.001984683331102133,1,6
29,29,1,1,0.001984683331102133,1,6
29,30,1,1,0.001984683331102133,1,6
29,31,1,1,0.001984683331102133,1,6
29,32,1,1,0.001984683331102133,1,6
29,33,1,1,0.001984683331102133,1,6
29,34,1,1,0.001984683331102133,1,6
29,35,1,1,0.001984683331102133,1,6
29,36,1,1,0.001984683331102133,1,6
29,37,1,1,0.001984683331102133,1,6
29,38,1,1,0.001984683331102133,1,6
29,39,1,1,0.001984683331102133,1,6
29,40,1,1,0.001984683331102133,1,6
29,41,1,1,0.001984683331102133,1,6
29,42,1,1,0.001984683331102133,1,6
29,43,1,1,0.001984683331102133,1,6
29,44,1,1,0.001984683331102133,1,6
29,45,1,1,0.001984683331102133,1,6
29,46,1,1,0.001984683331102133,1,6
29,47,1,1,0.001984683331102133,1,6
29,48,1,1,0.001984683331102133,1,6
29,49,1,1,0.001984683331102133,1,6
29,50,1,1,0.001984683331102133,1,6
29,51,1,1,0.001984683331102133,1,6
29,52,1,1,0.001984683331102133,1,6
29,53,1,1,0.001984683331102133,1,6
29,54,1,1,0.001984683331102133,1,6
29,55,1,1,0.001984683331102133,1,6
29,56,1,1,0.001984683331102133,1,6
29,57,1,1,0.001984683331102133,1,6
29,58,1,1,0.001984683331102133,1,6
29,59,1,1,0.001984683331102133,1,6
29,60,1,1,0.001984683331102133,1,6
29,61,1,1,0.001984683331102133,1,6
29,62,1,1,0.001984683331102133,1,6
29,63,1,1,0.001984683331102133,1,6
29,64,1,1,0.001984683331102133,1,6
29,65,1,1,0.001984683331102133,1,6
29,66,1,1,0.001984683331102133,1,6
29,67,1,1,0.001984683331102133,1,6
29,68,1,1,0.001984683331102133,1,6
29,69,1,1,0.001984683331102133,1,6
29,70,1,1,0.001984683331102133,1,6
29,71,1,1,0.001984683331102133,1,6
29,72,1,1,0.001984683331102133,1,6
29,73,1,1,0.001984683331102133,1,6
29,74,1,1,0.001984683331102133,1,6
29,75,1,1,0.001984683331102133,1,6
29,76,1,1,0.001984683331102133,1,6
29,77,1,1,0.001984683331102133,1,6
29,78,1,1,0.001984683331102133,1,6
29,79,1,1,0.001984683331102133,1,6
29,80,1,1,0.001984683331102133,1,6
29,81,1,1,0.001984683331102133,1,6
29,82,1,1,0.001984683331102133,1,6
29,83,1,1,0.001984683331102133,1,6
29,84,1,1,0.001984683331102133,1,6
29,85,1,1,0.001984683331102133,1,6
29,86,1,1,0.001984683331102133,1,6
29,87,1,1,0.001984683331102133,1,6
29,88,1,1,0.001984683331102133,1,6
29,89,1,1,0.001984683331102133,1,6
29,90,1,1,0.001984683331102133,1,6
29,91,1,1,0.001984683331102133,1,6
29,92,1,1,0.001984683331102133,1,6
29,93,1,1,0.001984683331102133,1,6
29,94,1,1,0.001984683331102133,1,6
29,95,1,1,0.001984683331102133,1,6
29,96,1,1,0.001984683331102133,1,6
29,97,1,1,0.001984683331102133,1,6
29,98,1,1,0.001984683331102133,1,6
29,99,1,1,0.001984683331102133,1,6
29,100,1,1,0.001984683331102133,1,6
30,1,0,0,-0.0035374120343476534,1,7
30,2,0,0,-0.004625874571502209,1,7
30,3,0,0,-0.0036881351843476295,1,7
30,4,0,0,-0.0029269864317029715,1,7
30,5,0,0,-0.0019430489046499133,1,7
30,6,0,0,-0.002236450556665659,1,7
30,7,0,0,-0.0023382168728858232,1,7
30,8,0,0,-0.0023382168728858232,1,7
30,9,0,0,-0.0023382168728858232,1,7
30,10,0,0,-0.0023382168728858232,1,7
30,11,0,0,-0.0023382168728858232,1,7
30,12,0,0,-0.0023382168728858232,1,7
30,13,0,0,-0.0023382168728858232,1,7
30,14,0,0,-0.0023382168728858232,1,7
30,15,0,0,-0.0023382168728858232,1,7
30,16,0,0,-0.0023382168728858232,1,7
30,17,0,0,-0.0023382168728858232,1,7
30,18,0,0,-0.0023382168728858232,1,7
30,19,0,0,-0.0023382168728858232,1,7
30,20,0,0,-0.0023382168728858232,1,7
30,21,0,0,-0.0023382168728858232,1,7
30,22,0,0,-0.0023382168728858232,1,7
30,23,0,0,-0.0023382168728858232,1,7
30,24,0,0,-0.0023382168728858232,1,7
30,25,0,0,-0.0023382168728858232,1,7
30,26,0,0,-0.0023382168728858232,1,7
30,27,0,0,-0.0023382168728858232,1,7
30,28,0,0,-0.0023382168728858232,1,7
30,29,0,0,-0.0023382168728858232,1,7
30,30,0,0,-0.0023382168728858232,1,7
30,31,0,0,-0.0023382168728858232,1,7
30,32,0,0,-0.0023382168728858232,1,7
30,33,0,0,-0.0023382168728858232,1,7
30,34,0,0,-0.0023382168728858232,1,7
30,35,0,0,-0.0023382168728858232,1,7
30,36,0,0,-0.0023382168728858232,1,7
30,37,0,0,-0.0023382168728858232,1,7
30,38,0,0,-0.0023382168728858232,1,7
30,39,0,0,-0.0023382168728858232,1,7
30,40,0,0,-0.0023382168728858232,1,7
30,41,0,0,-0.0023382168728858232,1,7
30,42,0,0,-0.0023382168728858232,1,7
30,43,0,0,-0.0023382168728858232,1,7
30,44,0,0,-0.0023382168728858232,1,7
30,45,0,0,-0.0023382168728858232,1,7
30,46,0,0,-0.0023382168728858232,1,7
30,47,0,0,-0.0023382168728858232,1,7
30,48,0,0,-0.0023382168728858232,1,7
30,49,0,0,-0.0023382168728858232,1,7
30,50,0,0,-0.0023382168728858232,1,7
30,51,0,0,-0.0023382168728858232,1,7
30,52,0,0,-0.0023382168728858232,1,7
30,53,0,0,-0.0023382168728858232,1,7
30,54,0,0,-0.0023382168728858232,1,7
30,55,0,0,-0.0023382168728858232,1,7
30,56,0,0,-0.0023382168728858232,1,7
30,57,0,0,-0.0023382168728858232,1,7
30,58,0,0,-0.0023382168728858232,1,7
30,59,0,0,-0.0023382168728858232,1,7
30,60,0,0,-0.0023382168728858232,1,7
30,61,0,0,-0.0023382168728858232,1,7
30,62,0,0,-0.0023382168728858232,1,7
30,63,0,0,-0.0023382168728858232,1,7
30,64,0,0,-0.0023382168728858232,1,7
30,65,0,0,-0.0023382168728858232,1,7
30,66,0,0,-0.0023382168728858232,1,7
30,67,0,0,-0.0023382168728858232,1,7
30,68,0,0,-0.0023382168728858232,1,7
30,69,0,0,-0.0023382168728858232,1,7
30,70,0,0,-0.0023382168728858232,1,7
30,71,0,0,-0.0023382168728858232,1,7
30,72,0,0,-0.0023382168728858232,1,7
30,73,0,0,-0.0023382168728858232,1,7
30,74,0,0,-0.0023382168728858232,1,7
30,75,0,0,-0.0023382168728858232,1,7
30,76,0,0,-0.0023382168728858232,1,7
30,77,0,0,-0.0023382168728858232,1,7
30,78,0,0,-0.0023382168728858232,1,7
30,79,0,0,-0.0023382168728858232,1,7
30,80,0,0,-0.0023382168728858232,1,7
30,81,0,0,-0.0023382168728858232,1,7
30,82,0,0,-0.0023382168728858232,1,7
30,83,0,0,-0.0023382168728858232,1,7
30,84,0,0,-0.0023382168728858232,1,7
30,85,0,0,-0.0023382168728858232,1,7
30,86,0,0,-0.0023382168728858232,1,7
30,87,0,0,-0.0023382168728858232,1,7
30,88,0,0,-0.0023382168728858232,1,7
30,89,0,0,-0.0023382168728858232,1,7
30,90,0,0,-0.0023382168728858232,1,7
30,91,0,0,-0.0023382168728858232,1,7
30,92,0,0,-0.0023382168728858232,1,7
30,93,0,0,-0.0023382168728858232,1,7
30,94,0,0,-0.0023382168728858232,1,7
30,95,0,0,-0.0023382168728858232,1,7
30,96,0,0,-0.0023382168728858232,1,7
30,97,0,0,-0.0023382168728858232,1,7
30,98,0,0,-0.0023382168728858232,1,7
30,99,0,0,-0.0023382168728858232,1,7
30,100,0,0,-0.0023382168728858232,1,7
31,1,0,0,-0.0012464855099096894,1,6
31,2,0,0,-0.0023349481634795666,1,6
31,3,0,0,-0.0033516143448650837,1,6
31,4,0,0,-0.0034869618248194456,1,6
31,5,0,0,-0.0035562359262257814,1,6
31,6,0,0,-0.0037158732302486897,1,6
31,7,0,0,-0.0037158732302486897,1,6
31,8,0,0,-0.0037158732302486897,1,6
31,9,0,0,-0.0037158732302486897,1,6
31,10,0,0,-0.0037158732302486897,1,6
31,11,0,0,-0.0037158732302486897,1,6
31,12,0,0,-0.0037158732302486897,1,6
31,13,0,0,-0.0037158732302486897,1,6
31,14,0,0,-0.0037158732302486897,1,6
31,15,0,0,-0.0037158732302486897,1,6
31,16,0,0,-0.0037158732302486897,1,6
31,17,0,0,-0.0037158732302486897,1,6
31,18,0,0,-0.0037158732302486897,1,6
31,19,0,0,-0.0037158732302486897,1,6
31,20,0,0,-0.0037158732302486897,1,6
31,21,0,0,-0.0037158732302486897,1,6
31,22,0,0,-0.0037158732302486897,1,6
31,23,0,0,-0.0037158732302486897,1,6
31,24,0,0,-0.0037158732302486897,1,6
31,25,0,0,-0.0037158732302486897,1,6
31,26,0,0,-0.0037158732302486897,1,6
31,27,0,0,-0.0037158732302486897,1,6
31,28,0,0,-0.0037158732302486897,1,6
31,29,0,0,-0.0037158732302486897,1,6
31,30,0,0,-0.0037158732302486897,1,6
31,31,0,0,-0.0037158732302486897,1,6
31,32,0,0,-0.0037158732302486897,1,6
31,33,0,0,-0.0037158732302486897,1,6
31,34,0,0,-0.0037158732302486897,1,6
31,35,0,0,-0.0037158732302486897,1,6
31,36,0,0,-0.0037158732302486897,1,6
31,37,0,0,-0.0037158732302486897,1,6
31,38,0,0,-0.0037158732302486897,1,6
31,39,0,0,-0.0037158732302486897,1,6
31,40,0,0,-0.0037158732302486897,1,6
31,41,0,0,-0.0037158732302486897,1,6
31,42,0,0,-0.0037158732302486897,1,6
31,43,0,0,-0.0037158732302486897,1,6
31,44,0,0,-0.0037158732302486897,1,6
31,45,0,0,-0.0037158732302486897,1,6
31,46,0,0,-0.0037158732302486897,1,6
31,47,0,0,-0.0037158732302486897,1,6
31,48,0,0,-0.0037158732302486897,1,6
31,49,0,0,-0.0037158732302486897,1,6
31,50,0,0,-0.0037158732302486897,1,6
31,51,0,0,-0.0037158732302486897,1,6
31,52,0,0,-0.0037158732302486897,1,6
31,53,0,0,-0.0037158732302486897,1,6
31,54,0,0,-0.0037158732302486897,1,6
31,55,0,0,-0.0037158732302486897,1,6
31,56,0,0,-0.0037158732302486897,1,6
31,57,0,0,-0.0037158732302486897,1,6
31,58,0,0,-0.0037158732302486897,1,6
31,59,0,0,-0.0037158732302486897,1,6
31,60,0,0,-0.0037158732302486897,1,6
31,61,0,0,-0.0037158732302486897,1,6
31,62,0,0,-0.0037158732302486897,1,6
31,63,0,0,-0.0037158732302486897,1,6
31,64,0,0,-0.0037158732302486897,1,6
31,65,0,0,-0.0037158732302486897,1,6
31,66,0,0,-0.0037158732302486897,1,6
31,67,0,0,-0.0037158732302486897,1,6
31,68,0,0,-0.0037158732302486897,1,6
31,69,0,0,-0.0037158732302486897,1,6
31,70,0,0,-0.0037158732302486897,1,6
31,71,0,0,-0.0037158732302486897,1,6
31,72,0,0,-0.0037158732302486897,1,6
31,73,0,0,-0.0037158732302486897,1,6
31,74,0,0,-0.0037158732302486897,1,6
31,75,0,0,-0.0037158732302486897,1,6
31,76,0,0,-0.0037158732302486897,1,6
31,77,0,0,-0.0037158732302486897,1,6
31,78,0,0,-0.0037158732302486897,1,6
31,79,0,0,-0.0037158732302486897,1,6
31,80,0,0,-0.0037158732302486897,1,6
31,81,0,0,-0.0037158732302486897,1,6
31,82,0,0,-0.0037158732302486897,1,6
31,83,0,0,-0.0037158732302486897,1,6
31,84,0,0,-0.0037158732302486897,1,6
31,85,0,0,-0.0037158732302486897,1,6
31,86,0,0,-0.0037158732302486897,1,6
31,87,0,0,-0.0037158732302486897,1,6
31,88,0,0,-0.0037158732302486897,1,6
31,89,0,0,-0.0037158732302486897,1,6
31,90,0,0,-0.0037158732302486897,1,6
31,91,0,0,-0.0037158732302486897,1,6
31,92,0,0,-0.0037158732302486897,1,6
31,93,0,0,-0.0037158732302486897,1,6
31,94,0,0,-0.0037158732302486897,1,6
31,95,0,0,-0.0037158732302486897,1,6
31,96,0,0,-0.0037158732302486897,1,6
31,97,0,0,-0.0037158732302486897,1,6
31,98,0,0,-0.0037158732302486897,1,6
31,99,0,0,-0.0037158732302486897,1,6
31,100,0,0,-0.0037158732302486897,1,6
32,1,1,1,0.0010606975993141532,1,6
32,2,1,1,0.0005817925557494164,1,6
32,3,1,1,0.004741018638014793,1,6
32,4,1,1,0.005887596867978573,1,6
32,5,1,1,0.005430635530501604,1,6
32,6,1,1,0.005551582667976618,1,6
32,7,1,1,0.005551582667976618,1,6
32,8,1,1,0.005551582667976618,1,6
32,9,1,1,0.005551582667976618,1,6
32,10,1,1,0.005551582667976618,1,6
32,11,1,1,0.005551582667976618,1,6
32,12,1,1,0.005551582667976618,1,6
32,13,1,1,0.005551582667976618,1,6
32,14,1,1,0.005551582667976618,1,6
32,15,1,1,0.005551582667976618,1,6
32,16,1,1,0.005551582667976618,1,6
32,17,1,1,0.005551582667976618,1,6
32,18,1,1,0.005551582667976618,1,6
32,19,1,1,0.005551582667976618,1,6
32,20,1,1,0.005551582667976618,1,6
32,21,1,1,0.005551582667976618,1,6
32,22,1,1,0.005551582667976618,1,6
32,23,1,1,0.005551582667976618,1,6
32,24,1,1,0.005551582667976618,1,6
32,25,1,1,0.005551582667976618,1,6
32,26,1,1,0.005551582667976618,1,6
32,27,1,1,0.005551582667976618,1,6
32,28,1,1,0.005551582667976618,1,6
32,29,1,1,0.005551582667976618,1,6
32,30,1,1,0.005551582667976618,1,6
32,31,1,1,0.005551582667976618,1,6
32,32,1,1,0.005551582667976618,1,6
32,33,1,1,0.005551582667976618,1,6
32,34,1,1,0.005551582667976618,1,6
32,35,1,1,0.005551582667976618,1,6
32,36,1,1,0.005551582667976618,1,6
32,37,1,1,0.005551582667976618,1,6
32,38,1,1,0.005551582667976618,1,6
32,39,1,1,0.005551582667976618,1,6
32,40,1,1,0.005551582667976618,1,6
32,41,1,1,0.005551582667976618,1,6
32,42,1,1,0.005551582667976618,1,6
32,43,1,1,0.005551582667976618,1,6
32,44,1,1,0.005551582667976618,1,6
32,45,1,1,0.005551582667976618,1,6
32,46,1,1,0.005551582667976618,1,6
32,47,1,1,0.005551582667976618,1,6
32,48,1,1,0.005551582667976618,1,6
32,49,1,1,0.005551582667976618,1,6
32,50,1,1,0.005551582667976618,1,6
32,51,1,1,0.005551582667976618,1,6
32,52,1,1,0.005551582667976618,1,6
32,53,1,1,0.005551582667976618,1,6
32,54,1,1,0.005551582667976618,1,6
32,55,1,1,0.005551582667976618,1,6
32,56,1,1,0.005551582667976618,1,6
32,57,1,1,0.005551582667976618,1,6
32,58,1,1,0.005551582667976618,1,6
32,59,1,1,0.005551582667976618,1,6
32,60,1,1,0.005551582667976618,1,6
32,61,1,1,0.005551582667976618,1,6
32,62,1,1,0.005551582667976618,1,6
32,63,1,1,0.005551582667976618,1,6
32,64,1,1,0.005551582667976618,1,6
32,65,1,1,0.005551582667976618,1,6
32,66,1,1,0.005551582667976618,1,6
32,67,1,1,0.005551582667976618,1,6
32,68,1,1,0.005551582667976618,1,6
32,69,1,1,0.005551582667976618,1,6
32,70,1,1,0.005551582667976618,1,6
32,71,1,1,0.005551582667976618,1,6
32,72,1,1,0.005551582667976618,1,6
32,73,1,1,0.005551582667976618,1,6
32,74,1,1,0.005551582667976618,1,6
32,75,1,1,0.005551582667976618,1,6
32,76,1,1,0.005551582667976618,1,6
32,77,1,1,0.005551582667976618,1,6
32,78,1,1,0.005551582667976618,1,6
32,79,1,1,0.005551582667976618,1,6
32,80,1,1,0.005551582667976618,1,6
32,81,1,1,0.005551582667976618,1,6
32,82,1,1,0.005551582667976618,1,6
32,83,1,1,0.005551582667976618,1,6
32,84,1,1,0.005551582667976618,1,6
32,85,1,1,0.005551582667976618,1,6
32,86,1,1,0.005551582667976618,1,6
32,87,1,1,0.005551582667976618,1,6
32,88,1,1,0.005551582667976618,1,6
32,89,1,1,0.005551582667976618,1,6
32,90,1,1,0.005551582667976618,1,6
32,91,1,1,0.005551582667976618,1,6
32,92,1,1,0.005551582667976618,1,6
32,93,1,1,0.005551582667976618,1,6
32,94,1,1,0.005551582667976618,1,6
32,95,1,1,0.005551582667976618,1,6
32,96,1,1,0.005551582667976618,1,6
32,97,1,1,0.005551582667976618,1,6
32,98,1,1,0.005551582667976618,1,6
32,99,1,1,0.005551582667976618,1,6
32,100,1,1,0.005551582667976618,1,6
33,1,1,1,0.009938797913491726,1,5
33,2,1,1,0.00880222674459219,1,5
33,3,1,1,0.006441516801714897,1,5
33,4,1,1,0.006074200849980116,1,5
33,5,1,1,0.006209673825651407,1,5
33,6,1,1,0.006209673825651407,1,5
33,7,1,1,0.006209673825651407,1,5
33,8,1,1,0.006209673825651407,1,5
33,9,1,1,0.006209673825651407,1,5
33,10,1,1,0.006209673825651407,1,5
33,11,1,1,0.006209673825651407,1,5
33,12,1,1,0.006209673825651407,1,5
33,13,1,1,0.006209673825651407,1,5
33,14,1,1,0.006209673825651407,1,5
33,15,1,1,0.006209673825651407,1,5
33,16,1,1,0.006209673825651407,1,5
33,17,1,1,0.006209673825651407,1,5
33,18,1,1,0.006209673825651407,1,5
33,19,1,1,0.006209673825651407,1,5
33,20,1,1,0.006209673825651407,1,5
33,21,1,1,0.006209673825651407,1,5
33,22,1,1,0.006209673825651407,1,5
33,23,1,1,0.006209673825651407,1,5
33,24,1,1,0.006209673825651407,1,5
33,25,1,1,0.006209673825651407,1,5
33,26,1,1,0.006209673825651407,1,5
33,27,1,1,0.006209673825651407,1,5
33,28,1,1,0.006209673825651407,1,5
33,29,1,1,0.006209673825651407,1,5
33,30,1,1,0.006209673825651407,1,5
33,31,1,1,0.006209673825651407,1,5
33,32,1,1,0.006209673825651407,1,5
33,33,1,1,0.006209673825651407,1,5
33,34,1,1,0.006209673825651407,1,5
33,35,1,1,0.006209673825651407,1,5
33,36,1,1,0.006209673825651407,1,5
33,37,1,1,0.006209673825651407,1,5
33,38,1,1,0.006209673825651407,1,5
33,39,1,1,0.006209673825651407,1,5
33,40,1,1,0.006209673825651407,1,5
33,41,1,1,0.006209673825651407,1,5
33,42,1,1,0.006209673825651407,1,5
33,43,1,1,0.006209673825651407,1,5
33,44,1,1,0.006209673825651407,1,5
33,45,1,1,0.006209673825651407,1,5
33,46,1,1,0.006209673825651407,1,5
33,47,1,1,0.006209673825651407,1,5
33,48,1,1,0.006209673825651407,1,5
33,49,1,1,0.006209673825651407,1,5
33,50,1,1,0.006209673825651407,1,5
33,51,1,1,0.006209673825651407,1,5
33,52,1,1,0.006209673825651407,1,5
33,53,1,1,0.006209673825651407,1,5
33,54,1,1,0.006209673825651407,1,5
33,55,1,1,0.006209673825651407,1,5
33,56,1,1,0.006209673825651407,1,5
33,57,1,1,0.006209673825651407,1,5
33,58,1,1,0.006209673825651407,1,5
33,59,1,1,0.006209673825651407,1,5
33,60,1,1,0.006209673825651407,1,5
33,61,1,1,0.006209673825651407,1,5
33,62,1,1,0.006209673825651407,1,5
33,63,1,1,0.006209673825651407,1,5
33,64,1,1,0.006209673825651407,1,5
33,65,1,1,0.006209673825651407,1,5
33,66,1,1,0.006209673825651407,1,5
33,67,1,1,0.006209673825651407,1,5
33,68,1,1,0.006209673825651407,1,5
33,69,1,1,0.006209673825651407,1,5
33,70,1,1,0.006209673825651407,1,5
33,71,1,1,0.006209673825651407,1,5
33,72,1,1,0.006209673825651407,1,5
33,73,1,1,0.006209673825651407,1,5
33,74,1,1,0.006209673825651407,1,5
33,75,1,1,0.006209673825651407,1,5
33,76,1,1,0.006209673825651407,1,5
33,77,1,1,0.006209673825651407,1,5
33,78,1,1,0.006209673825651407,1,5
33,79,1,1,0.006209673825651407,1,5
33,80,1,1,0.006209673825651407,1,5
33,81,1,1,0.006209673825651407,1,5
33,82,1,1,0.006209673825651407,1,5
33,83,1,1,0.006209673825651407,1,5
33,84,1,1,0.006209673825651407,1,5
33,85,1,1,0.006209673825651407,1,5
33,86,1,1,0.006209673825651407,1,5
33,87,1,1,0.006209673825651407,1,5
33,88,1,1,0.006209673825651407,1,5
33,89,1,1,0.006209673825651407,1,5
33,90,1,1,0.006209673825651407,1,5
33,91,1,1,0.006209673825651407,1,5
33,92,1,1,0.006209673825651407,1,5
33,93,1,1,0.006209673825651407,1,5
33,94,1,1,0.006209673825651407,1,5
33,95,1,1,0.006209673825651407,1,5
33,96,1,1,0.006209673825651407,1,5
33,97,1,1,0.006209673825651407,1,5
33,98,1,1,0.006209673825651407,1,5
33,99,1,1,0.006209673825651407,1,5
33,100,1,1,0.006209673825651407,1,5
34,1,1,1,0.0010606975993141532,1,6
34,2,1,0,-7.587345317006111e-05,0,6
34,3,1,0,-0.0011378288036212325,0,6
34,4,1,1,8.749659173190594e-06,1,6
34,5,1,1,0.0003075343556702137,1,6
34,6,1,1,0.00042848149314522743,1,6
34,7,1,1,0.00042848149314522743,1,6
34,8,1,1,0.00042848149314522743,1,6
34,9,1,1,0.00042848149314522743,1,6
34,10,1,1,0.00042848149314522743,1,6
34,11,1,1,0.00042848149314522743,1,6
34,12,1,1,0.00042848149314522743,1,6
34,13,1,1,0.00042848149314522743,1,6
34,14,1,1,0.00042848149314522743,1,6
34,15,1,1,0.00042848149314522743,1,6
34,16,1,1,0.00042848149314522743,1,6
34,17,1,1,0.00042848149314522743,1,6
34,18,1,1,0.00042848149314522743,1,6
34,19,1,1,0.00042848149314522743,1,6
34,20,1,1,0.00042848149314522743,1,6
34,21,1,1,0.00042848149314522743,1,6
34,22,1,1,0.00042848149314522743,1,6
34,23,1,1,0.00042848149314522743,1,6
34,24,1,1,0.00042848149314522743,1,6
34,25,1,1,0.00042848149314522743,1,6
34,26,1,1,0.00042848149314522743,1,6
34,27,1,1,0.00042848149314522743,1,6
34,28,1,1,0.00042848149314522743,1,6
34,29,1,1,0.00042848149314522743,1,6
34,30,1,1,0.00042848149314522743,1,6
34,31,1,1,0.00042848149314522743,1,6
34,32,1,1,0.00042848149314522743,1,6
34,33,1,1,0.00042848149314522743,1,6
34,34,1,1,0.00042848149314522743,1,6
34,35,1,1,0.00042848149314522743,1,6
34,36,1,1,0.00042848149314522743,1,6
34,37,1,1,0.00042848149314522743,1,6
34,38,1,1,0.00042848149314522743,1,6
34,39,1,1,0.00042848149314522743,1,6
34,40,1,1,0.00042848149314522743,1,6
34,41,1,1,0.00042848149314522743,1,6
34,42,1,1,0.00042848149314522743,1,6
34,43,1,1,0.00042848149314522743,1,6
34,44,1,1,0.00042848149314522743,1,6
34,45,1,1,0.00042848149314522743,1,6
34,46,1,1,0.00042848149314522743,1,6
34,47,1,1,0.00042848149314522743,1,6
34,48,1,1,0.00042848149314522743,1,6
34,49,1,1,0.00042848149314522743,1,6
34,50,1,1,0.00042848149314522743,1,6
34,51,1,1,0.00042848149314522743,1,6
34,52,1,1,0.00042848149314522743,1,6
34,53,1,1,0.00042848149314522743,1,6
34,54,1,1,0.00042848149314522743,1,6
34,55,1,1,0.00042848149314522743,1,6
34,56,1,1,0.00042848149314522743,1,6
34,57,1,1,0.00042848149314522743,1,6
34,58,1,1,0.00042848149314522743,1,6
34,59,1,1,0.00042848149314522743,1,6
34,60,1,1,0.00042848149314522743,1,6
34,61,1,1,0.00042848149314522743,1,6
34,62,1,1,0.00042848149314522743,1,6
34,63,1,1,0.00042848149314522743,1,6
34,64,1,1,0.00042848149314522743,1,6
34,65,1,1,0.00042848149314522743,1,6
34,66,1,1,0.00042848149314522743,1,6
34,67,1,1,0.00042848149314522743,1,6
34,68,1,1,0.00042848149314522743,1,6
34,69,1,1,0.00042848149314522743,1,6
34,70,1,1,0.00042848149314522743,1,6
34,71,1,1,0.00042848149314522743,1,6
34,72,1,1,0.00042848149314522743,1,6
34,73,1,1,0.00042848149314522743,1,6
34,74,1,1,0.00042848149314522743,1,6
34,75,1,1,0.00042848149314522743,1,6
34,76,1,1,0.00042848149314522743,1,6
34,77,1,1,0.00042848149314522743,1,6
34,78,1,1,0.00042848149314522743,1,6
34,79,1,1,0.00042848149314522743,1,6
34,80,1,1,0.00042848149314522743,1,6
34,81,1,1,0.00042848149314522743,1,6
34,82,1,1,0.00042848149314522743,1,6
34,83,1,1,0.00042848149314522743,1,6
34,84,1,1,0.00042848149314522743,1,6
34,85,1,1,0.00042848149314522743,1,6
34,86,1,1,0.00042848149314522743,1,6
34,87,1,1,0.00042848149314522743,1,6
34,88,1,1,0.00042848149314522743,1,6
34,89,1,1,0.00042848149314522743,1,6
34,90,1,1,0.00042848149314522743,1,6
34,91,1,1,0.00042848149314522743,1,6
34,92,1,1,0.00042848149314522743,1,6
34,93,1,1,0.00042848149314522743,1,6
34,94,1,1,0.00042848149314522743,1,6
34,95,1,1,0.00042848149314522743,1,6
34,96,1,1,0.00042848149314522743,1,6
34,97,1,1,0.00042848149314522743,1,6
34,98,1,1,0.00042848149314522743,1,6
34,99,1,1,0.00042848149314522743,1,6
34,100,1,1,0.00042848149314522743,1,6
35,1,1,1,0.0010606975993141532,1,6
35,2,1,1,0.0005817925557494164,1,6
35,3,1,1,0.0013772964011877775,1,6
35,4,1,1,0.0012367531890049577,1,6
35,5,1,1,0.0018939001020044088,1,6
35,6,1,1,0.0020148472394794226,1,6
35,7,1,1,0.0020148472394794226,1,6
35,8,1,1,0.0020148472394794226,1,6
35,9,1,1,0.0020148472394794226,1,6
35,10,1,1,0.0020148472394794226,1,6
35,11,1,1,0.0020148472394794226,1,6
35,12,1,1,0.0020148472394794226,1,6
35,13,1,1,0.0020148472394794226,1,6
35,14,1,1,0.0020148472394794226,1,6
35,15,1,1,0.0020148472394794226,1,6
35,16,1,1,0.0020148472394794226,1,6
35,17,1,1,0.0020148472394794226,1,6
35,18,1,1,0.0020148472394794226,1,6
35,19,1,1,0.0020148472394794226,1,6
35,20,1,1,0.0020148472394794226,1,6
35,21,1,1,0.0020148472394794226,1,6
35,22,1,1,0.0020148472394794226,1,6
35,23,1,1,0.0020148472394794226,1,6
35,24,1,1,0.0020148472394794226,1,6
35,25,1,1,0.0020148472394794226,1,6
35,26,1,1,0.0020148472394794226,1,6
35,27,1,1,0.0020148472394794226,1,6
35,28,1,1,0.0020148472394794226,1,6
35,29,1,1,0.0020148472394794226,1,6
35,30,1,1,0.0020148472394794226,1,6
35,31,1,1,0.0020148472394794226,1,6
35,32,1,1,0.0020148472394794226,1,6
35,33,1,1,0.0020148472394794226,1,6
35,34,1,1,0.0020148472394794226,1,6
35,35,1,1,0.0020148472394794226,1,6
35,36,1,1,0.0020148472394794226,1,6
35,37,1,1,0.0020148472394794226,1,6
35,38,1,1,0.0020148472394794226,1,6
35,39,1,1,0.0020148472394794226,1,6
35,40,1,1,0.0020148472394794226,1,6
35,41,1,1,0.0020148472394794226,1,6
35,42,1,1,0.0020148472394794226,1,6
35,43,1,1,0.0020148472394794226,1,6
35,44,1,1,0.0020148472394794226,1,6
35,45,1,1,0.0020148472394794226,1,6
35,46,1,1,0.0020148472394794226,1,6
35,47,1,1,0.0020148472394794226,1,6
35,48,1,1,0.0020148472394794226,1,6
35,49,1,1,0.0020148472394794226,1,6
35,50,1,1,0.0020148472394794226,1,6
35,51,1,1,0.0020148472394794226,1,6
35,52,1,1,0.0020148472394794226,1,6
35,53,1,1,0.0020148472394794226,1,6
35,54,1,1,0.0020148472394794226,1,6
35,55,1,1,0.0020148472394794226,1,6
35,56,1,1,0.0020148472394794226,1,6
35,57,1,1,0.0020148472394794226,1,6
35,58,1,1,0.0020148472394794226,1,6
35,59,1,1,0.0020148472394794226,1,6
35,60,1,1,0.0020148472394794226,1,6
35,61,1,1,0.0020148472394794226,1,6
35,62,1,1,0.0020148472394794226,1,6
35,63,1,1,0.0020148472394794226,1,6
35,64,1,1,0.0020148472394794226,1,6
35,65,1,1,0.0020148472394794226,1,6
35,66,1,1,0.0020148472394794226,1,6
35,67,1,1,0.0020148472394794226,1,6
35,68,1,1,0.0020148472394794226,1,6
35,69,1,1,0.0020148472394794226,1,6
35,70,1,1,0.0020148472394794226,1,6
35,71,1,1,0.0020148472394794226,1,6
35,72,1,1,0.0020148472394794226,1,6
35,73,1,1,0.0020148472394794226,1,6
35,74,1,1,0.0020148472394794226,1,6
35,75,1,1,0.0020148472394794226,1,6
35,76,1,1,0.0020148472394794226,1,6
35,77,1,1,0.0020148472394794226,1,6
35,78,1,1,0.0020148472394794226,1,6
35,79,1,1,0.0020148472394794226,1,6
35,80,1,1,0.0020148472394794226,1,6
35,81,1,1,0.0020148472394794226,1,6
35,82,1,1,0.0020148472394794226,1,6
35,83,1,1,0.0020148472394794226,1,6
35,84,1,1,0.0020148472394794226,1,6
35,85,1,1,0.0020148472394794226,1,6
35,86,1,1,0.0020148472394794226,1,6
35,87,1,1,0.0020148472394794226,1,6
35,88,1,1,0.0020148472394794226,1,6
35,89,1,1,0.0020148472394794226,1,6
35,90,1,1,0.0020148472394794226,1,6
35,91,1,1,0.0020148472394794226,1,6
35,92,1,1,0.0020148472394794226,1,6
35,93,1,1,0.0020148472394794226,1,6
35,94,1,1,0.0020148472394794226,1,6
35,95,1,1,0.0020148472394794226,1,6
35,96,1,1,0.0020148472394794226,1,6
35,97,1,1,0.0020148472394794226,1,6
35,98,1,1,0.0020148472394794226,1,6
35,99,1,1,0.0020148472394794226,1,6
35,100,1,1,0.0020148472394794226,1,6
36,1,1,0,-0.0024832093622535467,0,6
36,2,1,1,0.0016382492613047361,1,6
36,3,1,1,0.0010622104164212942,1,6
36,4,1,1,0.0009964574128389359,1,6
36,5,1,1,0.0012035315157845616,1,6
36,6,1,1,0.0010415068827569485,1,6
36,7,1,1,0.0010415068827569485,1,6
36,8,1,1,0.0010415068827569485,1,6
36,9,1,1,0.0010415068827569485,1,6
36,10,1,1,0.0010415068827569485,1,6
36,11,1,1,0.0010415068827569485,1,6
36,12,1,1,0.0010415068827569485,1,6
36,13,1,1,0.0010415068827569485,1,6
36,14,1,1,0.0010415068827569485,1,6
36,15,1,1,0.0010415068827569485,1,6
36,16,1,1,0.0010415068827569485,1,6
36,17,1,1,0.0010415068827569485,1,6
36,18,1,1,0.0010415068827569485,1,6
36,19,1,1,0.0010415068827569485,1,6
36,20,1,1,0.0010415068827569485,1,6
36,21,1,1,0.0010415068827569485,1,6
36,22,1,1,0.0010415068827569485,1,6
36,23,1,1,0.0010415068827569485,1,6
36,24,1,1,0.0010415068827569485,1,6
36,25,1,1,0.0010415068827569485,1,6
36,26,1,1,0.0010415068827569485,1,6
36,27,1,1,0.0010415068827569485,1,6
36,28,1,1,0.0010415068827569485,1,6
36,29,1,1,0.0010415068827569485,1,6
36,30,1,1,0.0010415068827569485,1,6
36,31,1,1,0.0010415068827569485,1,6
36,32,1,1,0.0010415068827569485,1,6
36,33,1,1,0.0010415068827569485,1,6
36,34,1,1,0.0010415068827569485,1,6
36,35,1,1,0.0010415068827569485,1,6
36,36,1,1,0.0010415068827569485,1,6
36,37,1,1,0.0010415068827569485,1,6
36,38,1,1,0.0010415068827569485,1,6
36,39,1,1,0.0010415068827569485,1,6
36,40,1,1,0.0010415068827569485,1,6
36,41,1,1,0.0010415068827569485,1,6
36,42,1,1,0.0010415068827569485,1,6
36,43,1,1,0.0010415068827569485,1,6
36,44,1,1,0.0010415068827569485,1,6
36,45,1,1,0.0010415068827569485,1,6
36,46,1,1,0.0010415068827569485,1,6
36,47,1,1,0.0010415068827569485,1,6
36,48,1,1,0.0010415068827569485,1,6
36,49,1,1,0.0010415068827569485,1,6
36,50,1,1,0.0010415068827569485,1,6
36,51,1,1,0.0010415068827569485,1,6
36,52,1,1,0.0010415068827569485,1,6
36,53,1,1,0.0010415068827569485,1,6
36,54,1,1,0.0010415068827569485,1,6
36,55,1,1,0.0010415068827569485,1,6
36,56,1,1,0.0010415068827569485,1,6
36,57,1,1,0.0010415068827569485,1,6
36,58,1,1,0.0010415068827569485,1,6
36,59,1,1,0.0010415068827569485,1,6
36,60,1,1,0.0010415068827569485,1,6
36,61,1,1,0.0010415068827569485,1,6
36,62,1,1,0.0010415068827569485,1,6
36,63,1,1,0.0010415068827569485,1,6
36,64,1,1,0.0010415068827569485,1,6
36,65,1,1,0.0010415068827569485,1,6
36,66,1,1,0.0010415068827569485,1,6
36,67,1,1,0.0010415068827569485,1,6
36,68,1,1,0.0010415068827569485,1,6
36,69,1,1,0.0010415068827569485,1,6
36,70,1,1,0.0010415068827569485,1,6
36,71,1,1,0.0010415068827569485,1,6
36,72,1,1,0.0010415068827569485,1,6
36,73,1,1,0.0010415068827569485,1,6
36,74,1,1,0.0010415068827569485,1,6
36,75,1,1,0.0010415068827569485,1,6
36,76,1,1,0.0010415068827569485,1,6
36,77,1,1,0.0010415068827569485,1,6
36,78,1,1,0.0010415068827569485,1,6
36,79,1,1,0.0010415068827569485,1,6
36,80,1,1,0.0010415068827569485,1,6
36,81,1,1,0.0010415068827569485,1,6
36,82,1,1,0.0010415068827569485,1,6
36,83,1,1,0.0010415068827569485,1,6
36,84,1,1,0.0010415068827569485,1,6
36,85,1,1,0.0010415068827569485,1,6
36,86,1,1,0.0010415068827569485,1,6
36,87,1,1,0.0010415068827569485,1,6
36,88,1,1,0.0010415068827569485,1,6
36,89,1,1,0.0010415068827569485,1,6
36,90,1,1,0.0010415068827569485,1,6
36,91,1,1,0.0010415068827569485,1,6
36,92,1,1,0.0010415068827569485,1,6
36,93,1,1,0.0010415068827569485,1,6
36,94,1,1,0.0010415068827569485,1,6
36,95,1,1,0.0010415068827569485,1,6
36,96,1,1,0.0010415068827569485,1,6
36,97,1,1,0.0010415068827569485,1,6
36,98,1,1,0.0010415068827569485,1,6
36,99,1,1,0.0010415068827569485,1,6
36,100,1,1,0.0010415068827569485,1,6
37,1,0,0,-0.002399425022304058,1,6
37,2,0,0,-0.0034878875594586134,1,6
37,3,0,0,-0.0032886420376598835,1,6
37,4,0,0,-0.003857449861243367,1,6
37,5,0,0,-0.00429273396730423,1,6
37,6,0,0,-0.004452371038496494,1,6
37,7,0,0,-0.004452371038496494,1,6
37,8,0,0,-0.004452371038496494,1,6
37,9,0,0,-0.004452371038496494,1,6
37,10,0,0,-0.004452371038496494,1,6
37,11,0,0,-0.004452371038496494,1,6
37,12,0,0,-0.004452371038496494,1,6
37,13,0,0,-0.004452371038496494,1,6
37,14,0,0,-0.004452371038496494,1,6
37,15,0,0,-0.004452371038496494,1,6
37,16,0,0,-0.004452371038496494,1,6
37,17,0,0,-0.004452371038496494,1,6
37,18,0,0,-0.004452371038496494,1,6
37,19,0,0,-0.004452371038496494,1,6
37,20,0,0,-0.004452371038496494,1,6
37,21,0,0,-0.004452371038496494,1,6
37,22,0,0,-0.004452371038496494,1,6
37,23,0,0,-0.004452371038496494,1,6
37,24,0,0,-0.004452371038496494,1,6
37,25,0,0,-0.004452371038496494,1,6
37,26,0,0,-0.004452371038496494,1,6
37,27,0,0,-0.004452371038496494,1,6
37,28,0,0,-0.004452371038496494,1,6
37,29,0,0,-0.004452371038496494,1,6
37,30,0,0,-0.004452371038496494,1,6
37,31,0,0,-0.004452371038496494,1,6
37,32,0,0,-0.004452371038496494,1,6
37,33,0,0,-0.004452371038496494,1,6
37,34,0,0,-0.004452371038496494,1,6
37,35,0,0,-0.004452371038496494,1,6
37,36,0,0,-0.004452371038496494,1,6
37,37,0,0,-0.004452371038496494,1,6
37,38,0,0,-0.004452371038496494,1,6
37,39,0,0,-0.004452371038496494,1,6
37,40,0,0,-0.004452371038496494,1,6
37,41,0,0,-0.004452371038496494,1,6
37,42,0,0,-0.004452371038496494,1,6
37,43,0,0,-0.004452371038496494,1,6
37,44,0,0,-0.004452371038496494,1,6
37,45,0,0,-0.004452371038496494,1,6
37,46,0,0,-0.004452371038496494,1,6
37,47,0,0,-0.004452371038496494,1,6
37,48,0,0,-0.004452371038496494,1,6
37,49,0,0,-0.004452371038496494,1,6
37,50,0,0,-0.004452371038496494,1,6
37,51,0,0,-0.004452371038496494,1,6
37,52,0,0,-0.004452371038496494,1,6
37,53,0,0,-0.004452371038496494,1,6
37,54,0,0,-0.004452371038496494,1,6
37,55,0,0,-0.004452371038496494,1,6
37,56,0,0,-0.004452371038496494,1,6
37,57,0,0,-0.004452371038496494,1,6
37,58,0,0,-0.004452371038496494,1,6
37,59,0,0,-0.004452371038496494,1,6
37,60,0,0,-0.004452371038496494,1,6
37,61,0,0,-0.004452371038496494,1,6
37,62,0,0,-0.004452371038496494,1,6
37,63,0,0,-0.004452371038496494,1,6
37,64,0,0,-0.004452371038496494,1,6
37,65,0,0,-0.004452371038496494,1,6
37,66,0,0,-0.004452371038496494,1,6
37,67,0,0,-0.004452371038496494,1,6
37,68,0,0,-0.004452371038496494,1,6
37,69,0,0,-0.004452371038496494,1,6
37,70,0,0,-0.004452371038496494,1,6
37,71,0,0,-0.004452371038496494,1,6
37,72,0,0,-0.004452371038496494,1,6
37,73,0,0,-0.004452371038496494,1,6
37,74,0,0,-0.004452371038496494,1,6
37,75,0,0,-0.004452371038496494,1,6
37,76,0,0,-0.004452371038496494,1,6
37,77,0,0,-0.004452371038496494,1,6
37,78,0,0,-0.004452371038496494,1,6
37,79,0,0,-0.004452371038496494,1,6
37,80,0,0,-0.004452371038496494,1,6
37,81,0,0,-0.004452371038496494,1,6
37,82,0,0,-0.004452371038496494,1,6
37,83,0,0,-0.004452371038496494,1,6
37,84,0,0,-0.004452371038496494,1,6
37,85,0,0,-0.004452371038496494,1,6
37,86,0,0,-0.004452371038496494,1,6
37,87,0,0,-0.004452371038496494,1,6
37,88,0,0,-0.004452371038496494,1,6
37,89,0,0,-0.004452371038496494,1,6
37,90,0,0,-0.004452371038496494,1,6
37,91,0,0,-0.004452371038496494,1,6
37,92,0,0,-0.004452371038496494,1,6
37,93,0,0,-0.004452371038496494,1,6
37,94,0,0,-0.004452371038496494,1,6
37,95,0,0,-0.004452371038496494,1,6
37,96,0,0,-0.004452371038496494,1,6
37,97,0,0,-0.004452371038496494,1,6
37,98,0,0,-0.004452371038496494,1,6
37,99,0,0,-0.004452371038496494,1,6
37,100,0,0,-0.004452371038496494,1,6
38,1,0,0,-0.002399425022304058,1,4
38,2,0,0,-0.0034878875594586134,1,4
38,3,0,0,-0.002550148405134678,1,4
38,4,0,0,-0.002998269395902753,1,4
38,5,0,0,-0.002998269395902753,1,4
38,6,0,0,-0.002998269395902753,1,4
38,7,0,0,-0.002998269395902753,1,4
38,8,0,0,-0.002998269395902753,1,4
38,9,0,0,-0.002998269395902753,1,4
38,10,0,0,-0.002998269395902753,1,4
38,11,0,0,-0.002998269395902753,1,4
38,12,0,0,-0.002998269395902753,1,4
38,13,0,0,-0.002998269395902753,1,4
38,14,0,0,-0.002998269395902753,1,4
38,15,0,0,-0.002998269395902753,1,4
38,16,0,0,-0.002998269395902753,1,4
38,17,0,0,-0.002998269395902753,1,4
38,18,0,0,-0.002998269395902753,1,4
38,19,0,0,-0.002998269395902753,1,4
38,20,0,0,-0.002998269395902753,1,4
38,21,0,0,-0.002998269395902753,1,4
38,22,0,0,-0.002998269395902753,1,4
38,23,0,0,-0.002998269395902753,1,4
38,24,0,0,-0.002998269395902753,1,4
38,25,0,0,-0.002998269395902753,1,4
38,26,0,0,-0.002998269395902753,1,4
38,27,0,0,-0.002998269395902753,1,4
38,28,0,0,-0.002998269395902753,1,4
38,29,0,0,-0.002998269395902753,1,4
38,30,0,0,-0.002998269395902753,1,4
38,31,0,0,-0.002998269395902753,1,4
38,32,0,0,-0.002998269395902753,1,4
38,33,0,0,-0.002998269395902753,1,4
38,34,0,0,-0.002998269395902753,1,4
38,35,0,0,-0.002998269395902753,1,4
38,36,0,0,-0.002998269395902753,1,4
38,37,0,0,-0.002998269395902753,1,4
38,38,0,0,-0.002998269395902753,1,4
38,39,0,0,-0.002998269395902753,1,4
38,40,0,0,-0.002998269395902753,1,4
38,41,0,0,-0.002998269395902753,1,4
38,42,0,0,-0.002998269395902753,1,4
38,43,0,0,-0.002998269395902753,1,4
38,44,0,0,-0.002998269395902753,1,4
38,45,0,0,-0.002998269395902753,1,4
38,46,0,0,-0.002998269395902753,1,4
38,47,0,0,-0.002998269395902753,1,4
38,48,0,0,-0.002998269395902753,1,4
38,49,0,0,-0.002998269395902753,1,4
38,50,0,0,-0.002998269395902753,1,4
38,51,0,0,-0.002998269395902753,1,4
38,52,0,0,-0.002998269395902753,1,4
38,53,0,0,-0.002998269395902753,1,4
38,54,0,0,-0.002998269395902753,1,4
38,55,0,0,-0.002998269395902753,1,4
38,56,0,0,-0.002998269395902753,1,4
38,57,0,0,-0.002998269395902753,1,4
38,58,0,0,-0.002998269395902753,1,4
38,59,0,0,-0.002998269395902753,1,4
38,60,0,0,-0.002998269395902753,1,4
38,61,0,0,-0.002998269395902753,1,4
38,62,0,0,-0.002998269395902753,1,4
38,63,0,0,-0.002998269395902753,1,4
38,64,0,0,-0.002998269395902753,1,4
38,65,0,0,-0.002998269395902753,1,4
38,66,0,0,-0.002998269395902753,1,4
38,67,0,0,-0.002998269395902753,1,4
38,68,0,0,-0.002998269395902753,1,4
38,69,0,0,-0.002998269395902753,1,4
38,70,0,0,-0.002998269395902753,1,4
38,71,0,0,-0.002998269395902753,1,4
38,72,0,0,-0.002998269395902753,1,4
38,73,0,0,-0.002998269395902753,1,4
38,74,0,0,-0.002998269395902753,1,4
38,75,0,0,-0.002998269395902753,1,4
38,76,0,0,-0.002998269395902753,1,4
38,77,0,0,-0.002998269395902753,1,4
38,78,0,0,-0.002998269395902753,1,4
38,79,0,0,-0.002998269395902753,1,4
38,80,0,0,-0.002998269395902753,1,4
38,81,0,0,-0.002998269395902753,1,4
38,82,0,0,-0.002998269395902753,1,4
38,83,0,0,-0.002998269395902753,1,4
38,84,0,0,-0.002998269395902753,1,4
38,85,0,0,-0.002998269395902753,1,4
38,86,0,0,-0.002998269395902753,1,4
38,87,0,0,-0.002998269395902753,1,4
38,88,0,0,-0.002998269395902753,1,4
38,89,0,0,-0.002998269395902753,1,4
38,90,0,0,-0.002998269395902753,1,4
38,91,0,0,-0.002998269395902753,1,4
38,92,0,0,-0.002998269395902753,1,4
38,93,0,0,-0.002998269395902753,1,4
38,94,0,0,-0.002998269395902753,1,4
38,95,0,0,-0.002998269395902753,1,4
38,96,0,0,-0.002998269395902753,1,4
38,97,0,0,-0.002998269395902753,1,4
38,98,0,0,-0.002998269395902753,1,4
38,99,0,0,-0.002998269395902753,1,4
38,100,0,0,-0.002998269395902753,1,4
39,1,1,1,0.0033582663163542747,1,7
39,2,1,1,0.005784248933196068,1,7
39,3,1,1,0.005800959654152393,1,7
39,4,1,1,0.005687085445970297,1,7
39,5,1,1,0.005567475222051144,1,7
39,6,1,1,0.005375527776777744,1,7
39,7,1,1,0.004962895531207323,1,7
39,8,1,1,0.004962895531207323,1,7
39,9,1,1,0.004962895531207323,1,7
39,10,1,1,0.004962895531207323,1,7
39,11,1,1,0.004962895531207323,1,7
39,12,1,1,0.004962895531207323,1,7
39,13,1,1,0.004962895531207323,1,7
39,14,1,1,0.004962895531207323,1,7
39,15,1,1,0.004962895531207323,1,7
39,16,1,1,0.004962895531207323,1,7
39,17,1,1,0.004962895531207323,1,7
39,18,1,1,0.004962895531207323,1,7
39,19,1,1,0.004962895531207323,1,7
39,20,1,1,0.004962895531207323,1,7
39,21,1,1,0.004962895531207323,1,7
39,22,1,1,0.004962895531207323,1,7
39,23,1,1,0.004962895531207323,1,7
39,24,1,1,0.004962895531207323,1,7
39,25,1,1,0.004962895531207323,1,7
39,26,1,1,0.004962895531207323,1,7
39,27,1,1,0.004962895531207323,1,7
39,28,1,1,0.004962895531207323,1,7
39,29,1,1,0.004962895531207323,1,7
39,30,1,1,0.004962895531207323,1,7
39,31,1,1,0.004962895531207323,1,7
39,32,1,1,0.004962895531207323,1,7
39,33,1,1,0.004962895531207323,1,7
39,34,1,1,0.004962895531207323,1,7
39,35,1,1,0.004962895531207323,1,7
39,36,1,1,0.004962895531207323,1,7
39,37,1,1,0.004962895531207323,1,7
39,38,1,1,0.004962895531207323,1,7
39,39,1,1,0.004962895531207323,1,7
39,40,1,1,0.004962895531207323,1,7
39,41,1,1,0.004962895531207323,1,7
39,42,1,1,0.004962895531207323,1,7
39,43,1,1,0.004962895531207323,1,7
39,44,1,1,0.004962895531207323,1,7
39,45,1,1,0.004962895531207323,1,7
39,46,1,1,0.004962895531207323,1,7
39,47,1,1,0.004962895531207323,1,7
39,48,1,1,0.004962895531207323,1,7
39,49,1,1,0.004962895531207323,1,7
39,50,1,1,0.004962895531207323,1,7
39,51,1,1,0.004962895531207323,1,7
39,52,1,1,0.004962895531207323,1,7
39,53,1,1,0.004962895531207323,1,7
39,54,1,1,0.004962895531207323,1,7
39,55,1,1,0.004962895531207323,1,7
39,56,1,1,0.004962895531207323,1,7
39,57,1,1,0.004962895531207323,1,7
39,58,1,1,0.004962895531207323,1,7
39,59,1,1,0.004962895531207323,1,7
39,60,1,1,0.004962895531207323,1,7
39,61,1,1,0.004962895531207323,1,7
39,62,1,1,0.004962895531207323,1,7
39,63,1,1,0.004962895531207323,1,7
39,64,1,1,0.004962895531207323,1,7
39,65,1,1,0.004962895531207323,1,7
39,66,1,1,0.004962895531207323,1,7
39,67,1,1,0.004962895531207323,1,7
39,68,1,1,0.004962895531207323,1,7
39,69,1,1,0.004962895531207323,1,7
39,70,1,1,0.004962895531207323,1,7
39,71,1,1,0.004962895531207323,1,7
39,72,1,1,0.004962895531207323,1,7
39,73,1,1,0.004962895531207323,1,7
39,74,1,1,0.004962895531207323,1,7
39,75,1,1,0.004962895531207323,1,7
39,76,1,1,0.004962895531207323,1,7
39,77,1,1,0.004962895531207323,1,7
39,78,1,1,0.004962895531207323,1,7
39,79,1,1,0.004962895531207323,1,7
39,80,1,1,0.004962895531207323,1,7
39,81,1,1,0.004962895531207323,1,7
39,82,1,1,0.004962895531207323,1,7
39,83,1,1,0.004962895531207323,1,7
39,84,1,1,0.004962895531207323,1,7
39,85,1,1,0.004962895531207323,1,7
39,86,1,1,0.004962895531207323,1,7
39,87,1,1,0.004962895531207323,1,7
39,88,1,1,0.004962895531207323,1,7
39,89,1,1,0.004962895531207323,1,7
39,90,1,1,0.004962895531207323,1,7
39,91,1,1,0.004962895531207323,1,7
39,92,1,1,0.004962895531207323,1,7
39,93,1,1,0.004962895531207323,1,7
39,94,1,1,0.004962895531207323,1,7
39,95,1,1,0.004962895531207323,1,7
39,96,1,1,0.004962895531207323,1,7
39,97,1,1,0.004962895531207323,1,7
39,98,1,1,0.004962895531207323,1,7
39,99,1,1,0.004962895531207323,1,7
39,100,1,1,0.004962895531207323,1,7
40,1,1,0,-0.0061441827565431595,0,6
40,2,1,0,-0.007653222884982824,0,6
40,3,1,0,-0.007202793378382921,0,6
40,4,1,0,-0.008038857951760292,0,6
40,5,1,0,-0.008479041047394276,0,6
40,6,1,0,-0.008709263987839222,0,6
40,7,1,0,-0.008709263987839222,0,6
40,8,1,0,-0.008709263987839222,0,6
40,9,1,0,-0.008709263987839222,0,6
40,10,1,0,-0.008709263987839222,0,6
40,11,1,0,-0.008709263987839222,0,6
40,12,1,0,-0.008709263987839222,0,6
40,13,1,0,-0.008709263987839222,0,6
40,14,1,0,-0.008709263987839222,0,6
40,15,1,0,-0.008709263987839222,0,6
40,16,1,0,-0.008709263987839222,0,6
40,17,1,0,-0.008709263987839222,0,6
40,18,1,0,-0.008709263987839222,0,6
40,19,1,0,-0.008709263987839222,0,6
40,20,1,0,-0.008709263987839222,0,6
40,21,1,0,-0.008709263987839222,0,6
40,22,1,0,-0.008709263987839222,0,6
40,23,1,0,-0.008709263987839222,0,6
40,24,1,0,-0.008709263987839222,0,6
40,25,1,0,-0.008709263987839222,0,6
40,26,1,0,-0.008709263987839222,0,6
40,27,1,0,-0.008709263987839222,0,6
40,28,1,0,-0.008709263987839222,0,6
40,29,1,0,-0.008709263987839222,0,6
40,30,1,0,-0.008709263987839222,0,6
40,31,1,0,-0.008709263987839222,0,6
40,32,1,0,-0.008709263987839222,0,6
40,33,1,0,-0.008709263987839222,0,6
40,34,1,0,-0.008709263987839222,0,6
40,35,1,0,-0.008709263987839222,0,6
40,36,1,0,-0.008709263987839222,0,6
40,37,1,0,-0.008709263987839222,0,6
40,38,1,0,-0.008709263987839222,0,6
40,39,1,0,-0.008709263987839222,0,6
40,40,1,0,-0.008709263987839222,0,6
40,41,1,0,-0.008709263987839222,0,6
40,42,1,0,-0.008709263987839222,0,6
40,43,1,0,-0.008709263987839222,0,6
40,44,1,0,-0.008709263987839222,0,6
40,45,1,0,-0.008709263987839222,0,6
40,46,1,0,-0.008709263987839222,0,6
40,47,1,0,-0.008709263987839222,0,6
40,48,1,0,-0.008709263987839222,0,6
40,49,1,0,-0.008709263987839222,0,6
40,50,1,0,-0.008709263987839222,0,6
40,51,1,0,-0.008709263987839222,0,6
40,52,1,0,-0.008709263987839222,0,6
40,53,1,0,-0.008709263987839222,0,6
40,54,1,0,-0.008709263987839222,0,6
40,55,1,0,-0.008709263987839222,0,6
40,56,1,0,-0.008709263987839222,0,6
40,57,1,0,-0.008709263987839222,0,6
40,58,1,0,-0.008709263987839222,0,6
40,59,1,0,-0.008709263987839222,0,6
40,60,1,0,-0.008709263987839222,0,6
40,61,1,0,-0.008709263987839222,0,6
40,62,1,0,-0.008709263987839222,0,6
40,63,1,0,-0.008709263987839222,0,6
40,64,1,0,-0.008709263987839222,0,6
40,65,1,0,-0.008709263987839222,0,6
40,66,1,0,-0.008709263987839222,0,6
40,67,1,0,-0.008709263987839222,0,6
40,68,1,0,-0.008709263987839222,0,6
40,69,1,0,-0.008709263987839222,0,6
40,70,1,0,-0.008709263987839222,0,6
40,71,1,0,-0.008709263987839222,0,6
40,72,1,0,-0.008709263987839222,0,6
40,73,1,0,-0.008709263987839222,0,6
40,74,1,0,-0.008709263987839222,0,6
40,75,1,0,-0.008709263987839222,0,6
40,76,1,0,-0.008709263987839222,0,6
40,77,1,0,-0.008709263987839222,0,6
40,78,1,0,-0.008709263987839222,0,6
40,79,1,0,-0.008709263987839222,0,6
40,80,1,0,-0.008709263987839222,0,6
40,81,1,0,-0.008709263987839222,0,6
40,82,1,0,-0.008709263987839222,0,6
40,83,1,0,-0.008709263987839222,0,6
40,84,1,0,-0.008709263987839222,0,6
40,85,1,0,-0.008709263987839222,0,6
40,86,1,0,-0.008709263987839222,0,6
40,87,1,0,-0.008709263987839222,0,6
40,88,1,0,-0.008709263987839222,0,6
40,89,1,0,-0.008709263987839222,0,6
40,90,1,0,-0.008709263987839222,0,6
40,91,1,0,-0.008709263987839222,0,6
40,92,1,0,-0.008709263987839222,0,6
40,93,1,0,-0.008709263987839222,0,6
40,94,1,0,-0.008709263987839222,0,6
40,95,1,0,-0.008709263987839222,0,6
40,96,1,0,-0.008709263987839222,0,6
40,97,1,0,-0.008709263987839222,0,6
40,98,1,0,-0.008709263987839222,0,6
40,99,1,0,-0.008709263987839222,0,6
40,100,1,0,-0.008709263987839222,0,6
41,1,1,0,-0.001288900151848793,0,6
41,2,1,0,-0.002069345209747553,0,6
41,3,1,0,-0.0025556469336152077,0,6
41,4,1,0,-0.0032033156603574753,0,6
41,5,1,0,-0.0030823685228824615,0,6
41,6,1,0,-0.003443959169089794,0,6
41,7,1,0,-0.003443959169089794,0,6
41,8,1,0,-0.003443959169089794,0,6
41,9,1,0,-0.003443959169089794,0,6
41,10,1,0,-0.003443959169089794,0,6
41,11,1,0,-0.003443959169089794,0,6
41,12,1,0,-0.003443959169089794,0,6
41,13,1,0,-0.003443959169089794,0,6
41,14,1,0,-0.003443959169089794,0,6
41,15,1,0,-0.003443959169089794,0,6
41,16,1,0,-0.003443959169089794,0,6
41,17,1,0,-0.003443959169089794,0,6
41,18,1,0,-0.003443959169089794,0,6
41,19,1,0,-0.003443959169089794,0,6
41,20,1,0,-0.003443959169089794,0,6
41,21,1,0,-0.003443959169089794,0,6
41,22,1,0,-0.003443959169089794,0,6
41,23,1,0,-0.003443959169089794,0,6
41,24,1,0,-0.003443959169089794,0,6
41,25,1,0,-0.003443959169089794,0,6
41,26,1,0,-0.003443959169089794,0,6
41,27,1,0,-0.003443959169089794,0,6
41,28,1,0,-0.003443959169089794,0,6
41,29,1,0,-0.003443959169089794,0,6
41,30,1,0,-0.003443959169089794,0,6
41,31,1,0,-0.003443959169089794,0,6
41,32,1,0,-0.003443959169089794,0,6
41,33,1,0,-0.003443959169089794,0,6
41,34,1,0,-0.003443959169089794,0,6
41,35,1,0,-0.003443959169089794,0,6
41,36,1,0,-0.003443959169089794,0,6
41,37,1,0,-0.003443959169089794,0,6
41,38,1,0,-0.003443959169089794,0,6
41,39,1,0,-0.003443959169089794,0,6
41,40,1,0,-0.003443959169089794,0,6
41,41,1,0,-0.003443959169089794,0,6
41,42,1,0,-0.003443959169089794,0,6
41,43,1,0,-0.003443959169089794,0,6
41,44,1,0,-0.003443959169089794,0,6
41,45,1,0,-0.003443959169089794,0,6
41,46,1,0,-0.003443959169089794,0,6
41,47,1,0,-0.003443959169089794,0,6
41,48,1,0,-0.003443959169089794,0,6
41,49,1,0,-0.003443959169089794,0,6
41,50,1,0,-0.003443959169089794,0,6
41,51,1,0,-0.003443959169089794,0,6
41,52,1,0,-0.003443959169089794,0,6
41,53,1,0,-0.003443959169089794,0,6
41,54,1,0,-0.003443959169089794,0,6
41,55,1,0,-0.003443959169089794,0,6
41,56,1,0,-0.003443959169089794,0,6
41,57,1,0,-0.003443959169089794,0,6
41,58,1,0,-0.003443959169089794,0,6
41,59,1,0,-0.003443959169089794,0,6
41,60,1,0,-0.003443959169089794,0,6
41,61,1,0,-0.003443959169089794,0,6
41,62,1,0,-0.003443959169089794,0,6
41,63,1,0,-0.003443959169089794,0,6
41,64,1,0,-0.003443959169089794,0,6
41,65,1,0,-0.003443959169089794,0,6
41,66,1,0,-0.003443959169089794,0,6
41,67,1,0,-0.003443959169089794,0,6
41,68,1,0,-0.003443959169089794,0,6
41,69,1,0,-0.003443959169089794,0,6
41,70,1,0,-0.003443959169089794,0,6
41,71,1,0,-0.003443959169089794,0,6
41,72,1,0,-0.003443959169089794,0,6
41,73,1,0,-0.003443959169089794,0,6
41,74,1,0,-0.003443959169089794,0,6
41,75,1,0,-0.003443959169089794,0,6
41,76,1,0,-0.003443959169089794,0,6
41,77,1,0,-0.003443959169089794,0,6
41,78,1,0,-0.003443959169089794,0,6
41,79,1,0,-0.003443959169089794,0,6
41,80,1,0,-0.003443959169089794,0,6
41,81,1,0,-0.003443959169089794,0,6
41,82,1,0,-0.003443959169089794,0,6
41,83,1,0,-0.003443959169089794,0,6
41,84,1,0,-0.003443959169089794,0,6
41,85,1,0,-0.003443959169089794,0,6
41,86,1,0,-0.003443959169089794,0,6
41,87,1,0,-0.003443959169089794,0,6
41,88,1,0,-0.003443959169089794,0,6
41,89,1,0,-0.003443959169089794,0,6
41,90,1,0,-0.003443959169089794,0,6
41,91,1,0,-0.003443959169089794,0,6
41,92,1,0,-0.003443959169089794,0,6
41,93,1,0,-0.003443959169089794,0,6
41,94,1,0,-0.003443959169089794,0,6
41,95,1,0,-0.003443959169089794,0,6
41,96,1,0,-0.003443959169089794,0,6
41,97,1,0,-0.003443959169089794,0,6
41,98,1,0,-0.003443959169089794,0,6
41,99,1,0,-0.003443959169089794,0,6
41,100,1,0,-0.003443959169089794,0,6
42,1,1,1,0.010730107314884663,1,8
42,2,1,0,-0.0046245502308011055,0,8
42,3,1,0,-0.01479528658092022,0,8
42,4,1,0,-0.014260662719607353,0,8
42,5,1,0,-0.018887024372816086,0,8
42,6,1,0,-0.014353880658745766,0,8
42,7,1,1,0.012307502329349518,1,8
42,8,1,1,0.010205740109086037,1,8
42,9,1,1,0.010205740109086037,1,8
42,10,1,1,0.010205740109086037,1,8
42,11,1,1,0.010205740109086037,1,8
42,12,1,1,0.010205740109086037,1,8
42,13,1,1,0.010205740109086037,1,8
42,14,1,1,0.010205740109086037,1,8
42,15,1,1,0.010205740109086037,1,8
42,16,1,1,0.010205740109086037,1,8
42,17,1,1,0.010205740109086037,1,8
42,18,1,1,0.010205740109086037,1,8
42,19,1,1,0.010205740109086037,1,8
42,20,1,1,0.010205740109086037,1,8
42,21,1,1,0.010205740109086037,1,8
42,22,1,1,0.010205740109086037,1,8
42,23,1,1,0.010205740109086037,1,8
42,24,1,1,0.010205740109086037,1,8
42,25,1,1,0.010205740109086037,1,8
42,26,1,1,0.010205740109086037,1,8
42,27,1,1,0.010205740109086037,1,8
42,28,1,1,0.010205740109086037,1,8
42,29,1,1,0.010205740109086037,1,8
42,30,1,1,0.010205740109086037,1,8
42,31,1,1,0.010205740109086037,1,8
42,32,1,1,0.010205740109086037,1,8
42,33,1,1,0.010205740109086037,1,8
42,34,1,1,0.010205740109086037,1,8
42,35,1,1,0.010205740109086037,1,8
42,36,1,1,0.010205740109086037,1,8
42,37,1,1,0.010205740109086037,1,8
42,38,1,1,0.010205740109086037,1,8
42,39,1,1,0.010205740109086037,1,8
42,40,1,1,0.010205740109086037,1,8
42,41,1,1,0.010205740109086037,1,8
42,42,1,1,0.010205740109086037,1,8
42,43,1,1,0.010205740109086037,1,8
42,44,1,1,0.010205740109086037,1,8
42,45,1,1,0.010205740109086037,1,8
42,46,1,1,0.010205740109086037,1,8
42,47,1,1,0.010205740109086037,1,8
42,48,1,1,0.010205740109086037,1,8
42,49,1,1,0.010205740109086037,1,8
42,50,1,1,0.010205740109086037,1,8
42,51,1,1,0.010205740109086037,1,8
42,52,1,1,0.010205740109086037,1,8
42,53,1,1,0.010205740109086037,1,8
42,54,1,1,0.010205740109086037,1,8
42,55,1,1,0.010205740109086037,1,8
42,56,1,1,0.010205740109086037,1,8
42,57,1,1,0.010205740109086037,1,8
42,58,1,1,0.010205740109086037,1,8
42,59,1,1,0.010205740109086037,1,8
42,60,1,1,0.010205740109086037,1,8
42,61,1,1,0.010205740109086037,1,8
42,62,1,1,0.010205740109086037,1,8
42,63,1,1,0.010205740109086037,1,8
42,64,1,1,0.010205740109086037,1,8
42,65,1,1,0.010205740109086037,1,8
42,66,1,1,0.010205740109086037,1,8
42,67,1,1,0.010205740109086037,1,8
42,68,1,1,0.010205740109086037,1,8
42,69,1,1,0.010205740109086037,1,8
42,70,1,1,0.010205740109086037,1,8
42,71,1,1,0.010205740109086037,1,8
42,72,1,1,0.010205740109086037,1,8
42,73,1,1,0.010205740109086037,1,8
42,74,1,1,0.010205740109086037,1,8
42,75,1,1,0.010205740109086037,1,8
42,76,1,1,0.010205740109086037,1,8
42,77,1,1,0.010205740109086037,1,8
42,78,1,1,0.010205740109086037,1,8
42,79,1,1,0.010205740109086037,1,8
42,80,1,1,0.010205740109086037,1,8
42,81,1,1,0.010205740109086037,1,8
42,82,1,1,0.010205740109086037,1,8
42,83,1,1,0.010205740109086037,1,8
42,84,1,1,0.010205740109086037,1,8
42,85,1,1,0.010205740109086037,1,8
42,86,1,1,0.010205740109086037,1,8
42,87,1,1,0.010205740109086037,1,8
42,88,1,1,0.010205740109086037,1,8
42,89,1,1,0.010205740109086037,1,8
42,90,1,1,0.010205740109086037,1,8
42,91,1,1,0.010205740109086037,1,8
42,92,1,1,0.010205740109086037,1,8
42,93,1,1,0.010205740109086037,1,8
42,94,1,1,0.010205740109086037,1,8
42,95,1,1,0.010205740109086037,1,8
42,96,1,1,0.010205740109086037,1,8
42,97,1,1,0.010205740109086037,1,8
42,98,1,1,0.010205740109086037,1,8
42,99,1,1,0.010205740109086037,1,8
42,100,1,1,0.010205740109086037,1,8
43,1,0,0,-0.0035374120343476534,1,6
43,2,0,0,-0.004625874571502209,1,6
43,3,0,0,-0.005042060744017363,1,6
43,4,0,0,-0.00561086880043149,1,6
43,5,0,0,-0.006046152673661709,1,6
43,6,0,0,-0.005920595023781061,1,6
43,7,0,0,-0.005920595023781061,1,6
43,8,0,0,-0.005920595023781061,1,6
43,9,0,0,-0.005920595023781061,1,6
43,10,0,0,-0.005920595023781061,1,6
43,11,0,0,-0.005920595023781061,1,6
43,12,0,0,-0.005920595023781061,1,6
43,13,0,0,-0.005920595023781061,1,6
43,14,0,0,-0.005920595023781061,1,6
43,15,0,0,-0.005920595023781061,1,6
43,16,0,0,-0.005920595023781061,1,6
43,17,0,0,-0.005920595023781061,1,6
43,18,0,0,-0.005920595023781061,1,6
43,19,0,0,-0.005920595023781061,1,6
43,20,0,0,-0.005920595023781061,1,6
43,21,0,0,-0.005920595023781061,1,6
43,22,0,0,-0.005920595023781061,1,6
43,23,0,0,-0.005920595023781061,1,6
43,24,0,0,-0.005920595023781061,1,6
43,25,0,0,-0.005920595023781061,1,6
43,26,0,0,-0.005920595023781061,1,6
43,27,0,0,-0.005920595023781061,1,6
43,28,0,0,-0.005920595023781061,1,6
43,29,0,0,-0.005920595023781061,1,6
43,30,0,0,-0.005920595023781061,1,6
43,31,0,0,-0.005920595023781061,1,6
43,32,0,0,-0.005920595023781061,1,6
43,33,0,0,-0.005920595023781061,1,6
43,34,0,0,-0.005920595023781061,1,6
43,35,0,0,-0.005920595023781061,1,6
43,36,0,0,-0.005920595023781061,1,6
43,37,0,0,-0.005920595023781061,1,6
43,38,0,0,-0.005920595023781061,1,6
43,39,0,0,-0.005920595023781061,1,6
43,40,0,0,-0.005920595023781061,1,6
43,41,0,0,-0.005920595023781061,1,6
43,42,0,0,-0.005920595023781061,1,6
43,43,0,0,-0.005920595023781061,1,6
43,44,0,0,-0.005920595023781061,1,6
43,45,0,0,-0.005920595023781061,1,6
43,46,0,0,-0.005920595023781061,1,6
43,47,0,0,-0.005920595023781061,1,6
43,48,0,0,-0.005920595023781061,1,6
43,49,0,0,-0.005920595023781061,1,6
43,50,0,0,-0.005920595023781061,1,6
43,51,0,0,-0.005920595023781061,1,6
43,52,0,0,-0.005920595023781061,1,6
43,53,0,0,-0.005920595023781061,1,6
43,54,0,0,-0.005920595023781061,1,6
43,55,0,0,-0.005920595023781061,1,6
43,56,0,0,-0.005920595023781061,1,6
43,57,0,0,-0.005920595023781061,1,6
43,58,0,0,-0.005920595023781061,1,6
43,59,0,0,-0.005920595023781061,1,6
43,60,0,0,-0.005920595023781061,1,6
43,61,0,0,-0.005920595023781061,1,6
43,62,0,0,-0.005920595023781061,1,6
43,63,0,0,-0.005920595023781061,1,6
43,64,0,0,-0.005920595023781061,1,6
43,65,0,0,-0.005920595023781061,1,6
43,66,0,0,-0.005920595023781061,1,6
43,67,0,0,-0.005920595023781061,1,6
43,68,0,0,-0.005920595023781061,1,6
43,69,0,0,-0.005920595023781061,1,6
43,70,0,0,-0.005920595023781061,1,6
43,71,0,0,-0.005920595023781061,1,6
43,72,0,0,-0.005920595023781061,1,6
43,73,0,0,-0.005920595023781061,1,6
43,74,0,0,-0.005920595023781061,1,6
43,75,0,0,-0.005920595023781061,1,6
43,76,0,0,-0.005920595023781061,1,6
43,77,0,0,-0.005920595023781061,1,6
43,78,0,0,-0.005920595023781061,1,6
43,79,0,0,-0.005920595023781061,1,6
43,80,0,0,-0.005920595023781061,1,6
43,81,0,0,-0.005920595023781061,1,6
43,82,0,0,-0.005920595023781061,1,6
43,83,0,0,-0.005920595023781061,1,6
43,84,0,0,-0.005920595023781061,1,6
43,85,0,0,-0.005920595023781061,1,6
43,86,0,0,-0.005920595023781061,1,6
43,87,0,0,-0.005920595023781061,1,6
43,88,0,0,-0.005920595023781061,1,6
43,89,0,0,-0.005920595023781061,1,6
43,90,0,0,-0.005920595023781061,1,6
43,91,0,0,-0.005920595023781061,1,6
43,92,0,0,-0.005920595023781061,1,6
43,93,0,0,-0.005920595023781061,1,6
43,94,0,0,-0.005920595023781061,1,6
43,95,0,0,-0.005920595023781061,1,6
43,96,0,0,-0.005920595023781061,1,6
43,97,0,0,-0.005920595023781061,1,6
43,98,0,0,-0.005920595023781061,1,6
43,99,0,0,-0.005920595023781061,1,6
43,100,0,0,-0.005920595023781061,1,6
44,1,1,0,-0.0036905270535498857,0,6
44,2,1,0,-0.0035247732885181904,0,6
44,3,1,0,-0.003954568412154913,0,6
44,4,1,0,-0.004095111507922411,0,6
44,5,1,0,-0.00455207284539938,0,6
44,6,1,0,-0.004431125707924366,0,6
44,7,1,0,-0.004431125707924366,0,6
44,8,1,0,-0.004431125707924366,0,6
44,9,1,0,-0.004431125707924366,0,6
44,10,1,0,-0.004431125707924366,0,6
44,11,1,0,-0.004431125707924366,0,6
44,12,1,0,-0.004431125707924366,0,6
44,13,1,0,-0.004431125707924366,0,6
44,14,1,0,-0.004431125707924366,0,6
44,15,1,0,-0.004431125707924366,0,6
44,16,1,0,-0.004431125707924366,0,6
44,17,1,0,-0.004431125707924366,0,6
44,18,1,0,-0.004431125707924366,0,6
44,19,1,0,-0.004431125707924366,0,6
44,20,1,0,-0.004431125707924366,0,6
44,21,1,0,-0.004431125707924366,0,6
44,22,1,0,-0.004431125707924366,0,6
44,23,1,0,-0.004431125707924366,0,6
44,24,1,0,-0.004431125707924366,0,6
44,25,1,0,-0.004431125707924366,0,6
44,26,1,0,-0.004431125707924366,0,6
44,27,1,0,-0.004431125707924366,0,6
44,28,1,0,-0.004431125707924366,0,6
44,29,1,0,-0.004431125707924366,0,6
44,30,1,0,-0.004431125707924366,0,6
44,31,1,0,-0.004431125707924366,0,6
44,32,1,0,-0.004431125707924366,0,6
44,33,1,0,-0.004431125707924366,0,6
44,34,1,0,-0.004431125707924366,0,6
44,35,1,0,-0.004431125707924366,0,6
44,36,1,0,-0.004431125707924366,0,6
44,37,1,0,-0.004431125707924366,0,6
44,38,1,0,-0.004431125707924366,0,6
44,39,1,0,-0.004431125707924366,0,6
44,40,1,0,-0.004431125707924366,0,6
44,41,1,0,-0.004431125707924366,0,6
44,42,1,0,-0.004431125707924366,0,6
44,43,1,0,-0.004431125707924366,0,6
44,44,1,0,-0.004431125707924366,0,6
44,45,1,0,-0.004431125707924366,0,6
44,46,1,0,-0.004431125707924366,0,6
44,47,1,0,-0.004431125707924366,0,6
44,48,1,0,-0.004431125707924366,0,6
44,49,1,0,-0.004431125707924366,0,6
44,50,1,0,-0.004431125707924366,0,6
44,51,1,0,-0.004431125707924366,0,6
44,52,1,0,-0.004431125707924366,0,6
44,53,1,0,-0.004431125707924366,0,6
44,54,1,0,-0.004431125707924366,0,6
44,55,1,0,-0.004431125707924366,0,6
44,56,1,0,-0.004431125707924366,0,6
44,57,1,0,-0.004431125707924366,0,6
44,58,1,0,-0.004431125707924366,0,6
44,59,1,0,-0.004431125707924366,0,6
44,60,1,0,-0.004431125707924366,0,6
44,61,1,0,-0.004431125707924366,0,6
44,62,1,0,-0.004431125707924366,0,6
44,63,1,0,-0.004431125707924366,0,6
44,64,1,0,-0.004431125707924366,0,6
44,65,1,0,-0.004431125707924366,0,6
44,66,1,0,-0.004431125707924366,0,6
44,67,1,0,-0.004431125707924366,0,6
44,68,1,0,-0.004431125707924366,0,6
44,69,1,0,-0.004431125707924366,0,6
44,70,1,0,-0.004431125707924366,0,6
44,71,1,0,-0.004431125707924366,0,6
44,72,1,0,-0.004431125707924366,0,6
44,73,1,0,-0.004431125707924366,0,6
44,74,1,0,-0.004431125707924366,0,6
44,75,1,0,-0.004431125707924366,0,6
44,76,1,0,-0.004431125707924366,0,6
44,77,1,0,-0.004431125707924366,0,6
44,78,1,0,-0.004431125707924366,0,6
44,79,1,0,-0.004431125707924366,0,6
44,80,1,0,-0.004431125707924366,0,6
44,81,1,0,-0.004431125707924366,0,6
44,82,1,0,-0.004431125707924366,0,6
44,83,1,0,-0.004431125707924366,0,6
44,84,1,0,-0.004431125707924366,0,6
44,85,1,0,-0.004431125707924366,0,6
44,86,1,0,-0.004431125707924366,0,6
44,87,1,0,-0.004431125707924366,0,6
44,88,1,0,-0.004431125707924366,0,6
44,89,1,0,-0.004431125707924366,0,6
44,90,1,0,-0.004431125707924366,0,6
44,91,1,0,-0.004431125707924366,0,6
44,92,1,0,-0.004431125707924366,0,6
44,93,1,0,-0.004431125707924366,0,6
44,94,1,0,-0.004431125707924366,0,6
44,95,1,0,-0.004431125707924366,0,6
44,96,1,0,-0.004431125707924366,0,6
44,97,1,0,-0.004431125707924366,0,6
44,98,1,0,-0.004431125707924366,0,6
44,99,1,0,-0.004431125707924366,0,6
44,100,1,0,-0.004431125707924366,0,6
45,1,1,1,0.0033582663163542747,1,4
45,2,1,1,0.0022216951474547386,1,4
45,3,1,1,0.002236119471490383,1,4
45,4,1,1,0.0017689079977571964,1,4
45,5,1,1,0.0017689079977571964,1,4
45,6,1,1,0.0017689079977571964,1,4
45,7,1,1,0.0017689079977571964,1,4
45,8,1,1,0.0017689079977571964,1,4
45,9,1,1,0.0017689079977571964,1,4
45,10,1,1,0.0017689079977571964,1,4
45,11,1,1,0.0017689079977571964,1,4
45,12,1,1,0.0017689079977571964,1,4
45,13,1,1,0.0017689079977571964,1,4
45,14,1,1,0.0017689079977571964,1,4
45,15,1,1,0.0017689079977571964,1,4
45,16,1,1,0.0017689079977571964,1,4
45,17,1,1,0.0017689079977571964,1,4
45,18,1,1,0.0017689079977571964,1,4
45,19,1,1,0.0017689079977571964,1,4
45,20,1,1,0.0017689079977571964,1,4
45,21,1,1,0.0017689079977571964,1,4
45,22,1,1,0.0017689079977571964,1,4
45,23,1,1,0.0017689079977571964,1,4
45,24,1,1,0.0017689079977571964,1,4
45,25,1,1,0.0017689079977571964,1,4
45,26,1,1,0.0017689079977571964,1,4
45,27,1,1,0.0017689079977571964,1,4
45,28,1,1,0.0017689079977571964,1,4
45,29,1,1,0.0017689079977571964,1,4
45,30,1,1,0.0017689079977571964,1,4
45,31,1,1,0.0017689079977571964,1,4
45,32,1,1,0.0017689079977571964,1,4
45,33,1,1,0.0017689079977571964,1,4
45,34,1,1,0.0017689079977571964,1,4
45,35,1,1,0.0017689079977571964,1,4
45,36,1,1,0.0017689079977571964,1,4
45,37,1,1,0.0017689079977571964,1,4
45,38,1,1,0.0017689079977571964,1,4
45,39,1,1,0.0017689079977571964,1,4
45,40,1,1,0.0017689079977571964,1,4
45,41,1,1,0.0017689079977571964,1,4
45,42,1,1,0.0017689079977571964,1,4
45,43,1,1,0.0017689079977571964,1,4
45,44,1,1,0.0017689079977571964,1,4
45,45,1,1,0.0017689079977571964,1,4
45,46,1,1,0.0017689079977571964,1,4
45,47,1,1,0.0017689079977571964,1,4
45,48,1,1,0.0017689079977571964,1,4
45,49,1,1,0.0017689079977571964,1,4
45,50,1,1,0.0017689079977571964,1,4
45,51,1,1,0.0017689079977571964,1,4
45,52,1,1,0.0017689079977571964,1,4
45,53,1,1,0.0017689079977571964,1,4
45,54,1,1,0.0017689079977571964,1,4
45,55,1,1,0.0017689079977571964,1,4
45,56,1,1,0.0017689079977571964,1,4
45,57,1,1,0.0017689079977571964,1,4
45,58,1,1,0.0017689079977571964,1,4
45,59,1,1,0.0017689079977571964,1,4
45,60,1,1,0.0017689079977571964,1,4
45,61,1,1,0.0017689079977571964,1,4
45,62,1,1,0.0017689079977571964,1,4
45,63,1,1,0.0017689079977571964,1,4
45,64,1,1,0.0017689079977571964,1,4
45,65,1,1,0.0017689079977571964,1,4
45,66,1,1,0.0017689079977571964,1,4
45,67,1,1,0.0017689079977571964,1,4
45,68,1,1,0.0017689079977571964,1,4
45,69,1,1,0.0017689079977571964,1,4
45,70,1,1,0.0017689079977571964,1,4
45,71,1,1,0.0017689079977571964,1,4
45,72,1,1,0.0017689079977571964,1,4
45,73,1,1,0.0017689079977571964,1,4
45,74,1,1,0.0017689079977571964,1,4
45,75,1,1,0.0017689079977571964,1,4
45,76,1,1,0.0017689079977571964,1,4
45,77,1,1,0.0017689079977571964,1,4
45,78,1,1,0.0017689079977571964,1,4
45,79,1,1,0.0017689079977571964,1,4
45,80,1,1,0.0017689079977571964,1,4
45,81,1,1,0.0017689079977571964,1,4
45,82,1,1,0.0017689079977571964,1,4
45,83,1,1,0.0017689079977571964,1,4
45,84,1,1,0.0017689079977571964,1,4
45,85,1,1,0.0017689079977571964,1,4
45,86,1,1,0.0017689079977571964,1,4
45,87,1,1,0.0017689079977571964,1,4
45,88,1,1,0.0017689079977571964,1,4
45,89,1,1,0.0017689079977571964,1,4
45,90,1,1,0.0017689079977571964,1,4
45,91,1,1,0.0017689079977571964,1,4
45,92,1,1,0.0017689079977571964,1,4
45,93,1,1,0.0017689079977571964,1,4
45,94,1,1,0.0017689079977571964,1,4
45,95,1,1,0.0017689079977571964,1,4
45,96,1,1,0.0017689079977571964,1,4
45,97,1,1,0.0017689079977571964,1,4
45,98,1,1,0.0017689079977571964,1,4
45,99,1,1,0.0017689079977571964,1,4
45,100,1,1,0.0017689079977571964,1,4
46,1,1,0,-0.0024832093622535467,0,8
46,2,1,0,-0.003619780298322439,0,8
46,3,1,0,-0.004195819143205881,0,8
46,4,1,0,-0.0039325011894106865,0,8
46,5,1,0,-0.0032450156286358833,0,8
46,6,1,0,-0.0039055540692061186,0,8
46,7,1,0,-0.004209140781313181,0,8
46,8,1,0,-0.0046353815123438835,0,8
46,9,1,0,-0.0046353815123438835,0,8
46,10,1,0,-0.0046353815123438835,0,8
46,11,1,0,-0.0046353815123438835,0,8
46,12,1,0,-0.0046353815123438835,0,8
46,13,1,0,-0.0046353815123438835,0,8
46,14,1,0,-0.0046353815123438835,0,8
46,15,1,0,-0.0046353815123438835,0,8
46,16,1,0,-0.0046353815123438835,0,8
46,17,1,0,-0.0046353815123438835,0,8
46,18,1,0,-0.0046353815123438835,0,8
46,19,1,0,-0.0046353815123438835,0,8
46,20,1,0,-0.0046353815123438835,0,8
46,21,1,0,-0.0046353815123438835,0,8
46,22,1,0,-0.0046353815123438835,0,8
46,23,1,0,-0.0046353815123438835,0,8
46,24,1,0,-0.0046353815123438835,0,8
46,25,1,0,-0.0046353815123438835,0,8
46,26,1,0,-0.0046353815123438835,0,8
46,27,1,0,-0.0046353815123438835,0,8
46,28,1,0,-0.0046353815123438835,0,8
46,29,1,0,-0.0046353815123438835,0,8
46,30,1,0,-0.0046353815123438835,0,8
46,31,1,0,-0.0046353815123438835,0,8
46,32,1,0,-0.0046353815123438835,0,8
46,33,1,0,-0.0046353815123438835,0,8
46,34,1,0,-0.0046353815123438835,0,8
46,35,1,0,-0.0046353815123438835,0,8
46,36,1,0,-0.0046353815123438835,0,8
46,37,1,0,-0.0046353815123438835,0,8
46,38,1,0,-0.0046353815123438835,0,8
46,39,1,0,-0.0046353815123438835,0,8
46,40,1,0,-0.0046353815123438835,0,8
46,41,1,0,-0.0046353815123438835,0,8
46,42,1,0,-0.0046353815123438835,0,8
46,43,1,0,-0.0046353815123438835,0,8
46,44,1,0,-0.0046353815123438835,0,8
46,45,1,0,-0.0046353815123438835,0,8
46,46,1,0,-0.0046353815123438835,0,8
46,47,1,0,-0.0046353815123438835,0,8
46,48,1,0,-0.0046353815123438835,0,8
46,49,1,0,-0.0046353815123438835,0,8
46,50,1,0,-0.0046353815123438835,0,8
46,51,1,0,-0.0046353815123438835,0,8
46,52,1,0,-0.0046353815123438835,0,8
46,53,1,0,-0.0046353815123438835,0,8
46,54,1,0,-0.0046353815123438835,0,8
46,55,1,0,-0.0046353815123438835,0,8
46,56,1,0,-0.0046353815123438835,0,8
46,57,1,0,-0.0046353815123438835,0,8
46,58,1,0,-0.0046353815123438835,0,8
46,59,1,0,-0.0046353815123438835,0,8
46,60,1,0,-0.0046353815123438835,0,8
46,61,1,0,-0.0046353815123438835,0,8
46,62,1,0,-0.0046353815123438835,0,8
46,63,1,0,-0.0046353815123438835,0,8
46,64,1,0,-0.0046353815123438835,0,8
46,65,1,0,-0.0046353815123438835,0,8
46,66,1,0,-0.0046353815123438835,0,8
46,67,1,0,-0.0046353815123438835,0,8
46,68,1,0,-0.0046353815123438835,0,8
46,69,1,0,-0.0046353815123438835,0,8
46,70,1,0,-0.0046353815123438835,0,8
46,71,1,0,-0.0046353815123438835,0,8
46,72,1,0,-0.0046353815123438835,0,8
46,73,1,0,-0.0046353815123438835,0,8
46,74,1,0,-0.0046353815123438835,0,8
46,75,1,0,-0.0046353815123438835,0,8
46,76,1,0,-0.0046353815123438835,0,8
46,77,1,0,-0.0046353815123438835,0,8
46,78,1,0,-0.0046353815123438835,0,8
46,79,1,0,-0.0046353815123438835,0,8
46,80,1,0,-0.0046353815123438835,0,8
46,81,1,0,-0.0046353815123438835,0,8
46,82,1,0,-0.0046353815123438835,0,8
46,83,1,0,-0.0046353815123438835,0,8
46,84,1,0,-0.0046353815123438835,0,8
46,85,1,0,-0.0046353815123438835,0,8
46,86,1,0,-0.0046353815123438835,0,8
46,87,1,0,-0.0046353815123438835,0,8
46,88,1,0,-0.0046353815123438835,0,8
46,89,1,0,-0.0046353815123438835,0,8
46,90,1,0,-0.0046353815123438835,0,8
46,91,1,0,-0.0046353815123438835,0,8
46,92,1,0,-0.0046353815123438835,0,8
46,93,1,0,-0.0046353815123438835,0,8
46,94,1,0,-0.0046353815123438835,0,8
46,95,1,0,-0.0046353815123438835,0,8
46,96,1,0,-0.0046353815123438835,0,8
46,97,1,0,-0.0046353815123438835,0,8
46,98,1,0,-0.0046353815123438835,0,8
46,99,1,0,-0.0046353815123438835,0,8
46,100,1,0,-0.0046353815123438835,0,8
47,1,1,1,0.0010606975993141532,1,5
47,2,1,1,0.0005817925557494164,1,5
47,3,1,0,-0.0003148149698972702,0,5
47,4,1,1,3.4077471354976296e-05,1,5
47,5,1,0,-0.00021368119632825255,0,5
47,6,1,0,-0.00021368119632825255,0,5
47,7,1,0,-0.00021368119632825255,0,5
47,8,1,0,-0.00021368119632825255,0,5
47,9,1,0,-0.00021368119632825255,0,5
47,10,1,0,-0.00021368119632825255,0,5
47,11,1,0,-0.00021368119632825255,0,5
47,12,1,0,-0.00021368119632825255,0,5
47,13,1,0,-0.00021368119632825255,0,5
47,14,1,0,-0.00021368119632825255,0,5
47,15,1,0,-0.00021368119632825255,0,5
47,16,1,0,-0.00021368119632825255,0,5
47,17,1,0,-0.00021368119632825255,0,5
47,18,1,0,-0.00021368119632825255,0,5
47,19,1,0,-0.00021368119632825255,0,5
47,20,1,0,-0.00021368119632825255,0,5
47,21,1,0,-0.00021368119632825255,0,5
47,22,1,0,-0.00021368119632825255,0,5
47,23,1,0,-0.00021368119632825255,0,5
47,24,1,0,-0.00021368119632825255,0,5
47,25,1,0,-0.00021368119632825255,0,5
47,26,1,0,-0.00021368119632825255,0,5
47,27,1,0,-0.00021368119632825255,0,5
47,28,1,0,-0.00021368119632825255,0,5
47,29,1,0,-0.00021368119632825255,0,5
47,30,1,0,-0.00021368119632825255,0,5
47,31,1,0,-0.00021368119632825255,0,5
47,32,1,0,-0.00021368119632825255,0,5
47,33,1,0,-0.00021368119632825255,0,5
47,34,1,0,-0.00021368119632825255,0,5
47,35,1,0,-0.00021368119632825255,0,5
47,36,1,0,-0.00021368119632825255,0,5
47,37,1,0,-0.00021368119632825255,0,5
47,38,1,0,-0.00021368119632825255,0,5
47,39,1,0,-0.00021368119632825255,0,5
47,40,1,0,-0.00021368119632825255,0,5
47,41,1,0,-0.00021368119632825255,0,5
47,42,1,0,-0.00021368119632825255,0,5
47,43,1,0,-0.00021368119632825255,0,5
47,44,1,0,-0.00021368119632825255,0,5
47,45,1,0,-0.00021368119632825255,0,5
47,46,1,0,-0.00021368119632825255,0,5
47,47,1,0,-0.00021368119632825255,0,5
47,48,1,0,-0.00021368119632825255,0,5
47,49,1,0,-0.00021368119632825255,0,5
47,50,1,0,-0.00021368119632825255,0,5
47,51,1,0,-0.00021368119632825255,0,5
47,52,1,0,-0.00021368119632825255,0,5
47,53,1,0,-0.00021368119632825255,0,5
47,54,1,0,-0.00021368119632825255,0,5
47,55,1,0,-0.00021368119632825255,0,5
47,56,1,0,-0.00021368119632825255,0,5
47,57,1,0,-0.00021368119632825255,0,5
47,58,1,0,-0.00021368119632825255,0,5
47,59,1,0,-0.00021368119632825255,0,5
47,60,1,0,-0.00021368119632825255,0,5
47,61,1,0,-0.00021368119632825255,0,5
47,62,1,0,-0.00021368119632825255,0,5
47,63,1,0,-0.00021368119632825255,0,5
47,64,1,0,-0.00021368119632825255,0,5
47,65,1,0,-0.00021368119632825255,0,5
47,66,1,0,-0.00021368119632825255,0,5
47,67,1,0,-0.00021368119632825255,0,5
47,68,1,0,-0.00021368119632825255,0,5
47,69,1,0,-0.00021368119632825255,0,5
47,70,1,0,-0.00021368119632825255,0,5
47,71,1,0,-0.00021368119632825255,0,5
47,72,1,0,-0.00021368119632825255,0,5
47,73,1,0,-0.00021368119632825255,0,5
47,74,1,0,-0.00021368119632825255,0,5
47,75,1,0,-0.00021368119632825255,0,5
47,76,1,0,-0.00021368119632825255,0,5
47,77,1,0,-0.00021368119632825255,0,5
47,78,1,0,-0.00021368119632825255,0,5
47,79,1,0,-0.00021368119632825255,0,5
47,80,1,0,-0.00021368119632825255,0,5
47,81,1,0,-0.00021368119632825255,0,5
47,82,1,0,-0.00021368119632825255,0,5
47,83,1,0,-0.00021368119632825255,0,5
47,84,1,0,-0.00021368119632825255,0,5
47,85,1,0,-0.00021368119632825255,0,5
47,86,1,0,-0.00021368119632825255,0,5
47,87,1,0,-0.00021368119632825255,0,5
47,88,1,0,-0.00021368119632825255,0,5
47,89,1,0,-0.00021368119632825255,0,5
47,90,1,0,-0.00021368119632825255,0,5
47,91,1,0,-0.00021368119632825255,0,5
47,92,1,0,-0.00021368119632825255,0,5
47,93,1,0,-0.00021368119632825255,0,5
47,94,1,0,-0.00021368119632825255,0,5
47,95,1,0,-0.00021368119632825255,0,5
47,96,1,0,-0.00021368119632825255,0,5
47,97,1,0,-0.00021368119632825255,0,5
47,98,1,0,-0.00021368119632825255,0,5
47,99,1,0,-0.00021368119632825255,0,5
47,100,1,0,-0.00021368119632825255,0,5
48,1,1,1,0.14994101226329803,1,7
48,2,1,1,0.14154449105262756,1,7
48,3,1,1,0.1361384242773056,1,7
48,4,1,1,0.1347440779209137,1,7
48,5,1,1,0.13626661896705627,1,7
48,6,1,1,0.1374838948249817,1,7
48,7,1,1,0.15489117801189423,1,7
48,8,1,1,0.15489117801189423,1,7
48,9,1,1,0.15489117801189423,1,7
48,10,1,1,0.15489117801189423,1,7
48,11,1,1,0.15489117801189423,1,7
48,12,1,1,0.15489117801189423,1,7
48,13,1,1,0.15489117801189423,1,7
48,14,1,1,0.15489117801189423,1,7
48,15,1,1,0.15489117801189423,1,7
48,16,1,1,0.15489117801189423,1,7
48,17,1,1,0.15489117801189423,1,7
48,18,1,1,0.15489117801189423,1,7
48,19,1,1,0.15489117801189423,1,7
48,20,1,1,0.15489117801189423,1,7
48,21,1,1,0.15489117801189423,1,7
48,22,1,1,0.15489117801189423,1,7
48,23,1,1,0.15489117801189423,1,7
48,24,1,1,0.15489117801189423,1,7
48,25,1,1,0.15489117801189423,1,7
48,26,1,1,0.15489117801189423,1,7
48,27,1,1,0.15489117801189423,1,7
48,28,1,1,0.15489117801189423,1,7
48,29,1,1,0.15489117801189423,1,7
48,30,1,1,0.15489117801189423,1,7
48,31,1,1,0.15489117801189423,1,7
48,32,1,1,0.15489117801189423,1,7
48,33,1,1,0.15489117801189423,1,7
48,34,1,1,0.15489117801189423,1,7
48,35,1,1,0.15489117801189423,1,7
48,36,1,1,0.15489117801189423,1,7
48,37,1,1,0.15489117801189423,1,7
48,38,1,1,0.15489117801189423,1,7
48,39,1,1,0.15489117801189423,1,7
48,40,1,1,0.15489117801189423,1,7
48,41,1,1,0.15489117801189423,1,7
48,42,1,1,0.15489117801189423,1,7
48,43,1,1,0.15489117801189423,1,7
48,44,1,1,0.15489117801189423,1,7
48,45,1,1,0.15489117801189423,1,7
48,46,1,1,0.15489117801189423,1,7
48,47,1,1,0.15489117801189423,1,7
48,48,1,1,0.15489117801189423,1,7
48,49,1,1,0.15489117801189423,1,7
48,50,1,1,0.15489117801189423,1,7
48,51,1,1,0.15489117801189423,1,7
48,52,1,1,0.15489117801189423,1,7
48,53,1,1,0.15489117801189423,1,7
48,54,1,1,0.15489117801189423,1,7
48,55,1,1,0.15489117801189423,1,7
48,56,1,1,0.15489117801189423,1,7
48,57,1,1,0.15489117801189423,1,7
48,58,1,1,0.15489117801189423,1,7
48,59,1,1,0.15489117801189423,1,7
48,60,1,1,0.15489117801189423,1,7
48,61,1,1,0.15489117801189423,1,7
48,62,1,1,0.15489117801189423,1,7
48,63,1,1,0.15489117801189423,1,7
48,64,1,1,0.15489117801189423,1,7
48,65,1,1,0.15489117801189423,1,7
48,66,1,1,0.15489117801189423,1,7
48,67,1,1,0.15489117801189423,1,7
48,68,1,1,0.15489117801189423,1,7
48,69,1,1,0.15489117801189423,1,7
48,70,1,1,0.15489117801189423,1,7
48,71,1,1,0.15489117801189423,1,7
48,72,1,1,0.15489117801189423,1,7
48,73,1,1,0.15489117801189423,1,7
48,74,1,1,0.15489117801189423,1,7
48,75,1,1,0.15489117801189423,1,7
48,76,1,1,0.15489117801189423,1,7
48,77,1,1,0.15489117801189423,1,7
48,78,1,1,0.15489117801189423,1,7
48,79,1,1,0.15489117801189423,1,7
48,80,1,1,0.15489117801189423,1,7
48,81,1,1,0.15489117801189423,1,7
48,82,1,1,0.15489117801189423,1,7
48,83,1,1,0.15489117801189423,1,7
48,84,1,1,0.15489117801189423,1,7
48,85,1,1,0.15489117801189423,1,7
48,86,1,1,0.15489117801189423,1,7
48,87,1,1,0.15489117801189423,1,7
48,88,1,1,0.15489117801189423,1,7
48,89,1,1,0.15489117801189423,1,7
48,90,1,1,0.15489117801189423,1,7
48,91,1,1,0.15489117801189423,1,7
48,92,1,1,0.15489117801189423,1,7
48,93,1,1,0.15489117801189423,1,7
48,94,1,1,0.15489117801189423,1,7
48,95,1,1,0.15489117801189423,1,7
48,96,1,1,0.15489117801189423,1,7
48,97,1,1,0.15489117801189423,1,7
48,98,1,1,0.15489117801189423,1,7
48,99,1,1,0.15489117801189423,1,7
48,100,1,1,0.15489117801189423,1,7
49,1,1,1,0.0077973161824047565,1,6
49,2,1,1,0.009213365614414215,1,6
49,3,1,1,0.01000886969268322,1,6
49,4,1,1,0.01073941495269537,1,6
49,5,1,1,0.011396561749279499,1,6
49,6,1,1,0.011739403009414673,1,6
49,7,1,1,0.011739403009414673,1,6
49,8,1,1,0.011739403009414673,1,6
49,9,1,1,0.011739403009414673,1,6
49,10,1,1,0.011739403009414673,1,6
49,11,1,1,0.011739403009414673,1,6
49,12,1,1,0.011739403009414673,1,6
49,13,1,1,0.011739403009414673,1,6
49,14,1,1,0.011739403009414673,1,6
49,15,1,1,0.011739403009414673,1,6
49,16,1,1,0.011739403009414673,1,6
49,17,1,1,0.011739403009414673,1,6
49,18,1,1,0.011739403009414673,1,6
49,19,1,1,0.011739403009414673,1,6
49,20,1,1,0.011739403009414673,1,6
49,21,1,1,0.011739403009414673,1,6
49,22,1,1,0.011739403009414673,1,6
49,23,1,1,0.011739403009414673,1,6
49,24,1,1,0.011739403009414673,1,6
49,25,1,1,0.011739403009414673,1,6
49,26,1,1,0.011739403009414673,1,6
49,27,1,1,0.011739403009414673,1,6
49,28,1,1,0.011739403009414673,1,6
49,29,1,1,0.011739403009414673,1,6
49,30,1,1,0.011739403009414673,1,6
49,31,1,1,0.011739403009414673,1,6
49,32,1,1,0.011739403009414673,1,6
49,33,1,1,0.011739403009414673,1,6
49,34,1,1,0.011739403009414673,1,6
49,35,1,1,0.011739403009414673,1,6
49,36,1,1,0.011739403009414673,1,6
49,37,1,1,0.011739403009414673,1,6
49,38,1,1,0.011739403009414673,1,6
49,39,1,1,0.011739403009414673,1,6
49,40,1,1,0.011739403009414673,1,6
49,41,1,1,0.011739403009414673,1,6
49,42,1,1,0.011739403009414673,1,6
49,43,1,1,0.011739403009414673,1,6
49,44,1,1,0.011739403009414673,1,6
49,45,1,1,0.011739403009414673,1,6
49,46,1,1,0.011739403009414673,1,6
49,47,1,1,0.011739403009414673,1,6
49,48,1,1,0.011739403009414673,1,6
49,49,1,1,0.011739403009414673,1,6
49,50,1,1,0.011739403009414673,1,6
49,51,1,1,0.011739403009414673,1,6
49,52,1,1,0.011739403009414673,1,6
49,53,1,1,0.011739403009414673,1,6
49,54,1,1,0.011739403009414673,1,6
49,55,1,1,0.011739403009414673,1,6
49,56,1,1,0.011739403009414673,1,6
49,57,1,1,0.011739403009414673,1,6
49,58,1,1,0.011739403009414673,1,6
49,59,1,1,0.011739403009414673,1,6
49,60,1,1,0.011739403009414673,1,6
49,61,1,1,0.011739403009414673,1,6
49,62,1,1,0.011739403009414673,1,6
49,63,1,1,0.011739403009414673,1,6
49,64,1,1,0.011739403009414673,1,6
49,65,1,1,0.011739403009414673,1,6
49,66,1,1,0.011739403009414673,1,6
49,67,1,1,0.011739403009414673,1,6
49,68,1,1,0.011739403009414673,1,6
49,69,1,1,0.011739403009414673,1,6
49,70,1,1,0.011739403009414673,1,6
49,71,1,1,0.011739403009414673,1,6
49,72,1,1,0.011739403009414673,1,6
49,73,1,1,0.011739403009414673,1,6
49,74,1,1,0.011739403009414673,1,6
49,75,1,1,0.011739403009414673,1,6
49,76,1,1,0.011739403009414673,1,6
49,77,1,1,0.011739403009414673,1,6
49,78,1,1,0.011739403009414673,1,6
49,79,1,1,0.011739403009414673,1,6
49,80,1,1,0.011739403009414673,1,6
49,81,1,1,0.011739403009414673,1,6
49,82,1,1,0.011739403009414673,1,6
49,83,1,1,0.011739403009414673,1,6
49,84,1,1,0.011739403009414673,1,6
49,85,1,1,0.011739403009414673,1,6
49,86,1,1,0.011739403009414673,1,6
49,87,1,1,0.011739403009414673,1,6
49,88,1,1,0.011739403009414673,1,6
49,89,1,1,0.011739403009414673,1,6
49,90,1,1,0.011739403009414673,1,6
49,91,1,1,0.011739403009414673,1,6
49,92,1,1,0.011739403009414673,1,6
49,93,1,1,0.011739403009414673,1,6
49,94,1,1,0.011739403009414673,1,6
49,95,1,1,0.011739403009414673,1,6
49,96,1,1,0.011739403009414673,1,6
49,97,1,1,0.011739403009414673,1,6
49,98,1,1,0.011739403009414673,1,6
49,99,1,1,0.011739403009414673,1,6
49,100,1,1,0.011739403009414673,1,6
50,1,1,0,-0.00010759738506749272,0,6
50,2,1,0,-0.0008880423847585917,0,6
50,3,1,0,-3.356277011334896e-05,0,6
50,4,1,0,-0.00021044453023932874,0,6
50,5,1,1,9.553937707096338e-05,1,6
50,6,1,0,-0.00020804713130928576,0,6
50,7,1,0,-0.00020804713130928576,0,6
50,8,1,0,-0.00020804713130928576,0,6
50,9,1,0,-0.00020804713130928576,0,6
50,10,1,0,-0.00020804713130928576,0,6
50,11,1,0,-0.00020804713130928576,0,6
50,12,1,0,-0.00020804713130928576,0,6
50,13,1,0,-0.00020804713130928576,0,6
50,14,1,0,-0.00020804713130928576,0,6
50,15,1,0,-0.00020804713130928576,0,6
50,16,1,0,-0.00020804713130928576,0,6
50,17,1,0,-0.00020804713130928576,0,6
50,18,1,0,-0.00020804713130928576,0,6
50,19,1,0,-0.00020804713130928576,0,6
50,20,1,0,-0.00020804713130928576,0,6
50,21,1,0,-0.00020804713130928576,0,6
50,22,1,0,-0.00020804713130928576,0,6
50,23,1,0,-0.00020804713130928576,0,6
50,24,1,0,-0.00020804713130928576,0,6
50,25,1,0,-0.00020804713130928576,0,6
50,26,1,0,-0.00020804713130928576,0,6
50,27,1,0,-0.00020804713130928576,0,6
50,28,1,0,-0.00020804713130928576,0,6
50,29,1,0,-0.00020804713130928576,0,6
50,30,1,0,-0.00020804713130928576,0,6
50,31,1,0,-0.00020804713130928576,0,6
50,32,1,0,-0.00020804713130928576,0,6
50,33,1,0,-0.00020804713130928576,0,6
50,34,1,0,-0.00020804713130928576,0,6
50,35,1,0,-0.00020804713130928576,0,6
50,36,1,0,-0.00020804713130928576,0,6
50,37,1,0,-0.00020804713130928576,0,6
50,38,1,0,-0.00020804713130928576,0,6
50,39,1,0,-0.00020804713130928576,0,6
50,40,1,0,-0.00020804713130928576,0,6
50,41,1,0,-0.00020804713130928576,0,6
50,42,1,0,-0.00020804713130928576,0,6
50,43,1,0,-0.00020804713130928576,0,6
50,44,1,0,-0.00020804713130928576,0,6
50,45,1,0,-0.00020804713130928576,0,6
50,46,1,0,-0.00020804713130928576,0,6
50,47,1,0,-0.00020804713130928576,0,6
50,48,1,0,-0.00020804713130928576,0,6
50,49,1,0,-0.00020804713130928576,0,6
50,50,1,0,-0.00020804713130928576,0,6
50,51,1,0,-0.00020804713130928576,0,6
50,52,1,0,-0.00020804713130928576,0,6
50,53,1,0,-0.00020804713130928576,0,6
50,54,1,0,-0.00020804713130928576,0,6
50,55,1,0,-0.00020804713130928576,0,6
50,56,1,0,-0.00020804713130928576,0,6
50,57,1,0,-0.00020804713130928576,0,6
50,58,1,0,-0.00020804713130928576,0,6
50,59,1,0,-0.00020804713130928576,0,6
50,60,1,0,-0.00020804713130928576,0,6
50,61,1,0,-0.00020804713130928576,0,6
50,62,1,0,-0.00020804713130928576,0,6
50,63,1,0,-0.00020804713130928576,0,6
50,64,1,0,-0.00020804713130928576,0,6
50,65,1,0,-0.00020804713130928576,0,6
50,66,1,0,-0.00020804713130928576,0,6
50,67,1,0,-0.00020804713130928576,0,6
50,68,1,0,-0.00020804713130928576,0,6
50,69,1,0,-0.00020804713130928576,0,6
50,70,1,0,-0.00020804713130928576,0,6
50,71,1,0,-0.00020804713130928576,0,6
50,72,1,0,-0.00020804713130928576,0,6
50,73,1,0,-0.00020804713130928576,0,6
50,74,1,0,-0.00020804713130928576,0,6
50,75,1,0,-0.00020804713130928576,0,6
50,76,1,0,-0.00020804713130928576,0,6
50,77,1,0,-0.00020804713130928576,0,6
50,78,1,0,-0.00020804713130928576,0,6
50,79,1,0,-0.00020804713130928576,0,6
50,80,1,0,-0.00020804713130928576,0,6
50,81,1,0,-0.00020804713130928576,0,6
50,82,1,0,-0.00020804713130928576,0,6
50,83,1,0,-0.00020804713130928576,0,6
50,84,1,0,-0.00020804713130928576,0,6
50,85,1,0,-0.00020804713130928576,0,6
50,86,1,0,-0.00020804713130928576,0,6
50,87,1,0,-0.00020804713130928576,0,6
50,88,1,0,-0.00020804713130928576,0,6
50,89,1,0,-0.00020804713130928576,0,6
50,90,1,0,-0.00020804713130928576,0,6
50,91,1,0,-0.00020804713130928576,0,6
50,92,1,0,-0.00020804713130928576,0,6
50,93,1,0,-0.00020804713130928576,0,6
50,94,1,0,-0.00020804713130928576,0,6
50,95,1,0,-0.00020804713130928576,0,6
50,96,1,0,-0.00020804713130928576,0,6
50,97,1,0,-0.00020804713130928576,0,6
50,98,1,0,-0.00020804713130928576,0,6
50,99,1,0,-0.00020804713130928576,0,6
50,100,1,0,-0.00020804713130928576,0,6
51,1,1,1,0.0010606975993141532,1,9
51,2,1,1,0.0005817925557494164,1,9
51,3,1,0,-1.3805809430778027e-05,0,9
51,4,1,1,0.00017555223894305527,1,9
51,5,1,1,0.00010296745313098654,1,9
51,6,1,1,0.00022391458333004266,1,9
51,7,1,0,-0.0002352196170249954,0,9
51,8,1,0,-0.0008685732609592378,0,9
51,9,1,0,-0.001006879610940814,0,9
51,10,1,0,-0.001006879610940814,0,9
51,11,1,0,-0.001006879610940814,0,9
51,12,1,0,-0.001006879610940814,0,9
51,13,1,0,-0.001006879610940814,0,9
51,14,1,0,-0.001006879610940814,0,9
51,15,1,0,-0.001006879610940814,0,9
51,16,1,0,-0.001006879610940814,0,9
51,17,1,0,-0.001006879610940814,0,9
51,18,1,0,-0.001006879610940814,0,9
51,19,1,0,-0.001006879610940814,0,9
51,20,1,0,-0.001006879610940814,0,9
51,21,1,0,-0.001006879610940814,0,9
51,22,1,0,-0.001006879610940814,0,9
51,23,1,0,-0.001006879610940814,0,9
51,24,1,0,-0.001006879610940814,0,9
51,25,1,0,-0.001006879610940814,0,9
51,26,1,0,-0.001006879610940814,0,9
51,27,1,0,-0.001006879610940814,0,9
51,28,1,0,-0.001006879610940814,0,9
51,29,1,0,-0.001006879610940814,0,9
51,30,1,0,-0.001006879610940814,0,9
51,31,1,0,-0.001006879610940814,0,9
51,32,1,0,-0.001006879610940814,0,9
51,33,1,0,-0.001006879610940814,0,9
51,34,1,0,-0.001006879610940814,0,9
51,35,1,0,-0.001006879610940814,0,9
51,36,1,0,-0.001006879610940814,0,9
51,37,1,0,-0.001006879610940814,0,9
51,38,1,0,-0.001006879610940814,0,9
51,39,1,0,-0.001006879610940814,0,9
51,40,1,0,-0.001006879610940814,0,9
51,41,1,0,-0.001006879610940814,0,9
51,42,1,0,-0.001006879610940814,0,9
51,43,1,0,-0.001006879610940814,0,9
51,44,1,0,-0.001006879610940814,0,9
51,45,1,0,-0.001006879610940814,0,9
51,46,1,0,-0.001006879610940814,0,9
51,47,1,0,-0.001006879610940814,0,9
51,48,1,0,-0.001006879610940814,0,9
51,49,1,0,-0.001006879610940814,0,9
51,50,1,0,-0.001006879610940814,0,9
51,51,1,0,-0.001006879610940814,0,9
51,52,1,0,-0.001006879610940814,0,9
51,53,1,0,-0.001006879610940814,0,9
51,54,1,0,-0.001006879610940814,0,9
51,55,1,0,-0.001006879610940814,0,9
51,56,1,0,-0.001006879610940814,0,9
51,57,1,0,-0.001006879610940814,0,9
51,58,1,0,-0.001006879610940814,0,9
51,59,1,0,-0.001006879610940814,0,9
51,60,1,0,-0.001006879610940814,0,9
51,61,1,0,-0.001006879610940814,0,9
51,62,1,0,-0.001006879610940814,0,9
51,63,1,0,-0.001006879610940814,0,9
51,64,1,0,-0.001006879610940814,0,9
51,65,1,0,-0.001006879610940814,0,9
51,66,1,0,-0.001006879610940814,0,9
51,67,1,0,-0.001006879610940814,0,9
51,68,1,0,-0.001006879610940814,0,9
51,69,1,0,-0.001006879610940814,0,9
51,70,1,0,-0.001006879610940814,0,9
51,71,1,0,-0.001006879610940814,0,9
51,72,1,0,-0.001006879610940814,0,9
51,73,1,0,-0.001006879610940814,0,9
51,74,1,0,-0.001006879610940814,0,9
51,75,1,0,-0.001006879610940814,0,9
51,76,1,0,-0.001006879610940814,0,9
51,77,1,0,-0.001006879610940814,0,9
51,78,1,0,-0.001006879610940814,0,9
51,79,1,0,-0.001006879610940814,0,9
51,80,1,0,-0.001006879610940814,0,9
51,81,1,0,-0.001006879610940814,0,9
51,82,1,0,-0.001006879610940814,0,9
51,83,1,0,-0.001006879610940814,0,9
51,84,1,0,-0.001006879610940814,0,9
51,85,1,0,-0.001006879610940814,0,9
51,86,1,0,-0.001006879610940814,0,9
51,87,1,0,-0.001006879610940814,0,9
51,88,1,0,-0.001006879610940814,0,9
51,89,1,0,-0.001006879610940814,0,9
51,90,1,0,-0.001006879610940814,0,9
51,91,1,0,-0.001006879610940814,0,9
51,92,1,0,-0.001006879610940814,0,9
51,93,1,0,-0.001006879610940814,0,9
51,94,1,0,-0.001006879610940814,0,9
51,95,1,0,-0.001006879610940814,0,9
51,96,1,0,-0.001006879610940814,0,9
51,97,1,0,-0.001006879610940814,0,9
51,98,1,0,-0.001006879610940814,0,9
51,99,1,0,-0.001006879610940814,0,9
51,100,1,0,-0.001006879610940814,0,9
52,1,1,0,-0.0024832093622535467,0,6
52,2,1,0,-0.003619780298322439,0,6
52,3,1,0,-0.004681735765188932,0,6
52,4,1,0,-0.005277334246784449,0,6
52,5,1,0,-0.004978549666702747,0,6
52,6,1,0,-0.004635707940906286,0,6
52,7,1,0,-0.004635707940906286,0,6
52,8,1,0,-0.004635707940906286,0,6
52,9,1,0,-0.004635707940906286,0,6
52,10,1,0,-0.004635707940906286,0,6
52,11,1,0,-0.004635707940906286,0,6
52,12,1,0,-0.004635707940906286,0,6
52,13,1,0,-0.004635707940906286,0,6
52,14,1,0,-0.004635707940906286,0,6
52,15,1,0,-0.004635707940906286,0,6
52,16,1,0,-0.004635707940906286,0,6
52,17,1,0,-0.004635707940906286,0,6
52,18,1,0,-0.004635707940906286,0,6
52,19,1,0,-0.004635707940906286,0,6
52,20,1,0,-0.004635707940906286,0,6
52,21,1,0,-0.004635707940906286,0,6
52,22,1,0,-0.004635707940906286,0,6
52,23,1,0,-0.004635707940906286,0,6
52,24,1,0,-0.004635707940906286,0,6
52,25,1,0,-0.004635707940906286,0,6
52,26,1,0,-0.004635707940906286,0,6
52,27,1,0,-0.004635707940906286,0,6
52,28,1,0,-0.004635707940906286,0,6
52,29,1,0,-0.004635707940906286,0,6
52,30,1,0,-0.004635707940906286,0,6
52,31,1,0,-0.004635707940906286,0,6
52,32,1,0,-0.004635707940906286,0,6
52,33,1,0,-0.004635707940906286,0,6
52,34,1,0,-0.004635707940906286,0,6
52,35,1,0,-0.004635707940906286,0,6
52,36,1,0,-0.004635707940906286,0,6
52,37,1,0,-0.004635707940906286,0,6
52,38,1,0,-0.004635707940906286,0,6
52,39,1,0,-0.004635707940906286,0,6
52,40,1,0,-0.004635707940906286,0,6
52,41,1,0,-0.004635707940906286,0,6
52,42,1,0,-0.004635707940906286,0,6
52,43,1,0,-0.004635707940906286,0,6
52,44,1,0,-0.004635707940906286,0,6
52,45,1,0,-0.004635707940906286,0,6
52,46,1,0,-0.004635707940906286,0,6
52,47,1,0,-0.004635707940906286,0,6
52,48,1,0,-0.004635707940906286,0,6
52,49,1,0,-0.004635707940906286,0,6
52,50,1,0,-0.004635707940906286,0,6
52,51,1,0,-0.004635707940906286,0,6
52,52,1,0,-0.004635707940906286,0,6
52,53,1,0,-0.004635707940906286,0,6
52,54,1,0,-0.004635707940906286,0,6
52,55,1,0,-0.004635707940906286,0,6
52,56,1,0,-0.004635707940906286,0,6
52,57,1,0,-0.004635707940906286,0,6
52,58,1,0,-0.004635707940906286,0,6
52,59,1,0,-0.004635707940906286,0,6
52,60,1,0,-0.004635707940906286,0,6
52,61,1,0,-0.004635707940906286,0,6
52,62,1,0,-0.004635707940906286,0,6
52,63,1,0,-0.004635707940906286,0,6
52,64,1,0,-0.004635707940906286,0,6
52,65,1,0,-0.004635707940906286,0,6
52,66,1,0,-0.004635707940906286,0,6
52,67,1,0,-0.004635707940906286,0,6
52,68,1,0,-0.004635707940906286,0,6
52,69,1,0,-0.004635707940906286,0,6
52,70,1,0,-0.004635707940906286,0,6
52,71,1,0,-0.004635707940906286,0,6
52,72,1,0,-0.004635707940906286,0,6
52,73,1,0,-0.004635707940906286,0,6
52,74,1,0,-0.004635707940906286,0,6
52,75,1,0,-0.004635707940906286,0,6
52,76,1,0,-0.004635707940906286,0,6
52,77,1,0,-0.004635707940906286,0,6
52,78,1,0,-0.004635707940906286,0,6
52,79,1,0,-0.004635707940906286,0,6
52,80,1,0,-0.004635707940906286,0,6
52,81,1,0,-0.004635707940906286,0,6
52,82,1,0,-0.004635707940906286,0,6
52,83,1,0,-0.004635707940906286,0,6
52,84,1,0,-0.004635707940906286,0,6
52,85,1,0,-0.004635707940906286,0,6
52,86,1,0,-0.004635707940906286,0,6
52,87,1,0,-0.004635707940906286,0,6
52,88,1,0,-0.004635707940906286,0,6
52,89,1,0,-0.004635707940906286,0,6
52,90,1,0,-0.004635707940906286,0,6
52,91,1,0,-0.004635707940906286,0,6
52,92,1,0,-0.004635707940906286,0,6
52,93,1,0,-0.004635707940906286,0,6
52,94,1,0,-0.004635707940906286,0,6
52,95,1,0,-0.004635707940906286,0,6
52,96,1,0,-0.004635707940906286,0,6
52,97,1,0,-0.004635707940906286,0,6
52,98,1,0,-0.004635707940906286,0,6
52,99,1,0,-0.004635707940906286,0,6
52,100,1,0,-0.004635707940906286,0,6
53,1,1,0,-0.0036905270535498857,0,5
53,2,1,1,0.001259158132597804,1,5
53,3,1,1,0.001472667558118701,1,5
53,4,1,1,0.000944688857998699,1,5
53,5,1,1,0.0010801618918776512,1,5
53,6,1,1,0.0010801618918776512,1,5
53,7,1,1,0.0010801618918776512,1,5
53,8,1,1,0.0010801618918776512,1,5
53,9,1,1,0.0010801618918776512,1,5
53,10,1,1,0.0010801618918776512,1,5
53,11,1,1,0.0010801618918776512,1,5
53,12,1,1,0.0010801618918776512,1,5
53,13,1,1,0.0010801618918776512,1,5
53,14,1,1,0.0010801618918776512,1,5
53,15,1,1,0.0010801618918776512,1,5
53,16,1,1,0.0010801618918776512,1,5
53,17,1,1,0.0010801618918776512,1,5
53,18,1,1,0.0010801618918776512,1,5
53,19,1,1,0.0010801618918776512,1,5
53,20,1,1,0.0010801618918776512,1,5
53,21,1,1,0.0010801618918776512,1,5
53,22,1,1,0.0010801618918776512,1,5
53,23,1,1,0.0010801618918776512,1,5
53,24,1,1,0.0010801618918776512,1,5
53,25,1,1,0.0010801618918776512,1,5
53,26,1,1,0.0010801618918776512,1,5
53,27,1,1,0.0010801618918776512,1,5
53,28,1,1,0.0010801618918776512,1,5
53,29,1,1,0.0010801618918776512,1,5
53,30,1,1,0.0010801618918776512,1,5
53,31,1,1,0.0010801618918776512,1,5
53,32,1,1,0.0010801618918776512,1,5
53,33,1,1,0.0010801618918776512,1,5
53,34,1,1,0.0010801618918776512,1,5
53,35,1,1,0.0010801618918776512,1,5
53,36,1,1,0.0010801618918776512,1,5
53,37,1,1,0.0010801618918776512,1,5
53,38,1,1,0.0010801618918776512,1,5
53,39,1,1,0.0010801618918776512,1,5
53,40,1,1,0.0010801618918776512,1,5
53,41,1,1,0.0010801618918776512,1,5
53,42,1,1,0.0010801618918776512,1,5
53,43,1,1,0.0010801618918776512,1,5
53,44,1,1,0.0010801618918776512,1,5
53,45,1,1,0.0010801618918776512,1,5
53,46,1,1,0.0010801618918776512,1,5
53,47,1,1,0.0010801618918776512,1,5
53,48,1,1,0.0010801618918776512,1,5
53,49,1,1,0.0010801618918776512,1,5
53,50,1,1,0.0010801618918776512,1,5
53,51,1,1,0.0010801618918776512,1,5
53,52,1,1,0.0010801618918776512,1,5
53,53,1,1,0.0010801618918776512,1,5
53,54,1,1,0.0010801618918776512,1,5
53,55,1,1,0.0010801618918776512,1,5
53,56,1,1,0.0010801618918776512,1,5
53,57,1,1,0.0010801618918776512,1,5
53,58,1,1,0.0010801618918776512,1,5
53,59,1,1,0.0010801618918776512,1,5
53,60,1,1,0.0010801618918776512,1,5
53,61,1,1,0.0010801618918776512,1,5
53,62,1,1,0.0010801618918776512,1,5
53,63,1,1,0.0010801618918776512,1,5
53,64,1,1,0.0010801618918776512,1,5
53,65,1,1,0.0010801618918776512,1,5
53,66,1,1,0.0010801618918776512,1,5
53,67,1,1,0.0010801618918776512,1,5
53,68,1,1,0.0010801618918776512,1,5
53,69,1,1,0.0010801618918776512,1,5
53,70,1,1,0.0010801618918776512,1,5
53,71,1,1,0.0010801618918776512,1,5
53,72,1,1,0.0010801618918776512,1,5
53,73,1,1,0.0010801618918776512,1,5
53,74,1,1,0.0010801618918776512,1,5
53,75,1,1,0.0010801618918776512,1,5
53,76,1,1,0.0010801618918776512,1,5
53,77,1,1,0.0010801618918776512,1,5
53,78,1,1,0.0010801618918776512,1,5
53,79,1,1,0.0010801618918776512,1,5
53,80,1,1,0.0010801618918776512,1,5
53,81,1,1,0.0010801618918776512,1,5
53,82,1,1,0.0010801618918776512,1,5
53,83,1,1,0.0010801618918776512,1,5
53,84,1,1,0.0010801618918776512,1,5
53,85,1,1,0.0010801618918776512,1,5
53,86,1,1,0.0010801618918776512,1,5
53,87,1,1,0.0010801618918776512,1,5
53,88,1,1,0.0010801618918776512,1,5
53,89,1,1,0.0010801618918776512,1,5
53,90,1,1,0.0010801618918776512,1,5
53,91,1,1,0.0010801618918776512,1,5
53,92,1,1,0.0010801618918776512,1,5
53,93,1,1,0.0010801618918776512,1,5
53,94,1,1,0.0010801618918776512,1,5
53,95,1,1,0.0010801618918776512,1,5
53,96,1,1,0.0010801618918776512,1,5
53,97,1,1,0.0010801618918776512,1,5
53,98,1,1,0.0010801618918776512,1,5
53,99,1,1,0.0010801618918776512,1,5
53,100,1,1,0.0010801618918776512,1,5
54,1,1,0,-0.0024832093622535467,0,5
54,2,1,0,-0.003619780298322439,0,5
54,3,1,0,-0.003794541349634528,0,5
54,4,1,0,-0.00415318226441741,0,5
54,5,1,0,-0.004278114996850491,0,5
54,6,1,0,-0.004278114996850491,0,5
54,7,1,0,-0.004278114996850491,0,5
54,8,1,0,-0.004278114996850491,0,5
54,9,1,0,-0.004278114996850491,0,5
54,10,1,0,-0.004278114996850491,0,5
54,11,1,0,-0.004278114996850491,0,5
54,12,1,0,-0.004278114996850491,0,5
54,13,1,0,-0.004278114996850491,0,5
54,14,1,0,-0.004278114996850491,0,5
54,15,1,0,-0.004278114996850491,0,5
54,16,1,0,-0.004278114996850491,0,5
54,17,1,0,-0.004278114996850491,0,5
54,18,1,0,-0.004278114996850491,0,5
54,19,1,0,-0.004278114996850491,0,5
54,20,1,0,-0.004278114996850491,0,5
54,21,1,0,-0.004278114996850491,0,5
54,22,1,0,-0.004278114996850491,0,5
54,23,1,0,-0.004278114996850491,0,5
54,24,1,0,-0.004278114996850491,0,5
54,25,1,0,-0.004278114996850491,0,5
54,26,1,0,-0.004278114996850491,0,5
54,27,1,0,-0.004278114996850491,0,5
54,28,1,0,-0.004278114996850491,0,5
54,29,1,0,-0.004278114996850491,0,5
54,30,1,0,-0.004278114996850491,0,5
54,31,1,0,-0.004278114996850491,0,5
54,32,1,0,-0.004278114996850491,0,5
54,33,1,0,-0.004278114996850491,0,5
54,34,1,0,-0.004278114996850491,0,5
54,35,1,0,-0.004278114996850491,0,5
54,36,1,0,-0.004278114996850491,0,5
54,37,1,0,-0.004278114996850491,0,5
54,38,1,0,-0.004278114996850491,0,5
54,39,1,0,-0.004278114996850491,0,5
54,40,1,0,-0.004278114996850491,0,5
54,41,1,0,-0.004278114996850491,0,5
54,42,1,0,-0.004278114996850491,0,5
54,43,1,0,-0.004278114996850491,0,5
54,44,1,0,-0.004278114996850491,0,5
54,45,1,0,-0.004278114996850491,0,5
54,46,1,0,-0.004278114996850491,0,5
54,47,1,0,-0.004278114996850491,0,5
54,48,1,0,-0.004278114996850491,0,5
54,49,1,0,-0.004278114996850491,0,5
54,50,1,0,-0.004278114996850491,0,5
54,51,1,0,-0.004278114996850491,0,5
54,52,1,0,-0.004278114996850491,0,5
54,53,1,0,-0.004278114996850491,0,5
54,54,1,0,-0.004278114996850491,0,5
54,55,1,0,-0.004278114996850491,0,5
54,56,1,0,-0.004278114996850491,0,5
54,57,1,0,-0.004278114996850491,0,5
54,58,1,0,-0.004278114996850491,0,5
54,59,1,0,-0.004278114996850491,0,5
54,60,1,0,-0.004278114996850491,0,5
54,61,1,0,-0.004278114996850491,0,5
54,62,1,0,-0.004278114996850491,0,5
54,63,1,0,-0.004278114996850491,0,5
54,64,1,0,-0.004278114996850491,0,5
54,65,1,0,-0.004278114996850491,0,5
54,66,1,0,-0.004278114996850491,0,5
54,67,1,0,-0.004278114996850491,0,5
54,68,1,0,-0.004278114996850491,0,5
54,69,1,0,-0.004278114996850491,0,5
54,70,1,0,-0.004278114996850491,0,5
54,71,1,0,-0.004278114996850491,0,5
54,72,1,0,-0.004278114996850491,0,5
54,73,1,0,-0.004278114996850491,0,5
54,74,1,0,-0.004278114996850491,0,5
54,75,1,0,-0.004278114996850491,0,5
54,76,1,0,-0.004278114996850491,0,5
54,77,1,0,-0.004278114996850491,0,5
54,78,1,0,-0.004278114996850491,0,5
54,79,1,0,-0.004278114996850491,0,5
54,80,1,0,-0.004278114996850491,0,5
54,81,1,0,-0.004278114996850491,0,5
54,82,1,0,-0.004278114996850491,0,5
54,83,1,0,-0.004278114996850491,0,5
54,84,1,0,-0.004278114996850491,0,5
54,85,1,0,-0.004278114996850491,0,5
54,86,1,0,-0.004278114996850491,0,5
54,87,1,0,-0.004278114996850491,0,5
54,88,1,0,-0.004278114996850491,0,5
54,89,1,0,-0.004278114996850491,0,5
54,90,1,0,-0.004278114996850491,0,5
54,91,1,0,-0.004278114996850491,0,5
54,92,1,0,-0.004278114996850491,0,5
54,93,1,0,-0.004278114996850491,0,5
54,94,1,0,-0.004278114996850491,0,5
54,95,1,0,-0.004278114996850491,0,5
54,96,1,0,-0.004278114996850491,0,5
54,97,1,0,-0.004278114996850491,0,5
54,98,1,0,-0.004278114996850491,0,5
54,99,1,0,-0.004278114996850491,0,5
54,100,1,0,-0.004278114996850491,0,5
55,1,1,1,0.004487539175897837,1,7
55,2,1,1,0.022121064364910126,1,7
55,3,1,1,0.022655589506030083,1,7
55,4,1,1,0.022306010127067566,1,7
55,5,1,1,0.02255845069885254,1,7
55,6,1,1,0.022132210433483124,1,7
55,7,1,1,0.022719349712133408,1,7
55,8,1,1,0.022719349712133408,1,7
55,9,1,1,0.022719349712133408,1,7
55,10,1,1,0.022719349712133408,1,7
55,11,1,1,0.022719349712133408,1,7
55,12,1,1,0.022719349712133408,1,7
55,13,1,1,0.022719349712133408,1,7
55,14,1,1,0.022719349712133408,1,7
55,15,1,1,0.022719349712133408,1,7
55,16,1,1,0.022719349712133408,1,7
55,17,1,1,0.022719349712133408,1,7
55,18,1,1,0.022719349712133408,1,7
55,19,1,1,0.022719349712133408,1,7
55,20,1,1,0.022719349712133408,1,7
55,21,1,1,0.022719349712133408,1,7
55,22,1,1,0.022719349712133408,1,7
55,23,1,1,0.022719349712133408,1,7
55,24,1,1,0.022719349712133408,1,7
55,25,1,1,0.022719349712133408,1,7
55,26,1,1,0.022719349712133408,1,7
55,27,1,1,0.022719349712133408,1,7
55,28,1,1,0.022719349712133408,1,7
55,29,1,1,0.022719349712133408,1,7
55,30,1,1,0.022719349712133408,1,7
55,31,1,1,0.022719349712133408,1,7
55,32,1,1,0.022719349712133408,1,7
55,33,1,1,0.022719349712133408,1,7
55,34,1,1,0.022719349712133408,1,7
55,35,1,1,0.022719349712133408,1,7
55,36,1,1,0.022719349712133408,1,7
55,37,1,1,0.022719349712133408,1,7
55,38,1,1,0.022719349712133408,1,7
55,39,1,1,0.022719349712133408,1,7
55,40,1,1,0.022719349712133408,1,7
55,41,1,1,0.022719349712133408,1,7
55,42,1,1,0.022719349712133408,1,7
55,43,1,1,0.022719349712133408,1,7
55,44,1,1,0.022719349712133408,1,7
55,45,1,1,0.022719349712133408,1,7
55,46,1,1,0.022719349712133408,1,7
55,47,1,1,0.022719349712133408,1,7
55,48,1,1,0.022719349712133408,1,7
55,49,1,1,0.022719349712133408,1,7
55,50,1,1,0.022719349712133408,1,7
55,51,1,1,0.022719349712133408,1,7
55,52,1,1,0.022719349712133408,1,7
55,53,1,1,0.022719349712133408,1,7
55,54,1,1,0.022719349712133408,1,7
55,55,1,1,0.022719349712133408,1,7
55,56,1,1,0.022719349712133408,1,7
55,57,1,1,0.022719349712133408,1,7
55,58,1,1,0.022719349712133408,1,7
55,59,1,1,0.022719349712133408,1,7
55,60,1,1,0.022719349712133408,1,7
55,61,1,1,0.022719349712133408,1,7
55,62,1,1,0.022719349712133408,1,7
55,63,1,1,0.022719349712133408,1,7
55,64,1,1,0.022719349712133408,1,7
55,65,1,1,0.022719349712133408,1,7
55,66,1,1,0.022719349712133408,1,7
55,67,1,1,0.022719349712133408,1,7
55,68,1,1,0.022719349712133408,1,7
55,69,1,1,0.022719349712133408,1,7
55,70,1,1,0.022719349712133408,1,7
55,71,1,1,0.022719349712133408,1,7
55,72,1,1,0.022719349712133408,1,7
55,73,1,1,0.022719349712133408,1,7
55,74,1,1,0.022719349712133408,1,7
55,75,1,1,0.022719349712133408,1,7
55,76,1,1,0.022719349712133408,1,7
55,77,1,1,0.022719349712133408,1,7
55,78,1,1,0.022719349712133408,1,7
55,79,1,1,0.022719349712133408,1,7
55,80,1,1,0.022719349712133408,1,7
55,81,1,1,0.022719349712133408,1,7
55,82,1,1,0.022719349712133408,1,7
55,83,1,1,0.022719349712133408,1,7
55,84,1,1,0.022719349712133408,1,7
55,85,1,1,0.022719349712133408,1,7
55,86,1,1,0.022719349712133408,1,7
55,87,1,1,0.022719349712133408,1,7
55,88,1,1,0.022719349712133408,1,7
55,89,1,1,0.022719349712133408,1,7
55,90,1,1,0.022719349712133408,1,7
55,91,1,1,0.022719349712133408,1,7
55,92,1,1,0.022719349712133408,1,7
55,93,1,1,0.022719349712133408,1,7
55,94,1,1,0.022719349712133408,1,7
55,95,1,1,0.022719349712133408,1,7
55,96,1,1,0.022719349712133408,1,7
55,97,1,1,0.022719349712133408,1,7
55,98,1,1,0.022719349712133408,1,7
55,99,1,1,0.022719349712133408,1,7
55,100,1,1,0.022719349712133408,1,7
56,1,1,1,0.002215985208749771,1,7
56,2,1,1,0.006337443366646767,1,7
56,3,1,1,0.006354154087603092,1,7
56,4,1,1,0.005896568764001131,1,7
56,5,1,1,0.006414495874196291,1,7
56,6,1,1,0.006825110875070095,1,7
56,7,1,1,0.006960583850741386,1,7
56,8,1,1,0.006960583850741386,1,7
56,9,1,1,0.006960583850741386,1,7
56,10,1,1,0.006960583850741386,1,7
56,11,1,1,0.006960583850741386,1,7
56,12,1,1,0.006960583850741386,1,7
56,13,1,1,0.006960583850741386,1,7
56,14,1,1,0.006960583850741386,1,7
56,15,1,1,0.006960583850741386,1,7
56,16,1,1,0.006960583850741386,1,7
56,17,1,1,0.006960583850741386,1,7
56,18,1,1,0.006960583850741386,1,7
56,19,1,1,0.006960583850741386,1,7
56,20,1,1,0.006960583850741386,1,7
56,21,1,1,0.006960583850741386,1,7
56,22,1,1,0.006960583850741386,1,7
56,23,1,1,0.006960583850741386,1,7
56,24,1,1,0.006960583850741386,1,7
56,25,1,1,0.006960583850741386,1,7
56,26,1,1,0.006960583850741386,1,7
56,27,1,1,0.006960583850741386,1,7
56,28,1,1,0.006960583850741386,1,7
56,29,1,1,0.006960583850741386,1,7
56,30,1,1,0.006960583850741386,1,7
56,31,1,1,0.006960583850741386,1,7
56,32,1,1,0.006960583850741386,1,7
56,33,1,1,0.006960583850741386,1,7
56,34,1,1,0.006960583850741386,1,7
56,35,1,1,0.006960583850741386,1,7
56,36,1,1,0.006960583850741386,1,7
56,37,1,1,0.006960583850741386,1,7
56,38,1,1,0.006960583850741386,1,7
56,39,1,1,0.006960583850741386,1,7
56,40,1,1,0.006960583850741386,1,7
56,41,1,1,0.006960583850741386,1,7
56,42,1,1,0.006960583850741386,1,7
56,43,1,1,0.006960583850741386,1,7
56,44,1,1,0.006960583850741386,1,7
56,45,1,1,0.006960583850741386,1,7
56,46,1,1,0.006960583850741386,1,7
56,47,1,1,0.006960583850741386,1,7
56,48,1,1,0.006960583850741386,1,7
56,49,1,1,0.006960583850741386,1,7
56,50,1,1,0.006960583850741386,1,7
56,51,1,1,0.006960583850741386,1,7
56,52,1,1,0.006960583850741386,1,7
56,53,1,1,0.006960583850741386,1,7
56,54,1,1,0.006960583850741386,1,7
56,55,1,1,0.006960583850741386,1,7
56,56,1,1,0.006960583850741386,1,7
56,57,1,1,0.006960583850741386,1,7
56,58,1,1,0.006960583850741386,1,7
56,59,1,1,0.006960583850741386,1,7
56,60,1,1,0.006960583850741386,1,7
56,61,1,1,0.006960583850741386,1,7
56,62,1,1,0.006960583850741386,1,7
56,63,1,1,0.006960583850741386,1,7
56,64,1,1,0.006960583850741386,1,7
56,65,1,1,0.006960583850741386,1,7
56,66,1,1,0.006960583850741386,1,7
56,67,1,1,0.006960583850741386,1,7
56,68,1,1,0.006960583850741386,1,7
56,69,1,1,0.006960583850741386,1,7
56,70,1,1,0.006960583850741386,1,7
56,71,1,1,0.006960583850741386,1,7
56,72,1,1,0.006960583850741386,1,7
56,73,1,1,0.006960583850741386,1,7
56,74,1,1,0.006960583850741386,1,7
56,75,1,1,0.006960583850741386,1,7
56,76,1,1,0.006960583850741386,1,7
56,77,1,1,0.006960583850741386,1,7
56,78,1,1,0.006960583850741386,1,7
56,79,1,1,0.006960583850741386,1,7
56,80,1,1,0.006960583850741386,1,7
56,81,1,1,0.006960583850741386,1,7
56,82,1,1,0.006960583850741386,1,7
56,83,1,1,0.006960583850741386,1,7
56,84,1,1,0.006960583850741386,1,7
56,85,1,1,0.006960583850741386,1,7
56,86,1,1,0.006960583850741386,1,7
56,87,1,1,0.006960583850741386,1,7
56,88,1,1,0.006960583850741386,1,7
56,89,1,1,0.006960583850741386,1,7
56,90,1,1,0.006960583850741386,1,7
56,91,1,1,0.006960583850741386,1,7
56,92,1,1,0.006960583850741386,1,7
56,93,1,1,0.006960583850741386,1,7
56,94,1,1,0.006960583850741386,1,7
56,95,1,1,0.006960583850741386,1,7
56,96,1,1,0.006960583850741386,1,7
56,97,1,1,0.006960583850741386,1,7
56,98,1,1,0.006960583850741386,1,7
56,99,1,1,0.006960583850741386,1,7
56,100,1,1,0.006960583850741386,1,7
57,1,1,0,-0.0036905270535498857,0,6
57,2,1,0,-0.004169431980699301,0,6
57,3,1,0,-0.0033739281352609396,0,6
57,4,1,0,-0.00307242339476943,0,6
57,5,1,0,-0.0031862978357821703,0,6
57,6,1,0,-0.0027919053100049496,0,6
57,7,1,0,-0.0027919053100049496,0,6
57,8,1,0,-0.0027919053100049496,0,6
57,9,1,0,-0.0027919053100049496,0,6
57,10,1,0,-0.0027919053100049496,0,6
57,11,1,0,-0.0027919053100049496,0,6
57,12,1,0,-0.0027919053100049496,0,6
57,13,1,0,-0.0027919053100049496,0,6
57,14,1,0,-0.0027919053100049496,0,6
57,15,1,0,-0.0027919053100049496,0,6
57,16,1,0,-0.0027919053100049496,0,6
57,17,1,0,-0.0027919053100049496,0,6
57,18,1,0,-0.0027919053100049496,0,6
57,19,1,0,-0.0027919053100049496,0,6
57,20,1,0,-0.0027919053100049496,0,6
57,21,1,0,-0.0027919053100049496,0,6
57,22,1,0,-0.0027919053100049496,0,6
57,23,1,0,-0.0027919053100049496,0,6
57,24,1,0,-0.0027919053100049496,0,6
57,25,1,0,-0.0027919053100049496,0,6
57,26,1,0,-0.0027919053100049496,0,6
57,27,1,0,-0.0027919053100049496,0,6
57,28,1,0,-0.0027919053100049496,0,6
57,29,1,0,-0.0027919053100049496,0,6
57,30,1,0,-0.0027919053100049496,0,6
57,31,1,0,-0.0027919053100049496,0,6
57,32,1,0,-0.0027919053100049496,0,6
57,33,1,0,-0.0027919053100049496,0,6
57,34,1,0,-0.0027919053100049496,0,6
57,35,1,0,-0.0027919053100049496,0,6
57,36,1,0,-0.0027919053100049496,0,6
57,37,1,0,-0.0027919053100049496,0,6
57,38,1,0,-0.0027919053100049496,0,6
57,39,1,0,-0.0027919053100049496,0,6
57,40,1,0,-0.0027919053100049496,0,6
57,41,1,0,-0.0027919053100049496,0,6
57,42,1,0,-0.0027919053100049496,0,6
57,43,1,0,-0.0027919053100049496,0,6
57,44,1,0,-0.0027919053100049496,0,6
57,45,1,0,-0.0027919053100049496,0,6
57,46,1,0,-0.0027919053100049496,0,6
57,47,1,0,-0.0027919053100049496,0,6
57,48,1,0,-0.0027919053100049496,0,6
57,49,1,0,-0.0027919053100049496,0,6
57,50,1,0,-0.0027919053100049496,0,6
57,51,1,0,-0.0027919053100049496,0,6
57,52,1,0,-0.0027919053100049496,0,6
57,53,1,0,-0.0027919053100049496,0,6
57,54,1,0,-0.0027919053100049496,0,6
57,55,1,0,-0.0027919053100049496,0,6
57,56,1,0,-0.0027919053100049496,0,6
57,57,1,0,-0.0027919053100049496,0,6
57,58,1,0,-0.0027919053100049496,0,6
57,59,1,0,-0.0027919053100049496,0,6
57,60,1,0,-0.0027919053100049496,0,6
57,61,1,0,-0.0027919053100049496,0,6
57,62,1,0,-0.0027919053100049496,0,6
57,63,1,0,-0.0027919053100049496,0,6
57,64,1,0,-0.0027919053100049496,0,6
57,65,1,0,-0.0027919053100049496,0,6
57,66,1,0,-0.0027919053100049496,0,6
57,67,1,0,-0.0027919053100049496,0,6
57,68,1,0,-0.0027919053100049496,0,6
57,69,1,0,-0.0027919053100049496,0,6
57,70,1,0,-0.0027919053100049496,0,6
57,71,1,0,-0.0027919053100049496,0,6
57,72,1,0,-0.0027919053100049496,0,6
57,73,1,0,-0.0027919053100049496,0,6
57,74,1,0,-0.0027919053100049496,0,6
57,75,1,0,-0.0027919053100049496,0,6
57,76,1,0,-0.0027919053100049496,0,6
57,77,1,0,-0.0027919053100049496,0,6
57,78,1,0,-0.0027919053100049496,0,6
57,79,1,0,-0.0027919053100049496,0,6
57,80,1,0,-0.0027919053100049496,0,6
57,81,1,0,-0.0027919053100049496,0,6
57,82,1,0,-0.0027919053100049496,0,6
57,83,1,0,-0.0027919053100049496,0,6
57,84,1,0,-0.0027919053100049496,0,6
57,85,1,0,-0.0027919053100049496,0,6
57,86,1,0,-0.0027919053100049496,0,6
57,87,1,0,-0.0027919053100049496,0,6
57,88,1,0,-0.0027919053100049496,0,6
57,89,1,0,-0.0027919053100049496,0,6
57,90,1,0,-0.0027919053100049496,0,6
57,91,1,0,-0.0027919053100049496,0,6
57,92,1,0,-0.0027919053100049496,0,6
57,93,1,0,-0.0027919053100049496,0,6
57,94,1,0,-0.0027919053100049496,0,6
57,95,1,0,-0.0027919053100049496,0,6
57,96,1,0,-0.0027919053100049496,0,6
57,97,1,0,-0.0027919053100049496,0,6
57,98,1,0,-0.0027919053100049496,0,6
57,99,1,0,-0.0027919053100049496,0,6
57,100,1,0,-0.0027919053100049496,0,6
58,1,1,0,-0.0036905270535498857,0,6
58,2,1,0,-0.0035247732885181904,0,6
58,3,1,0,-0.0037727435119450092,0,6
58,4,1,0,-0.0037583191879093647,0,6
58,5,1,0,-0.003932270221412182,0,6
58,6,1,0,-0.003583377692848444,0,6
58,7,1,0,-0.003583377692848444,0,6
58,8,1,0,-0.003583377692848444,0,6
58,9,1,0,-0.003583377692848444,0,6
58,10,1,0,-0.003583377692848444,0,6
58,11,1,0,-0.003583377692848444,0,6
58,12,1,0,-0.003583377692848444,0,6
58,13,1,0,-0.003583377692848444,0,6
58,14,1,0,-0.003583377692848444,0,6
58,15,1,0,-0.003583377692848444,0,6
58,16,1,0,-0.003583377692848444,0,6
58,17,1,0,-0.003583377692848444,0,6
58,18,1,0,-0.003583377692848444,0,6
58,19,1,0,-0.003583377692848444,0,6
58,20,1,0,-0.003583377692848444,0,6
58,21,1,0,-0.003583377692848444,0,6
58,22,1,0,-0.003583377692848444,0,6
58,23,1,0,-0.003583377692848444,0,6
58,24,1,0,-0.003583377692848444,0,6
58,25,1,0,-0.003583377692848444,0,6
58,26,1,0,-0.003583377692848444,0,6
58,27,1,0,-0.003583377692848444,0,6
58,28,1,0,-0.003583377692848444,0,6
58,29,1,0,-0.003583377692848444,0,6
58,30,1,0,-0.003583377692848444,0,6
58,31,1,0,-0.003583377692848444,0,6
58,32,1,0,-0.003583377692848444,0,6
58,33,1,0,-0.003583377692848444,0,6
58,34,1,0,-0.003583377692848444,0,6
58,35,1,0,-0.003583377692848444,0,6
58,36,1,0,-0.003583377692848444,0,6
58,37,1,0,-0.003583377692848444,0,6
58,38,1,0,-0.003583377692848444,0,6
58,39,1,0,-0.003583377692848444,0,6
58,40,1,0,-0.003583377692848444,0,6
58,41,1,0,-0.003583377692848444,0,6
58,42,1,0,-0.003583377692848444,0,6
58,43,1,0,-0.003583377692848444,0,6
58,44,1,0,-0.003583377692848444,0,6
58,45,1,0,-0.003583377692848444,0,6
58,46,1,0,-0.003583377692848444,0,6
58,47,1,0,-0.003583377692848444,0,6
58,48,1,0,-0.003583377692848444,0,6
58,49,1,0,-0.003583377692848444,0,6
58,50,1,0,-0.003583377692848444,0,6
58,51,1,0,-0.003583377692848444,0,6
58,52,1,0,-0.003583377692848444,0,6
58,53,1,0,-0.003583377692848444,0,6
58,54,1,0,-0.003583377692848444,0,6
58,55,1,0,-0.003583377692848444,0,6
58,56,1,0,-0.003583377692848444,0,6
58,57,1,0,-0.003583377692848444,0,6
58,58,1,0,-0.003583377692848444,0,6
58,59,1,0,-0.003583377692848444,0,6
58,60,1,0,-0.003583377692848444,0,6
58,61,1,0,-0.003583377692848444,0,6
58,62,1,0,-0.003583377692848444,0,6
58,63,1,0,-0.003583377692848444,0,6
58,64,1,0,-0.003583377692848444,0,6
58,65,1,0,-0.003583377692848444,0,6
58,66,1,0,-0.003583377692848444,0,6
58,67,1,0,-0.003583377692848444,0,6
58,68,1,0,-0.003583377692848444,0,6
58,69,1,0,-0.003583377692848444,0,6
58,70,1,0,-0.003583377692848444,0,6
58,71,1,0,-0.003583377692848444,0,6
58,72,1,0,-0.003583377692848444,0,6
58,73,1,0,-0.003583377692848444,0,6
58,74,1,0,-0.003583377692848444,0,6
58,75,1,0,-0.003583377692848444,0,6
58,76,1,0,-0.003583377692848444,0,6
58,77,1,0,-0.003583377692848444,0,6
58,78,1,0,-0.003583377692848444,0,6
58,79,1,0,-0.003583377692848444,0,6
58,80,1,0,-0.003583377692848444,0,6
58,81,1,0,-0.003583377692848444,0,6
58,82,1,0,-0.003583377692848444,0,6
58,83,1,0,-0.003583377692848444,0,6
58,84,1,0,-0.003583377692848444,0,6
58,85,1,0,-0.003583377692848444,0,6
58,86,1,0,-0.003583377692848444,0,6
58,87,1,0,-0.003583377692848444,0,6
58,88,1,0,-0.003583377692848444,0,6
58,89,1,0,-0.003583377692848444,0,6
58,90,1,0,-0.003583377692848444,0,6
58,91,1,0,-0.003583377692848444,0,6
58,92,1,0,-0.003583377692848444,0,6
58,93,1,0,-0.003583377692848444,0,6
58,94,1,0,-0.003583377692848444,0,6
58,95,1,0,-0.003583377692848444,0,6
58,96,1,0,-0.003583377692848444,0,6
58,97,1,0,-0.003583377692848444,0,6
58,98,1,0,-0.003583377692848444,0,6
58,99,1,0,-0.003583377692848444,0,6
58,100,1,0,-0.003583377692848444,0,6
59,1,0,0,-0.0035374120343476534,1,8
59,2,0,0,-0.004625874571502209,1,8
59,3,0,0,-0.0050443666987121105,1,8
59,4,0,0,-0.005492487922310829,1,8
59,5,0,0,-0.0057290359400212765,1,8
59,6,0,0,-0.005457267630845308,1,8
59,7,0,0,-0.005638673435896635,1,8
59,8,0,0,-0.006160466931760311,1,8
59,9,0,0,-0.006160466931760311,1,8
59,10,0,0,-0.006160466931760311,1,8
59,11,0,0,-0.006160466931760311,1,8
59,12,0,0,-0.006160466931760311,1,8
59,13,0,0,-0.006160466931760311,1,8
59,14,0,0,-0.006160466931760311,1,8
59,15,0,0,-0.006160466931760311,1,8
59,16,0,0,-0.006160466931760311,1,8
59,17,0,0,-0.006160466931760311,1,8
59,18,0,0,-0.006160466931760311,1,8
59,19,0,0,-0.006160466931760311,1,8
59,20,0,0,-0.006160466931760311,1,8
59,21,0,0,-0.006160466931760311,1,8
59,22,0,0,-0.006160466931760311,1,8
59,23,0,0,-0.006160466931760311,1,8
59,24,0,0,-0.006160466931760311,1,8
59,25,0,0,-0.006160466931760311,1,8
59,26,0,0,-0.006160466931760311,1,8
59,27,0,0,-0.006160466931760311,1,8
59,28,0,0,-0.006160466931760311,1,8
59,29,0,0,-0.006160466931760311,1,8
59,30,0,0,-0.006160466931760311,1,8
59,31,0,0,-0.006160466931760311,1,8
59,32,0,0,-0.006160466931760311,1,8
59,33,0,0,-0.006160466931760311,1,8
59,34,0,0,-0.006160466931760311,1,8
59,35,0,0,-0.006160466931760311,1,8
59,36,0,0,-0.006160466931760311,1,8
59,37,0,0,-0.006160466931760311,1,8
59,38,0,0,-0.006160466931760311,1,8
59,39,0,0,-0.006160466931760311,1,8
59,40,0,0,-0.006160466931760311,1,8
59,41,0,0,-0.006160466931760311,1,8
59,42,0,0,-0.006160466931760311,1,8
59,43,0,0,-0.006160466931760311,1,8
59,44,0,0,-0.006160466931760311,1,8
59,45,0,0,-0.006160466931760311,1,8
59,46,0,0,-0.006160466931760311,1,8
59,47,0,0,-0.006160466931760311,1,8
59,48,0,0,-0.006160466931760311,1,8
59,49,0,0,-0.006160466931760311,1,8
59,50,0,0,-0.006160466931760311,1,8
59,51,0,0,-0.006160466931760311,1,8
59,52,0,0,-0.006160466931760311,1,8
59,53,0,0,-0.006160466931760311,1,8
59,54,0,0,-0.006160466931760311,1,8
59,55,0,0,-0.006160466931760311,1,8
59,56,0,0,-0.006160466931760311,1,8
59,57,0,0,-0.006160466931760311,1,8
59,58,0,0,-0.006160466931760311,1,8
59,59,0,0,-0.006160466931760311,1,8
59,60,0,0,-0.006160466931760311,1,8
59,61,0,0,-0.006160466931760311,1,8
59,62,0,0,-0.006160466931760311,1,8
59,63,0,0,-0.006160466931760311,1,8
59,64,0,0,-0.006160466931760311,1,8
59,65,0,0,-0.006160466931760311,1,8
59,66,0,0,-0.006160466931760311,1,8
59,67,0,0,-0.006160466931760311,1,8
59,68,0,0,-0.006160466931760311,1,8
59,69,0,0,-0.006160466931760311,1,8
59,70,0,0,-0.006160466931760311,1,8
59,71,0,0,-0.006160466931760311,1,8
59,72,0,0,-0.006160466931760311,1,8
59,73,0,0,-0.006160466931760311,1,8
59,74,0,0,-0.006160466931760311,1,8
59,75,0,0,-0.006160466931760311,1,8
59,76,0,0,-0.006160466931760311,1,8
59,77,0,0,-0.006160466931760311,1,8
59,78,0,0,-0.006160466931760311,1,8
59,79,0,0,-0.006160466931760311,1,8
59,80,0,0,-0.006160466931760311,1,8
59,81,0,0,-0.006160466931760311,1,8
59,82,0,0,-0.006160466931760311,1,8
59,83,0,0,-0.006160466931760311,1,8
59,84,0,0,-0.006160466931760311,1,8
59,85,0,0,-0.006160466931760311,1,8
59,86,0,0,-0.006160466931760311,1,8
59,87,0,0,-0.006160466931760311,1,8
59,88,0,0,-0.006160466931760311,1,8
59,89,0,0,-0.006160466931760311,1,8
59,90,0,0,-0.006160466931760311,1,8
59,91,0,0,-0.006160466931760311,1,8
59,92,0,0,-0.006160466931760311,1,8
59,93,0,0,-0.006160466931760311,1,8
59,94,0,0,-0.006160466931760311,1,8
59,95,0,0,-0.006160466931760311,1,8
59,96,0,0,-0.006160466931760311,1,8
59,97,0,0,-0.006160466931760311,1,8
59,98,0,0,-0.006160466931760311,1,8
59,99,0,0,-0.006160466931760311,1,8
59,100,0,0,-0.006160466931760311,1,8
60,1,0,0,-0.001246485742740333,1,12
60,2,0,0,-0.001070633763447404,1,12
60,3,0,0,-0.0005999236600473523,1,12
60,4,0,0,-0.0002033653436228633,1,12
60,5,0,1,0.000381052668672055,0,12
60,6,0,1,0.0002457053051330149,0,12
60,7,0,0,-3.705098060891032e-05,1,12
60,8,0,0,-0.0005795874167233706,1,12
60,9,0,1,0.0003670104197226465,0,12
60,10,0,1,0.0002906312874983996,0,12
60,11,0,1,0.0002486743906047195,0,12
60,12,0,1,0.0012585357762873173,0,12
60,13,0,1,0.0012585357762873173,0,12
60,14,0,1,0.0012585357762873173,0,12
60,15,0,1,0.0012585357762873173,0,12
60,16,0,1,0.0012585357762873173,0,12
60,17,0,1,0.0012585357762873173,0,12
60,18,0,1,0.0012585357762873173,0,12
60,19,0,1,0.0012585357762873173,0,12
60,20,0,1,0.0012585357762873173,0,12
60,21,0,1,0.0012585357762873173,0,12
60,22,0,1,0.0012585357762873173,0,12
60,23,0,1,0.0012585357762873173,0,12
60,24,0,1,0.0012585357762873173,0,12
60,25,0,1,0.0012585357762873173,0,12
60,26,0,1,0.0012585357762873173,0,12
60,27,0,1,0.0012585357762873173,0,12
60,28,0,1,0.0012585357762873173,0,12
60,29,0,1,0.0012585357762873173,0,12
60,30,0,1,0.0012585357762873173,0,12
60,31,0,1,0.0012585357762873173,0,12
60,32,0,1,0.0012585357762873173,0,12
60,33,0,1,0.0012585357762873173,0,12
60,34,0,1,0.0012585357762873173,0,12
60,35,0,1,0.0012585357762873173,0,12
60,36,0,1,0.0012585357762873173,0,12
60,37,0,1,0.0012585357762873173,0,12
60,38,0,1,0.0012585357762873173,0,12
60,39,0,1,0.0012585357762873173,0,12
60,40,0,1,0.0012585357762873173,0,12
60,41,0,1,0.0012585357762873173,0,12
60,42,0,1,0.0012585357762873173,0,12
60,43,0,1,0.0012585357762873173,0,12
60,44,0,1,0.0012585357762873173,0,12
60,45,0,1,0.0012585357762873173,0,12
60,46,0,1,0.0012585357762873173,0,12
60,47,0,1,0.0012585357762873173,0,12
60,48,0,1,0.0012585357762873173,0,12
60,49,0,1,0.0012585357762873173,0,12
60,50,0,1,0.0012585357762873173,0,12
60,51,0,1,0.0012585357762873173,0,12
60,52,0,1,0.0012585357762873173,0,12
60,53,0,1,0.0012585357762873173,0,12
60,54,0,1,0.0012585357762873173,0,12
60,55,0,1,0.0012585357762873173,0,12
60,56,0,1,0.0012585357762873173,0,12
60,57,0,1,0.0012585357762873173,0,12
60,58,0,1,0.0012585357762873173,0,12
60,59,0,1,0.0012585357762873173,0,12
60,60,0,1,0.0012585357762873173,0,12
60,61,0,1,0.0012585357762873173,0,12
60,62,0,1,0.0012585357762873173,0,12
60,63,0,1,0.0012585357762873173,0,12
60,64,0,1,0.0012585357762873173,0,12
60,65,0,1,0.0012585357762873173,0,12
60,66,0,1,0.0012585357762873173,0,12
60,67,0,1,0.0012585357762873173,0,12
60,68,0,1,0.0012585357762873173,0,12
60,69,0,1,0.0012585357762873173,0,12
60,70,0,1,0.0012585357762873173,0,12
60,71,0,1,0.0012585357762873173,0,12
60,72,0,1,0.0012585357762873173,0,12
60,73,0,1,0.0012585357762873173,0,12
60,74,0,1,0.0012585357762873173,0,12
60,75,0,1,0.0012585357762873173,0,12
60,76,0,1,0.0012585357762873173,0,12
60,77,0,1,0.0012585357762873173,0,12
60,78,0,1,0.0012585357762873173,0,12
60,79,0,1,0.0012585357762873173,0,12
60,80,0,1,0.0012585357762873173,0,12
60,81,0,1,0.0012585357762873173,0,12
60,82,0,1,0.0012585357762873173,0,12
60,83,0,1,0.0012585357762873173,0,12
60,84,0,1,0.0012585357762873173,0,12
60,85,0,1,0.0012585357762873173,0,12
60,86,0,1,0.0012585357762873173,0,12
60,87,0,1,0.0012585357762873173,0,12
60,88,0,1,0.0012585357762873173,0,12
60,89,0,1,0.0012585357762873173,0,12
60,90,0,1,0.0012585357762873173,0,12
60,91,0,1,0.0012585357762873173,0,12
60,92,0,1,0.0012585357762873173,0,12
60,93,0,1,0.0012585357762873173,0,12
60,94,0,1,0.0012585357762873173,0,12
60,95,0,1,0.0012585357762873173,0,12
60,96,0,1,0.0012585357762873173,0,12
60,97,0,1,0.0012585357762873173,0,12
60,98,0,1,0.0012585357762873173,0,12
60,99,0,1,0.0012585357762873173,0,12
60,100,0,1,0.0012585357762873173,0,12
61,1,0,0,-0.004660448059439659,1,7
61,2,0,0,-0.0038300107698887587,1,7
61,3,0,0,-0.0033593005500733852,1,7
61,4,0,0,-0.0022098408080637455,1,7
61,5,0,0,-0.0024823397397994995,1,7
61,6,0,0,-0.002478749491274357,1,7
61,7,0,0,-0.001855132170021534,1,7
61,8,0,0,-0.001855132170021534,1,7
61,9,0,0,-0.001855132170021534,1,7
61,10,0,0,-0.001855132170021534,1,7
61,11,0,0,-0.001855132170021534,1,7
61,12,0,0,-0.001855132170021534,1,7
61,13,0,0,-0.001855132170021534,1,7
61,14,0,0,-0.001855132170021534,1,7
61,15,0,0,-0.001855132170021534,1,7
61,16,0,0,-0.001855132170021534,1,7
61,17,0,0,-0.001855132170021534,1,7
61,18,0,0,-0.001855132170021534,1,7
61,19,0,0,-0.001855132170021534,1,7
61,20,0,0,-0.001855132170021534,1,7
61,21,0,0,-0.001855132170021534,1,7
61,22,0,0,-0.001855132170021534,1,7
61,23,0,0,-0.001855132170021534,1,7
61,24,0,0,-0.001855132170021534,1,7
61,25,0,0,-0.001855132170021534,1,7
61,26,0,0,-0.001855132170021534,1,7
61,27,0,0,-0.001855132170021534,1,7
61,28,0,0,-0.001855132170021534,1,7
61,29,0,0,-0.001855132170021534,1,7
61,30,0,0,-0.001855132170021534,1,7
61,31,0,0,-0.001855132170021534,1,7
61,32,0,0,-0.001855132170021534,1,7
61,33,0,0,-0.001855132170021534,1,7
61,34,0,0,-0.001855132170021534,1,7
61,35,0,0,-0.001855132170021534,1,7
61,36,0,0,-0.001855132170021534,1,7
61,37,0,0,-0.001855132170021534,1,7
61,38,0,0,-0.001855132170021534,1,7
61,39,0,0,-0.001855132170021534,1,7
61,40,0,0,-0.001855132170021534,1,7
61,41,0,0,-0.001855132170021534,1,7
61,42,0,0,-0.001855132170021534,1,7
61,43,0,0,-0.001855132170021534,1,7
61,44,0,0,-0.001855132170021534,1,7
61,45,0,0,-0.001855132170021534,1,7
61,46,0,0,-0.001855132170021534,1,7
61,47,0,0,-0.001855132170021534,1,7
61,48,0,0,-0.001855132170021534,1,7
61,49,0,0,-0.001855132170021534,1,7
61,50,0,0,-0.001855132170021534,1,7
61,51,0,0,-0.001855132170021534,1,7
61,52,0,0,-0.001855132170021534,1,7
61,53,0,0,-0.001855132170021534,1,7
61,54,0,0,-0.001855132170021534,1,7
61,55,0,0,-0.001855132170021534,1,7
61,56,0,0,-0.001855132170021534,1,7
61,57,0,0,-0.001855132170021534,1,7
61,58,0,0,-0.001855132170021534,1,7
61,59,0,0,-0.001855132170021534,1,7
61,60,0,0,-0.001855132170021534,1,7
61,61,0,0,-0.001855132170021534,1,7
61,62,0,0,-0.001855132170021534,1,7
61,63,0,0,-0.001855132170021534,1,7
61,64,0,0,-0.001855132170021534,1,7
61,65,0,0,-0.001855132170021534,1,7
61,66,0,0,-0.001855132170021534,1,7
61,67,0,0,-0.001855132170021534,1,7
61,68,0,0,-0.001855132170021534,1,7
61,69,0,0,-0.001855132170021534,1,7
61,70,0,0,-0.001855132170021534,1,7
61,71,0,0,-0.001855132170021534,1,7
61,72,0,0,-0.001855132170021534,1,7
61,73,0,0,-0.001855132170021534,1,7
61,74,0,0,-0.001855132170021534,1,7
61,75,0,0,-0.001855132170021534,1,7
61,76,0,0,-0.001855132170021534,1,7
61,77,0,0,-0.001855132170021534,1,7
61,78,0,0,-0.001855132170021534,1,7
61,79,0,0,-0.001855132170021534,1,7
61,80,0,0,-0.001855132170021534,1,7
61,81,0,0,-0.001855132170021534,1,7
61,82,0,0,-0.001855132170021534,1,7
61,83,0,0,-0.001855132170021534,1,7
61,84,0,0,-0.001855132170021534,1,7
61,85,0,0,-0.001855132170021534,1,7
61,86,0,0,-0.001855132170021534,1,7
61,87,0,0,-0.001855132170021534,1,7
61,88,0,0,-0.001855132170021534,1,7
61,89,0,0,-0.001855132170021534,1,7
61,90,0,0,-0.001855132170021534,1,7
61,91,0,0,-0.001855132170021534,1,7
61,92,0,0,-0.001855132170021534,1,7
61,93,0,0,-0.001855132170021534,1,7
61,94,0,0,-0.001855132170021534,1,7
61,95,0,0,-0.001855132170021534,1,7
61,96,0,0,-0.001855132170021534,1,7
61,97,0,0,-0.001855132170021534,1,7
61,98,0,0,-0.001855132170021534,1,7
61,99,0,0,-0.001855132170021534,1,7
61,100,0,0,-0.001855132170021534,1,7
62,1,0,0,-0.001246485742740333,1,6
62,2,0,0,-0.0017102670390158892,1,6
62,3,0,0,-0.002126453211531043,1,6
62,4,0,0,-0.0026952610351145267,1,6
62,5,0,0,-0.0031305451411753893,1,6
62,6,0,0,-0.003560425480827689,1,6
62,7,0,0,-0.003560425480827689,1,6
62,8,0,0,-0.003560425480827689,1,6
62,9,0,0,-0.003560425480827689,1,6
62,10,0,0,-0.003560425480827689,1,6
62,11,0,0,-0.003560425480827689,1,6
62,12,0,0,-0.003560425480827689,1,6
62,13,0,0,-0.003560425480827689,1,6
62,14,0,0,-0.003560425480827689,1,6
62,15,0,0,-0.003560425480827689,1,6
62,16,0,0,-0.003560425480827689,1,6
62,17,0,0,-0.003560425480827689,1,6
62,18,0,0,-0.003560425480827689,1,6
62,19,0,0,-0.003560425480827689,1,6
62,20,0,0,-0.003560425480827689,1,6
62,21,0,0,-0.003560425480827689,1,6
62,22,0,0,-0.003560425480827689,1,6
62,23,0,0,-0.003560425480827689,1,6
62,24,0,0,-0.003560425480827689,1,6
62,25,0,0,-0.003560425480827689,1,6
62,26,0,0,-0.003560425480827689,1,6
62,27,0,0,-0.003560425480827689,1,6
62,28,0,0,-0.003560425480827689,1,6
62,29,0,0,-0.003560425480827689,1,6
62,30,0,0,-0.003560425480827689,1,6
62,31,0,0,-0.003560425480827689,1,6
62,32,0,0,-0.003560425480827689,1,6
62,33,0,0,-0.003560425480827689,1,6
62,34,0,0,-0.003560425480827689,1,6
62,35,0,0,-0.003560425480827689,1,6
62,36,0,0,-0.003560425480827689,1,6
62,37,0,0,-0.003560425480827689,1,6
62,38,0,0,-0.003560425480827689,1,6
62,39,0,0,-0.003560425480827689,1,6
62,40,0,0,-0.003560425480827689,1,6
62,41,0,0,-0.003560425480827689,1,6
62,42,0,0,-0.003560425480827689,1,6
62,43,0,0,-0.003560425480827689,1,6
62,44,0,0,-0.003560425480827689,1,6
62,45,0,0,-0.003560425480827689,1,6
62,46,0,0,-0.003560425480827689,1,6
62,47,0,0,-0.003560425480827689,1,6
62,48,0,0,-0.003560425480827689,1,6
62,49,0,0,-0.003560425480827689,1,6
62,50,0,0,-0.003560425480827689,1,6
62,51,0,0,-0.003560425480827689,1,6
62,52,0,0,-0.003560425480827689,1,6
62,53,0,0,-0.003560425480827689,1,6
62,54,0,0,-0.003560425480827689,1,6
62,55,0,0,-0.003560425480827689,1,6
62,56,0,0,-0.003560425480827689,1,6
62,57,0,0,-0.003560425480827689,1,6
62,58,0,0,-0.003560425480827689,1,6
62,59,0,0,-0.003560425480827689,1,6
62,60,0,0,-0.003560425480827689,1,6
62,61,0,0,-0.003560425480827689,1,6
62,62,0,0,-0.003560425480827689,1,6
62,63,0,0,-0.003560425480827689,1,6
62,64,0,0,-0.003560425480827689,1,6
62,65,0,0,-0.003560425480827689,1,6
62,66,0,0,-0.003560425480827689,1,6
62,67,0,0,-0.003560425480827689,1,6
62,68,0,0,-0.003560425480827689,1,6
62,69,0,0,-0.003560425480827689,1,6
62,70,0,0,-0.003560425480827689,1,6
62,71,0,0,-0.003560425480827689,1,6
62,72,0,0,-0.003560425480827689,1,6
62,73,0,0,-0.003560425480827689,1,6
62,74,0,0,-0.003560425480827689,1,6
62,75,0,0,-0.003560425480827689,1,6
62,76,0,0,-0.003560425480827689,1,6
62,77,0,0,-0.003560425480827689,1,6
62,78,0,0,-0.003560425480827689,1,6
62,79,0,0,-0.003560425480827689,1,6
62,80,0,0,-0.003560425480827689,1,6
62,81,0,0,-0.003560425480827689,1,6
62,82,0,0,-0.003560425480827689,1,6
62,83,0,0,-0.003560425480827689,1,6
62,84,0,0,-0.003560425480827689,1,6
62,85,0,0,-0.003560425480827689,1,6
62,86,0,0,-0.003560425480827689,1,6
62,87,0,0,-0.003560425480827689,1,6
62,88,0,0,-0.003560425480827689,1,6
62,89,0,0,-0.003560425480827689,1,6
62,90,0,0,-0.003560425480827689,1,6
62,91,0,0,-0.003560425480827689,1,6
62,92,0,0,-0.003560425480827689,1,6
62,93,0,0,-0.003560425480827689,1,6
62,94,0,0,-0.003560425480827689,1,6
62,95,0,0,-0.003560425480827689,1,6
62,96,0,0,-0.003560425480827689,1,6
62,97,0,0,-0.003560425480827689,1,6
62,98,0,0,-0.003560425480827689,1,6
62,99,0,0,-0.003560425480827689,1,6
62,100,0,0,-0.003560425480827689,1,6
63,1,0,0,-7.859426114009693e-05,1,7
63,2,0,0,-0.0002761246869340539,1,7
63,3,0,0,-0.0006724460981786251,1,7
63,4,0,0,-0.0007826612563803792,1,7
63,5,0,0,-0.0010654175421223044,1,7
63,6,0,0,-0.0013588190777227283,1,7
63,7,0,0,-0.0015775753417983651,1,7
63,8,0,0,-0.0015775753417983651,1,7
63,9,0,0,-0.0015775753417983651,1,7
63,10,0,0,-0.0015775753417983651,1,7
63,11,0,0,-0.0015775753417983651,1,7
63,12,0,0,-0.0015775753417983651,1,7
63,13,0,0,-0.0015775753417983651,1,7
63,14,0,0,-0.0015775753417983651,1,7
63,15,0,0,-0.0015775753417983651,1,7
63,16,0,0,-0.0015775753417983651,1,7
63,17,0,0,-0.0015775753417983651,1,7
63,18,0,0,-0.0015775753417983651,1,7
63,19,0,0,-0.0015775753417983651,1,7
63,20,0,0,-0.0015775753417983651,1,7
63,21,0,0,-0.0015775753417983651,1,7
63,22,0,0,-0.0015775753417983651,1,7
63,23,0,0,-0.0015775753417983651,1,7
63,24,0,0,-0.0015775753417983651,1,7
63,25,0,0,-0.0015775753417983651,1,7
63,26,0,0,-0.0015775753417983651,1,7
63,27,0,0,-0.0015775753417983651,1,7
63,28,0,0,-0.0015775753417983651,1,7
63,29,0,0,-0.0015775753417983651,1,7
63,30,0,0,-0.0015775753417983651,1,7
63,31,0,0,-0.0015775753417983651,1,7
63,32,0,0,-0.0015775753417983651,1,7
63,33,0,0,-0.0015775753417983651,1,7
63,34,0,0,-0.0015775753417983651,1,7
63,35,0,0,-0.0015775753417983651,1,7
63,36,0,0,-0.0015775753417983651,1,7
63,37,0,0,-0.0015775753417983651,1,7
63,38,0,0,-0.0015775753417983651,1,7
63,39,0,0,-0.0015775753417983651,1,7
63,40,0,0,-0.0015775753417983651,1,7
63,41,0,0,-0.0015775753417983651,1,7
63,42,0,0,-0.0015775753417983651,1,7
63,43,0,0,-0.0015775753417983651,1,7
63,44,0,0,-0.0015775753417983651,1,7
63,45,0,0,-0.0015775753417983651,1,7
63,46,0,0,-0.0015775753417983651,1,7
63,47,0,0,-0.0015775753417983651,1,7
63,48,0,0,-0.0015775753417983651,1,7
63,49,0,0,-0.0015775753417983651,1,7
63,50,0,0,-0.0015775753417983651,1,7
63,51,0,0,-0.0015775753417983651,1,7
63,52,0,0,-0.0015775753417983651,1,7
63,53,0,0,-0.0015775753417983651,1,7
63,54,0,0,-0.0015775753417983651,1,7
63,55,0,0,-0.0015775753417983651,1,7
63,56,0,0,-0.0015775753417983651,1,7
63,57,0,0,-0.0015775753417983651,1,7
63,58,0,0,-0.0015775753417983651,1,7
63,59,0,0,-0.0015775753417983651,1,7
63,60,0,0,-0.0015775753417983651,1,7
63,61,0,0,-0.0015775753417983651,1,7
63,62,0,0,-0.0015775753417983651,1,7
63,63,0,0,-0.0015775753417983651,1,7
63,64,0,0,-0.0015775753417983651,1,7
63,65,0,0,-0.0015775753417983651,1,7
63,66,0,0,-0.0015775753417983651,1,7
63,67,0,0,-0.0015775753417983651,1,7
63,68,0,0,-0.0015775753417983651,1,7
63,69,0,0,-0.0015775753417983651,1,7
63,70,0,0,-0.0015775753417983651,1,7
63,71,0,0,-0.0015775753417983651,1,7
63,72,0,0,-0.0015775753417983651,1,7
63,73,0,0,-0.0015775753417983651,1,7
63,74,0,0,-0.0015775753417983651,1,7
63,75,0,0,-0.0015775753417983651,1,7
63,76,0,0,-0.0015775753417983651,1,7
63,77,0,0,-0.0015775753417983651,1,7
63,78,0,0,-0.0015775753417983651,1,7
63,79,0,0,-0.0015775753417983651,1,7
63,80,0,0,-0.0015775753417983651,1,7
63,81,0,0,-0.0015775753417983651,1,7
63,82,0,0,-0.0015775753417983651,1,7
63,83,0,0,-0.0015775753417983651,1,7
63,84,0,0,-0.0015775753417983651,1,7
63,85,0,0,-0.0015775753417983651,1,7
63,86,0,0,-0.0015775753417983651,1,7
63,87,0,0,-0.0015775753417983651,1,7
63,88,0,0,-0.0015775753417983651,1,7
63,89,0,0,-0.0015775753417983651,1,7
63,90,0,0,-0.0015775753417983651,1,7
63,91,0,0,-0.0015775753417983651,1,7
63,92,0,0,-0.0015775753417983651,1,7
63,93,0,0,-0.0015775753417983651,1,7
63,94,0,0,-0.0015775753417983651,1,7
63,95,0,0,-0.0015775753417983651,1,7
63,96,0,0,-0.0015775753417983651,1,7
63,97,0,0,-0.0015775753417983651,1,7
63,98,0,0,-0.0015775753417983651,1,7
63,99,0,0,-0.0015775753417983651,1,7
63,100,0,0,-0.0015775753417983651,1,7
64,1,1,0,-0.00010759738506749272,0,14
64,2,1,0,-0.001244168495759368,0,14
64,3,1,0,-0.0016787564381957054,0,14
64,4,1,0,-0.0013298640260472894,0,14
64,5,1,0,-0.0015202243812382221,0,14
64,6,1,0,-0.0013206925941631198,0,14
64,7,1,0,-0.0012751533649861813,0,14
64,8,1,0,-0.0007360348245128989,0,14
64,9,1,1,2.9083399567753077e-05,1,14
64,10,1,0,-0.00040071160765364766,0,14
64,11,1,0,-0.00038400068297050893,0,14
64,12,1,0,-0.0009719304507598281,0,14
64,13,1,0,-0.00042586587369441986,0,14
64,14,1,0,-0.0003336804802529514,0,14
64,15,1,0,-0.0003336804802529514,0,14
64,16,1,0,-0.0003336804802529514,0,14
64,17,1,0,-0.0003336804802529514,0,14
64,18,1,0,-0.0003336804802529514,0,14
64,19,1,0,-0.0003336804802529514,0,14
64,20,1,0,-0.0003336804802529514,0,14
64,21,1,0,-0.0003336804802529514,0,14
64,22,1,0,-0.0003336804802529514,0,14
64,23,1,0,-0.0003336804802529514,0,14
64,24,1,0,-0.0003336804802529514,0,14
64,25,1,0,-0.0003336804802529514,0,14
64,26,1,0,-0.0003336804802529514,0,14
64,27,1,0,-0.0003336804802529514,0,14
64,28,1,0,-0.0003336804802529514,0,14
64,29,1,0,-0.0003336804802529514,0,14
64,30,1,0,-0.0003336804802529514,0,14
64,31,1,0,-0.0003336804802529514,0,14
64,32,1,0,-0.0003336804802529514,0,14
64,33,1,0,-0.0003336804802529514,0,14
64,34,1,0,-0.0003336804802529514,0,14
64,35,1,0,-0.0003336804802529514,0,14
64,36,1,0,-0.0003336804802529514,0,14
64,37,1,0,-0.0003336804802529514,0,14
64,38,1,0,-0.0003336804802529514,0,14
64,39,1,0,-0.0003336804802529514,0,14
64,40,1,0,-0.0003336804802529514,0,14
64,41,1,0,-0.0003336804802529514,0,14
64,42,1,0,-0.0003336804802529514,0,14
64,43,1,0,-0.0003336804802529514,0,14
64,44,1,0,-0.0003336804802529514,0,14
64,45,1,0,-0.0003336804802529514,0,14
64,46,1,0,-0.0003336804802529514,0,14
64,47,1,0,-0.0003336804802529514,0,14
64,48,1,0,-0.0003336804802529514,0,14
64,49,1,0,-0.0003336804802529514,0,14
64,50,1,0,-0.0003336804802529514,0,14
64,51,1,0,-0.0003336804802529514,0,14
64,52,1,0,-0.0003336804802529514,0,14
64,53,1,0,-0.0003336804802529514,0,14
64,54,1,0,-0.0003336804802529514,0,14
64,55,1,0,-0.0003336804802529514,0,14
64,56,1,0,-0.0003336804802529514,0,14
64,57,1,0,-0.0003336804802529514,0,14
64,58,1,0,-0.0003336804802529514,0,14
64,59,1,0,-0.0003336804802529514,0,14
64,60,1,0,-0.0003336804802529514,0,14
64,61,1,0,-0.0003336804802529514,0,14
64,62,1,0,-0.0003336804802529514,0,14
64,63,1,0,-0.0003336804802529514,0,14
64,64,1,0,-0.0003336804802529514,0,14
64,65,1,0,-0.0003336804802529514,0,14
64,66,1,0,-0.0003336804802529514,0,14
64,67,1,0,-0.0003336804802529514,0,14
64,68,1,0,-0.0003336804802529514,0,14
64,69,1,0,-0.0003336804802529514,0,14
64,70,1,0,-0.0003336804802529514,0,14
64,71,1,0,-0.0003336804802529514,0,14
64,72,1,0,-0.0003336804802529514,0,14
64,73,1,0,-0.0003336804802529514,0,14
64,74,1,0,-0.0003336804802529514,0,14
64,75,1,0,-0.0003336804802529514,0,14
64,76,1,0,-0.0003336804802529514,0,14
64,77,1,0,-0.0003336804802529514,0,14
64,78,1,0,-0.0003336804802529514,0,14
64,79,1,0,-0.0003336804802529514,0,14
64,80,1,0,-0.0003336804802529514,0,14
64,81,1,0,-0.0003336804802529514,0,14
64,82,1,0,-0.0003336804802529514,0,14
64,83,1,0,-0.0003336804802529514,0,14
64,84,1,0,-0.0003336804802529514,0,14
64,85,1,0,-0.0003336804802529514,0,14
64,86,1,0,-0.0003336804802529514,0,14
64,87,1,0,-0.0003336804802529514,0,14
64,88,1,0,-0.0003336804802529514,0,14
64,89,1,0,-0.0003336804802529514,0,14
64,90,1,0,-0.0003336804802529514,0,14
64,91,1,0,-0.0003336804802529514,0,14
64,92,1,0,-0.0003336804802529514,0,14
64,93,1,0,-0.0003336804802529514,0,14
64,94,1,0,-0.0003336804802529514,0,14
64,95,1,0,-0.0003336804802529514,0,14
64,96,1,0,-0.0003336804802529514,0,14
64,97,1,0,-0.0003336804802529514,0,14
64,98,1,0,-0.0003336804802529514,0,14
64,99,1,0,-0.0003336804802529514,0,14
64,100,1,0,-0.0003336804802529514,0,14
65,1,0,0,-7.859426114009693e-05,1,7
65,2,0,0,-0.0002761246869340539,1,7
65,3,0,0,-0.00025556402397342026,1,7
65,4,0,0,-0.0003657791530713439,1,7
65,5,0,0,-0.0006485354388132691,1,7
65,6,0,0,-0.0006449450738728046,1,7
65,7,0,0,-0.0004587171715684235,1,7
65,8,0,0,-0.0004587171715684235,1,7
65,9,0,0,-0.0004587171715684235,1,7
65,10,0,0,-0.0004587171715684235,1,7
65,11,0,0,-0.0004587171715684235,1,7
65,12,0,0,-0.0004587171715684235,1,7
65,13,0,0,-0.0004587171715684235,1,7
65,14,0,0,-0.0004587171715684235,1,7
65,15,0,0,-0.0004587171715684235,1,7
65,16,0,0,-0.0004587171715684235,1,7
65,17,0,0,-0.0004587171715684235,1,7
65,18,0,0,-0.0004587171715684235,1,7
65,19,0,0,-0.0004587171715684235,1,7
65,20,0,0,-0.0004587171715684235,1,7
65,21,0,0,-0.0004587171715684235,1,7
65,22,0,0,-0.0004587171715684235,1,7
65,23,0,0,-0.0004587171715684235,1,7
65,24,0,0,-0.0004587171715684235,1,7
65,25,0,0,-0.0004587171715684235,1,7
65,26,0,0,-0.0004587171715684235,1,7
65,27,0,0,-0.0004587171715684235,1,7
65,28,0,0,-0.0004587171715684235,1,7
65,29,0,0,-0.0004587171715684235,1,7
65,30,0,0,-0.0004587171715684235,1,7
65,31,0,0,-0.0004587171715684235,1,7
65,32,0,0,-0.0004587171715684235,1,7
65,33,0,0,-0.0004587171715684235,1,7
65,34,0,0,-0.0004587171715684235,1,7
65,35,0,0,-0.0004587171715684235,1,7
65,36,0,0,-0.0004587171715684235,1,7
65,37,0,0,-0.0004587171715684235,1,7
65,38,0,0,-0.0004587171715684235,1,7
65,39,0,0,-0.0004587171715684235,1,7
65,40,0,0,-0.0004587171715684235,1,7
65,41,0,0,-0.0004587171715684235,1,7
65,42,0,0,-0.0004587171715684235,1,7
65,43,0,0,-0.0004587171715684235,1,7
65,44,0,0,-0.0004587171715684235,1,7
65,45,0,0,-0.0004587171715684235,1,7
65,46,0,0,-0.0004587171715684235,1,7
65,47,0,0,-0.0004587171715684235,1,7
65,48,0,0,-0.0004587171715684235,1,7
65,49,0,0,-0.0004587171715684235,1,7
65,50,0,0,-0.0004587171715684235,1,7
65,51,0,0,-0.0004587171715684235,1,7
65,52,0,0,-0.0004587171715684235,1,7
65,53,0,0,-0.0004587171715684235,1,7
65,54,0,0,-0.0004587171715684235,1,7
65,55,0,0,-0.0004587171715684235,1,7
65,56,0,0,-0.0004587171715684235,1,7
65,57,0,0,-0.0004587171715684235,1,7
65,58,0,0,-0.0004587171715684235,1,7
65,59,0,0,-0.0004587171715684235,1,7
65,60,0,0,-0.0004587171715684235,1,7
65,61,0,0,-0.0004587171715684235,1,7
65,62,0,0,-0.0004587171715684235,1,7
65,63,0,0,-0.0004587171715684235,1,7
65,64,0,0,-0.0004587171715684235,1,7
65,65,0,0,-0.0004587171715684235,1,7
65,66,0,0,-0.0004587171715684235,1,7
65,67,0,0,-0.0004587171715684235,1,7
65,68,0,0,-0.0004587171715684235,1,7
65,69,0,0,-0.0004587171715684235,1,7
65,70,0,0,-0.0004587171715684235,1,7
65,71,0,0,-0.0004587171715684235,1,7
65,72,0,0,-0.0004587171715684235,1,7
65,73,0,0,-0.0004587171715684235,1,7
65,74,0,0,-0.0004587171715684235,1,7
65,75,0,0,-0.0004587171715684235,1,7
65,76,0,0,-0.0004587171715684235,1,7
65,77,0,0,-0.0004587171715684235,1,7
65,78,0,0,-0.0004587171715684235,1,7
65,79,0,0,-0.0004587171715684235,1,7
65,80,0,0,-0.0004587171715684235,1,7
65,81,0,0,-0.0004587171715684235,1,7
65,82,0,0,-0.0004587171715684235,1,7
65,83,0,0,-0.0004587171715684235,1,7
65,84,0,0,-0.0004587171715684235,1,7
65,85,0,0,-0.0004587171715684235,1,7
65,86,0,0,-0.0004587171715684235,1,7
65,87,0,0,-0.0004587171715684235,1,7
65,88,0,0,-0.0004587171715684235,1,7
65,89,0,0,-0.0004587171715684235,1,7
65,90,0,0,-0.0004587171715684235,1,7
65,91,0,0,-0.0004587171715684235,1,7
65,92,0,0,-0.0004587171715684235,1,7
65,93,0,0,-0.0004587171715684235,1,7
65,94,0,0,-0.0004587171715684235,1,7
65,95,0,0,-0.0004587171715684235,1,7
65,96,0,0,-0.0004587171715684235,1,7
65,97,0,0,-0.0004587171715684235,1,7
65,98,0,0,-0.0004587171715684235,1,7
65,99,0,0,-0.0004587171715684235,1,7
65,100,0,0,-0.0004587171715684235,1,7
66,1,0,0,-7.859426114009693e-05,1,7
66,2,0,1,0.004993346054106951,0,7
66,3,0,1,0.003976679872721434,0,7
66,4,0,1,0.00340787204913795,0,7
66,5,0,1,0.0036337238270789385,0,7
66,6,0,1,0.0032038434874266386,0,7
66,7,0,1,0.003003912279382348,0,7
66,8,0,1,0.003003912279382348,0,7
66,9,0,1,0.003003912279382348,0,7
66,10,0,1,0.003003912279382348,0,7
66,11,0,1,0.003003912279382348,0,7
66,12,0,1,0.003003912279382348,0,7
66,13,0,1,0.003003912279382348,0,7
66,14,0,1,0.003003912279382348,0,7
66,15,0,1,0.003003912279382348,0,7
66,16,0,1,0.003003912279382348,0,7
66,17,0,1,0.003003912279382348,0,7
66,18,0,1,0.003003912279382348,0,7
66,19,0,1,0.003003912279382348,0,7
66,20,0,1,0.003003912279382348,0,7
66,21,0,1,0.003003912279382348,0,7
66,22,0,1,0.003003912279382348,0,7
66,23,0,1,0.003003912279382348,0,7
66,24,0,1,0.003003912279382348,0,7
66,25,0,1,0.003003912279382348,0,7
66,26,0,1,0.003003912279382348,0,7
66,27,0,1,0.003003912279382348,0,7
66,28,0,1,0.003003912279382348,0,7
66,29,0,1,0.003003912279382348,0,7
66,30,0,1,0.003003912279382348,0,7
66,31,0,1,0.003003912279382348,0,7
66,32,0,1,0.003003912279382348,0,7
66,33,0,1,0.003003912279382348,0,7
66,34,0,1,0.003003912279382348,0,7
66,35,0,1,0.003003912279382348,0,7
66,36,0,1,0.003003912279382348,0,7
66,37,0,1,0.003003912279382348,0,7
66,38,0,1,0.003003912279382348,0,7
66,39,0,1,0.003003912279382348,0,7
66,40,0,1,0.003003912279382348,0,7
66,41,0,1,0.003003912279382348,0,7
66,42,0,1,0.003003912279382348,0,7
66,43,0,1,0.003003912279382348,0,7
66,44,0,1,0.003003912279382348,0,7
66,45,0,1,0.003003912279382348,0,7
66,46,0,1,0.003003912279382348,0,7
66,47,0,1,0.003003912279382348,0,7
66,48,0,1,0.003003912279382348,0,7
66,49,0,1,0.003003912279382348,0,7
66,50,0,1,0.003003912279382348,0,7
66,51,0,1,0.003003912279382348,0,7
66,52,0,1,0.003003912279382348,0,7
66,53,0,1,0.003003912279382348,0,7
66,54,0,1,0.003003912279382348,0,7
66,55,0,1,0.003003912279382348,0,7
66,56,0,1,0.003003912279382348,0,7
66,57,0,1,0.003003912279382348,0,7
66,58,0,1,0.003003912279382348,0,7
66,59,0,1,0.003003912279382348,0,7
66,60,0,1,0.003003912279382348,0,7
66,61,0,1,0.003003912279382348,0,7
66,62,0,1,0.003003912279382348,0,7
66,63,0,1,0.003003912279382348,0,7
66,64,0,1,0.003003912279382348,0,7
66,65,0,1,0.003003912279382348,0,7
66,66,0,1,0.003003912279382348,0,7
66,67,0,1,0.003003912279382348,0,7
66,68,0,1,0.003003912279382348,0,7
66,69,0,1,0.003003912279382348,0,7
66,70,0,1,0.003003912279382348,0,7
66,71,0,1,0.003003912279382348,0,7
66,72,0,1,0.003003912279382348,0,7
66,73,0,1,0.003003912279382348,0,7
66,74,0,1,0.003003912279382348,0,7
66,75,0,1,0.003003912279382348,0,7
66,76,0,1,0.003003912279382348,0,7
66,77,0,1,0.003003912279382348,0,7
66,78,0,1,0.003003912279382348,0,7
66,79,0,1,0.003003912279382348,0,7
66,80,0,1,0.003003912279382348,0,7
66,81,0,1,0.003003912279382348,0,7
66,82,0,1,0.003003912279382348,0,7
66,83,0,1,0.003003912279382348,0,7
66,84,0,1,0.003003912279382348,0,7
66,85,0,1,0.003003912279382348,0,7
66,86,0,1,0.003003912279382348,0,7
66,87,0,1,0.003003912279382348,0,7
66,88,0,1,0.003003912279382348,0,7
66,89,0,1,0.003003912279382348,0,7
66,90,0,1,0.003003912279382348,0,7
66,91,0,1,0.003003912279382348,0,7
66,92,0,1,0.003003912279382348,0,7
66,93,0,1,0.003003912279382348,0,7
66,94,0,1,0.003003912279382348,0,7
66,95,0,1,0.003003912279382348,0,7
66,96,0,1,0.003003912279382348,0,7
66,97,0,1,0.003003912279382348,0,7
66,98,0,1,0.003003912279382348,0,7
66,99,0,1,0.003003912279382348,0,7
66,100,0,1,0.003003912279382348,0,7
67,1,0,0,-0.0012464855099096894,1,16
67,2,0,0,-0.001070633647032082,1,16
67,3,0,1,0.0004388864617794752,0,16
67,4,0,1,0.0012000352144241333,0,16
67,5,0,1,0.0012277222704142332,0,16
67,6,0,1,0.0029976104851812124,0,16
67,7,0,1,0.0021089462097734213,0,16
67,8,0,1,0.0025904830545186996,0,16
67,9,0,1,0.0031064816284924746,0,16
67,10,0,1,0.002548945602029562,0,16
67,11,0,1,0.0022074845619499683,0,16
67,12,0,1,0.002776075853034854,0,16
67,13,0,1,0.004085088148713112,0,16
67,14,0,1,0.004732057452201843,0,16
67,15,0,1,0.00601802347227931,0,16
67,16,0,1,0.005343194119632244,0,16
67,17,0,1,0.005343194119632244,0,16
67,18,0,1,0.005343194119632244,0,16
67,19,0,1,0.005343194119632244,0,16
67,20,0,1,0.005343194119632244,0,16
67,21,0,1,0.005343194119632244,0,16
67,22,0,1,0.005343194119632244,0,16
67,23,0,1,0.005343194119632244,0,16
67,24,0,1,0.005343194119632244,0,16
67,25,0,1,0.005343194119632244,0,16
67,26,0,1,0.005343194119632244,0,16
67,27,0,1,0.005343194119632244,0,16
67,28,0,1,0.005343194119632244,0,16
67,29,0,1,0.005343194119632244,0,16
67,30,0,1,0.005343194119632244,0,16
67,31,0,1,0.005343194119632244,0,16
67,32,0,1,0.005343194119632244,0,16
67,33,0,1,0.005343194119632244,0,16
67,34,0,1,0.005343194119632244,0,16
67,35,0,1,0.005343194119632244,0,16
67,36,0,1,0.005343194119632244,0,16
67,37,0,1,0.005343194119632244,0,16
67,38,0,1,0.005343194119632244,0,16
67,39,0,1,0.005343194119632244,0,16
67,40,0,1,0.005343194119632244,0,16
67,41,0,1,0.005343194119632244,0,16
67,42,0,1,0.005343194119632244,0,16
67,43,0,1,0.005343194119632244,0,16
67,44,0,1,0.005343194119632244,0,16
67,45,0,1,0.005343194119632244,0,16
67,46,0,1,0.005343194119632244,0,16
67,47,0,1,0.005343194119632244,0,16
67,48,0,1,0.005343194119632244,0,16
67,49,0,1,0.005343194119632244,0,16
67,50,0,1,0.005343194119632244,0,16
67,51,0,1,0.005343194119632244,0,16
67,52,0,1,0.005343194119632244,0,16
67,53,0,1,0.005343194119632244,0,16
67,54,0,1,0.005343194119632244,0,16
67,55,0,1,0.005343194119632244,0,16
67,56,0,1,0.005343194119632244,0,16
67,57,0,1,0.005343194119632244,0,16
67,58,0,1,0.005343194119632244,0,16
67,59,0,1,0.005343194119632244,0,16
67,60,0,1,0.005343194119632244,0,16
67,61,0,1,0.005343194119632244,0,16
67,62,0,1,0.005343194119632244,0,16
67,63,0,1,0.005343194119632244,0,16
67,64,0,1,0.005343194119632244,0,16
67,65,0,1,0.005343194119632244,0,16
67,66,0,1,0.005343194119632244,0,16
67,67,0,1,0.005343194119632244,0,16
67,68,0,1,0.005343194119632244,0,16
67,69,0,1,0.005343194119632244,0,16
67,70,0,1,0.005343194119632244,0,16
67,71,0,1,0.005343194119632244,0,16
67,72,0,1,0.005343194119632244,0,16
67,73,0,1,0.005343194119632244,0,16
67,74,0,1,0.005343194119632244,0,16
67,75,0,1,0.005343194119632244,0,16
67,76,0,1,0.005343194119632244,0,16
67,77,0,1,0.005343194119632244,0,16
67,78,0,1,0.005343194119632244,0,16
67,79,0,1,0.005343194119632244,0,16
67,80,0,1,0.005343194119632244,0,16
67,81,0,1,0.005343194119632244,0,16
67,82,0,1,0.005343194119632244,0,16
67,83,0,1,0.005343194119632244,0,16
67,84,0,1,0.005343194119632244,0,16
67,85,0,1,0.005343194119632244,0,16
67,86,0,1,0.005343194119632244,0,16
67,87,0,1,0.005343194119632244,0,16
67,88,0,1,0.005343194119632244,0,16
67,89,0,1,0.005343194119632244,0,16
67,90,0,1,0.005343194119632244,0,16
67,91,0,1,0.005343194119632244,0,16
67,92,0,1,0.005343194119632244,0,16
67,93,0,1,0.005343194119632244,0,16
67,94,0,1,0.005343194119632244,0,16
67,95,0,1,0.005343194119632244,0,16
67,96,0,1,0.005343194119632244,0,16
67,97,0,1,0.005343194119632244,0,16
67,98,0,1,0.005343194119632244,0,16
67,99,0,1,0.005343194119632244,0,16
67,100,0,1,0.005343194119632244,0,16
68,1,0,0,-0.002399425022304058,1,8
68,2,0,0,-0.0028632062021642923,1,8
68,3,0,0,-0.002392495982348919,1,8
68,4,0,0,-0.00012715510092675686,1,8
68,5,0,1,0.00026063501718454063,0,8
68,6,0,1,8.361856453120708e-05,0,8
68,7,0,0,-0.00015292962780222297,1,8
68,8,0,1,0.00039661367191001773,0,8
68,9,0,1,0.00039661367191001773,0,8
68,10,0,1,0.00039661367191001773,0,8
68,11,0,1,0.00039661367191001773,0,8
68,12,0,1,0.00039661367191001773,0,8
68,13,0,1,0.00039661367191001773,0,8
68,14,0,1,0.00039661367191001773,0,8
68,15,0,1,0.00039661367191001773,0,8
68,16,0,1,0.00039661367191001773,0,8
68,17,0,1,0.00039661367191001773,0,8
68,18,0,1,0.00039661367191001773,0,8
68,19,0,1,0.00039661367191001773,0,8
68,20,0,1,0.00039661367191001773,0,8
68,21,0,1,0.00039661367191001773,0,8
68,22,0,1,0.00039661367191001773,0,8
68,23,0,1,0.00039661367191001773,0,8
68,24,0,1,0.00039661367191001773,0,8
68,25,0,1,0.00039661367191001773,0,8
68,26,0,1,0.00039661367191001773,0,8
68,27,0,1,0.00039661367191001773,0,8
68,28,0,1,0.00039661367191001773,0,8
68,29,0,1,0.00039661367191001773,0,8
68,30,0,1,0.00039661367191001773,0,8
68,31,0,1,0.00039661367191001773,0,8
68,32,0,1,0.00039661367191001773,0,8
68,33,0,1,0.00039661367191001773,0,8
68,34,0,1,0.00039661367191001773,0,8
68,35,0,1,0.00039661367191001773,0,8
68,36,0,1,0.00039661367191001773,0,8
68,37,0,1,0.00039661367191001773,0,8
68,38,0,1,0.00039661367191001773,0,8
68,39,0,1,0.00039661367191001773,0,8
68,40,0,1,0.00039661367191001773,0,8
68,41,0,1,0.00039661367191001773,0,8
68,42,0,1,0.00039661367191001773,0,8
68,43,0,1,0.00039661367191001773,0,8
68,44,0,1,0.00039661367191001773,0,8
68,45,0,1,0.00039661367191001773,0,8
68,46,0,1,0.00039661367191001773,0,8
68,47,0,1,0.00039661367191001773,0,8
68,48,0,1,0.00039661367191001773,0,8
68,49,0,1,0.00039661367191001773,0,8
68,50,0,1,0.00039661367191001773,0,8
68,51,0,1,0.00039661367191001773,0,8
68,52,0,1,0.00039661367191001773,0,8
68,53,0,1,0.00039661367191001773,0,8
68,54,0,1,0.00039661367191001773,0,8
68,55,0,1,0.00039661367191001773,0,8
68,56,0,1,0.00039661367191001773,0,8
68,57,0,1,0.00039661367191001773,0,8
68,58,0,1,0.00039661367191001773,0,8
68,59,0,1,0.00039661367191001773,0,8
68,60,0,1,0.00039661367191001773,0,8
68,61,0,1,0.00039661367191001773,0,8
68,62,0,1,0.00039661367191001773,0,8
68,63,0,1,0.00039661367191001773,0,8
68,64,0,1,0.00039661367191001773,0,8
68,65,0,1,0.00039661367191001773,0,8
68,66,0,1,0.00039661367191001773,0,8
68,67,0,1,0.00039661367191001773,0,8
68,68,0,1,0.00039661367191001773,0,8
68,69,0,1,0.00039661367191001773,0,8
68,70,0,1,0.00039661367191001773,0,8
68,71,0,1,0.00039661367191001773,0,8
68,72,0,1,0.00039661367191001773,0,8
68,73,0,1,0.00039661367191001773,0,8
68,74,0,1,0.00039661367191001773,0,8
68,75,0,1,0.00039661367191001773,0,8
68,76,0,1,0.00039661367191001773,0,8
68,77,0,1,0.00039661367191001773,0,8
68,78,0,1,0.00039661367191001773,0,8
68,79,0,1,0.00039661367191001773,0,8
68,80,0,1,0.00039661367191001773,0,8
68,81,0,1,0.00039661367191001773,0,8
68,82,0,1,0.00039661367191001773,0,8
68,83,0,1,0.00039661367191001773,0,8
68,84,0,1,0.00039661367191001773,0,8
68,85,0,1,0.00039661367191001773,0,8
68,86,0,1,0.00039661367191001773,0,8
68,87,0,1,0.00039661367191001773,0,8
68,88,0,1,0.00039661367191001773,0,8
68,89,0,1,0.00039661367191001773,0,8
68,90,0,1,0.00039661367191001773,0,8
68,91,0,1,0.00039661367191001773,0,8
68,92,0,1,0.00039661367191001773,0,8
68,93,0,1,0.00039661367191001773,0,8
68,94,0,1,0.00039661367191001773,0,8
68,95,0,1,0.00039661367191001773,0,8
68,96,0,1,0.00039661367191001773,0,8
68,97,0,1,0.00039661367191001773,0,8
68,98,0,1,0.00039661367191001773,0,8
68,99,0,1,0.00039661367191001773,0,8
68,100,0,1,0.00039661367191001773,0,8
69,1,0,0,-0.002399425022304058,1,7
69,2,0,0,-0.0015689877327531576,1,7
69,3,0,0,-0.001550354645587504,1,7
69,4,0,0,-0.001550354529172182,1,7
69,5,0,0,-0.0015819494146853685,1,7
69,6,0,0,-0.002101978985592723,1,7
69,7,0,0,-0.0020983887370675802,1,7
69,8,0,0,-0.0020983887370675802,1,7
69,9,0,0,-0.0020983887370675802,1,7
69,10,0,0,-0.0020983887370675802,1,7
69,11,0,0,-0.0020983887370675802,1,7
69,12,0,0,-0.0020983887370675802,1,7
69,13,0,0,-0.0020983887370675802,1,7
69,14,0,0,-0.0020983887370675802,1,7
69,15,0,0,-0.0020983887370675802,1,7
69,16,0,0,-0.0020983887370675802,1,7
69,17,0,0,-0.0020983887370675802,1,7
69,18,0,0,-0.0020983887370675802,1,7
69,19,0,0,-0.0020983887370675802,1,7
69,20,0,0,-0.0020983887370675802,1,7
69,21,0,0,-0.0020983887370675802,1,7
69,22,0,0,-0.0020983887370675802,1,7
69,23,0,0,-0.0020983887370675802,1,7
69,24,0,0,-0.0020983887370675802,1,7
69,25,0,0,-0.0020983887370675802,1,7
69,26,0,0,-0.0020983887370675802,1,7
69,27,0,0,-0.0020983887370675802,1,7
69,28,0,0,-0.0020983887370675802,1,7
69,29,0,0,-0.0020983887370675802,1,7
69,30,0,0,-0.0020983887370675802,1,7
69,31,0,0,-0.0020983887370675802,1,7
69,32,0,0,-0.0020983887370675802,1,7
69,33,0,0,-0.0020983887370675802,1,7
69,34,0,0,-0.0020983887370675802,1,7
69,35,0,0,-0.0020983887370675802,1,7
69,36,0,0,-0.0020983887370675802,1,7
69,37,0,0,-0.0020983887370675802,1,7
69,38,0,0,-0.0020983887370675802,1,7
69,39,0,0,-0.0020983887370675802,1,7
69,40,0,0,-0.0020983887370675802,1,7
69,41,0,0,-0.0020983887370675802,1,7
69,42,0,0,-0.0020983887370675802,1,7
69,43,0,0,-0.0020983887370675802,1,7
69,44,0,0,-0.0020983887370675802,1,7
69,45,0,0,-0.0020983887370675802,1,7
69,46,0,0,-0.0020983887370675802,1,7
69,47,0,0,-0.0020983887370675802,1,7
69,48,0,0,-0.0020983887370675802,1,7
69,49,0,0,-0.0020983887370675802,1,7
69,50,0,0,-0.0020983887370675802,1,7
69,51,0,0,-0.0020983887370675802,1,7
69,52,0,0,-0.0020983887370675802,1,7
69,53,0,0,-0.0020983887370675802,1,7
69,54,0,0,-0.0020983887370675802,1,7
69,55,0,0,-0.0020983887370675802,1,7
69,56,0,0,-0.0020983887370675802,1,7
69,57,0,0,-0.0020983887370675802,1,7
69,58,0,0,-0.0020983887370675802,1,7
69,59,0,0,-0.0020983887370675802,1,7
69,60,0,0,-0.0020983887370675802,1,7
69,61,0,0,-0.0020983887370675802,1,7
69,62,0,0,-0.0020983887370675802,1,7
69,63,0,0,-0.0020983887370675802,1,7
69,64,0,0,-0.0020983887370675802,1,7
69,65,0,0,-0.0020983887370675802,1,7
69,66,0,0,-0.0020983887370675802,1,7
69,67,0,0,-0.0020983887370675802,1,7
69,68,0,0,-0.0020983887370675802,1,7
69,69,0,0,-0.0020983887370675802,1,7
69,70,0,0,-0.0020983887370675802,1,7
69,71,0,0,-0.0020983887370675802,1,7
69,72,0,0,-0.0020983887370675802,1,7
69,73,0,0,-0.0020983887370675802,1,7
69,74,0,0,-0.0020983887370675802,1,7
69,75,0,0,-0.0020983887370675802,1,7
69,76,0,0,-0.0020983887370675802,1,7
69,77,0,0,-0.0020983887370675802,1,7
69,78,0,0,-0.0020983887370675802,1,7
69,79,0,0,-0.0020983887370675802,1,7
69,80,0,0,-0.0020983887370675802,1,7
69,81,0,0,-0.0020983887370675802,1,7
69,82,0,0,-0.0020983887370675802,1,7
69,83,0,0,-0.0020983887370675802,1,7
69,84,0,0,-0.0020983887370675802,1,7
69,85,0,0,-0.0020983887370675802,1,7
69,86,0,0,-0.0020983887370675802,1,7
69,87,0,0,-0.0020983887370675802,1,7
69,88,0,0,-0.0020983887370675802,1,7
69,89,0,0,-0.0020983887370675802,1,7
69,90,0,0,-0.0020983887370675802,1,7
69,91,0,0,-0.0020983887370675802,1,7
69,92,0,0,-0.0020983887370675802,1,7
69,93,0,0,-0.0020983887370675802,1,7
69,94,0,0,-0.0020983887370675802,1,7
69,95,0,0,-0.0020983887370675802,1,7
69,96,0,0,-0.0020983887370675802,1,7
69,97,0,0,-0.0020983887370675802,1,7
69,98,0,0,-0.0020983887370675802,1,7
69,99,0,0,-0.0020983887370675802,1,7
69,100,0,0,-0.0020983887370675802,1,7
70,1,1,0,-0.00010759738506749272,0,6
70,2,1,1,0.00401386059820652,1,6
70,3,1,1,0.004446192178875208,1,6
70,4,1,1,0.004663021303713322,1,6
70,5,1,1,0.004236781038343906,1,6
70,6,1,1,0.0041031064465641975,1,6
70,7,1,1,0.0041031064465641975,1,6
70,8,1,1,0.0041031064465641975,1,6
70,9,1,1,0.0041031064465641975,1,6
70,10,1,1,0.0041031064465641975,1,6
70,11,1,1,0.0041031064465641975,1,6
70,12,1,1,0.0041031064465641975,1,6
70,13,1,1,0.0041031064465641975,1,6
70,14,1,1,0.0041031064465641975,1,6
70,15,1,1,0.0041031064465641975,1,6
70,16,1,1,0.0041031064465641975,1,6
70,17,1,1,0.0041031064465641975,1,6
70,18,1,1,0.0041031064465641975,1,6
70,19,1,1,0.0041031064465641975,1,6
70,20,1,1,0.0041031064465641975,1,6
70,21,1,1,0.0041031064465641975,1,6
70,22,1,1,0.0041031064465641975,1,6
70,23,1,1,0.0041031064465641975,1,6
70,24,1,1,0.0041031064465641975,1,6
70,25,1,1,0.0041031064465641975,1,6
70,26,1,1,0.0041031064465641975,1,6
70,27,1,1,0.0041031064465641975,1,6
70,28,1,1,0.0041031064465641975,1,6
70,29,1,1,0.0041031064465641975,1,6
70,30,1,1,0.0041031064465641975,1,6
70,31,1,1,0.0041031064465641975,1,6
70,32,1,1,0.0041031064465641975,1,6
70,33,1,1,0.0041031064465641975,1,6
70,34,1,1,0.0041031064465641975,1,6
70,35,1,1,0.0041031064465641975,1,6
70,36,1,1,0.0041031064465641975,1,6
70,37,1,1,0.0041031064465641975,1,6
70,38,1,1,0.0041031064465641975,1,6
70,39,1,1,0.0041031064465641975,1,6
70,40,1,1,0.0041031064465641975,1,6
70,41,1,1,0.0041031064465641975,1,6
70,42,1,1,0.0041031064465641975,1,6
70,43,1,1,0.0041031064465641975,1,6
70,44,1,1,0.0041031064465641975,1,6
70,45,1,1,0.0041031064465641975,1,6
70,46,1,1,0.0041031064465641975,1,6
70,47,1,1,0.0041031064465641975,1,6
70,48,1,1,0.0041031064465641975,1,6
70,49,1,1,0.0041031064465641975,1,6
70,50,1,1,0.0041031064465641975,1,6
70,51,1,1,0.0041031064465641975,1,6
70,52,1,1,0.0041031064465641975,1,6
70,53,1,1,0.0041031064465641975,1,6
70,54,1,1,0.0041031064465641975,1,6
70,55,1,1,0.0041031064465641975,1,6
70,56,1,1,0.0041031064465641975,1,6
70,57,1,1,0.0041031064465641975,1,6
70,58,1,1,0.0041031064465641975,1,6
70,59,1,1,0.0041031064465641975,1,6
70,60,1,1,0.0041031064465641975,1,6
70,61,1,1,0.0041031064465641975,1,6
70,62,1,1,0.0041031064465641975,1,6
70,63,1,1,0.0041031064465641975,1,6
70,64,1,1,0.0041031064465641975,1,6
70,65,1,1,0.0041031064465641975,1,6
70,66,1,1,0.0041031064465641975,1,6
70,67,1,1,0.0041031064465641975,1,6
70,68,1,1,0.0041031064465641975,1,6
70,69,1,1,0.0041031064465641975,1,6
70,70,1,1,0.0041031064465641975,1,6
70,71,1,1,0.0041031064465641975,1,6
70,72,1,1,0.0041031064465641975,1,6
70,73,1,1,0.0041031064465641975,1,6
70,74,1,1,0.0041031064465641975,1,6
70,75,1,1,0.0041031064465641975,1,6
70,76,1,1,0.0041031064465641975,1,6
70,77,1,1,0.0041031064465641975,1,6
70,78,1,1,0.0041031064465641975,1,6
70,79,1,1,0.0041031064465641975,1,6
70,80,1,1,0.0041031064465641975,1,6
70,81,1,1,0.0041031064465641975,1,6
70,82,1,1,0.0041031064465641975,1,6
70,83,1,1,0.0041031064465641975,1,6
70,84,1,1,0.0041031064465641975,1,6
70,85,1,1,0.0041031064465641975,1,6
70,86,1,1,0.0041031064465641975,1,6
70,87,1,1,0.0041031064465641975,1,6
70,88,1,1,0.0041031064465641975,1,6
70,89,1,1,0.0041031064465641975,1,6
70,90,1,1,0.0041031064465641975,1,6
70,91,1,1,0.0041031064465641975,1,6
70,92,1,1,0.0041031064465641975,1,6
70,93,1,1,0.0041031064465641975,1,6
70,94,1,1,0.0041031064465641975,1,6
70,95,1,1,0.0041031064465641975,1,6
70,96,1,1,0.0041031064465641975,1,6
70,97,1,1,0.0041031064465641975,1,6
70,98,1,1,0.0041031064465641975,1,6
70,99,1,1,0.0041031064465641975,1,6
70,100,1,1,0.0041031064465641975,1,6
71,1,0,0,-0.002399425022304058,1,7
71,2,0,0,-0.0028632062021642923,1,7
71,3,0,0,-0.0032793923746794462,1,7
71,4,0,0,-0.00384820019826293,1,7
71,5,0,0,-0.0032713296823203564,1,7
71,6,0,0,-0.0031457720324397087,1,7
71,7,0,0,-0.0025308888871222734,1,7
71,8,0,0,-0.0025308888871222734,1,7
71,9,0,0,-0.0025308888871222734,1,7
71,10,0,0,-0.0025308888871222734,1,7
71,11,0,0,-0.0025308888871222734,1,7
71,12,0,0,-0.0025308888871222734,1,7
71,13,0,0,-0.0025308888871222734,1,7
71,14,0,0,-0.0025308888871222734,1,7
71,15,0,0,-0.0025308888871222734,1,7
71,16,0,0,-0.0025308888871222734,1,7
71,17,0,0,-0.0025308888871222734,1,7
71,18,0,0,-0.0025308888871222734,1,7
71,19,0,0,-0.0025308888871222734,1,7
71,20,0,0,-0.0025308888871222734,1,7
71,21,0,0,-0.0025308888871222734,1,7
71,22,0,0,-0.0025308888871222734,1,7
71,23,0,0,-0.0025308888871222734,1,7
71,24,0,0,-0.0025308888871222734,1,7
71,25,0,0,-0.0025308888871222734,1,7
71,26,0,0,-0.0025308888871222734,1,7
71,27,0,0,-0.0025308888871222734,1,7
71,28,0,0,-0.0025308888871222734,1,7
71,29,0,0,-0.0025308888871222734,1,7
71,30,0,0,-0.0025308888871222734,1,7
71,31,0,0,-0.0025308888871222734,1,7
71,32,0,0,-0.0025308888871222734,1,7
71,33,0,0,-0.0025308888871222734,1,7
71,34,0,0,-0.0025308888871222734,1,7
71,35,0,0,-0.0025308888871222734,1,7
71,36,0,0,-0.0025308888871222734,1,7
71,37,0,0,-0.0025308888871222734,1,7
71,38,0,0,-0.0025308888871222734,1,7
71,39,0,0,-0.0025308888871222734,1,7
71,40,0,0,-0.0025308888871222734,1,7
71,41,0,0,-0.0025308888871222734,1,7
71,42,0,0,-0.0025308888871222734,1,7
71,43,0,0,-0.0025308888871222734,1,7
71,44,0,0,-0.0025308888871222734,1,7
71,45,0,0,-0.0025308888871222734,1,7
71,46,0,0,-0.0025308888871222734,1,7
71,47,0,0,-0.0025308888871222734,1,7
71,48,0,0,-0.0025308888871222734,1,7
71,49,0,0,-0.0025308888871222734,1,7
71,50,0,0,-0.0025308888871222734,1,7
71,51,0,0,-0.0025308888871222734,1,7
71,52,0,0,-0.0025308888871222734,1,7
71,53,0,0,-0.0025308888871222734,1,7
71,54,0,0,-0.0025308888871222734,1,7
71,55,0,0,-0.0025308888871222734,1,7
71,56,0,0,-0.0025308888871222734,1,7
71,57,0,0,-0.0025308888871222734,1,7
71,58,0,0,-0.0025308888871222734,1,7
71,59,0,0,-0.0025308888871222734,1,7
71,60,0,0,-0.0025308888871222734,1,7
71,61,0,0,-0.0025308888871222734,1,7
71,62,0,0,-0.0025308888871222734,1,7
71,63,0,0,-0.0025308888871222734,1,7
71,64,0,0,-0.0025308888871222734,1,7
71,65,0,0,-0.0025308888871222734,1,7
71,66,0,0,-0.0025308888871222734,1,7
71,67,0,0,-0.0025308888871222734,1,7
71,68,0,0,-0.0025308888871222734,1,7
71,69,0,0,-0.0025308888871222734,1,7
71,70,0,0,-0.0025308888871222734,1,7
71,71,0,0,-0.0025308888871222734,1,7
71,72,0,0,-0.0025308888871222734,1,7
71,73,0,0,-0.0025308888871222734,1,7
71,74,0,0,-0.0025308888871222734,1,7
71,75,0,0,-0.0025308888871222734,1,7
71,76,0,0,-0.0025308888871222734,1,7
71,77,0,0,-0.0025308888871222734,1,7
71,78,0,0,-0.0025308888871222734,1,7
71,79,0,0,-0.0025308888871222734,1,7
71,80,0,0,-0.0025308888871222734,1,7
71,81,0,0,-0.0025308888871222734,1,7
71,82,0,0,-0.0025308888871222734,1,7
71,83,0,0,-0.0025308888871222734,1,7
71,84,0,0,-0.0025308888871222734,1,7
71,85,0,0,-0.0025308888871222734,1,7
71,86,0,0,-0.0025308888871222734,1,7
71,87,0,0,-0.0025308888871222734,1,7
71,88,0,0,-0.0025308888871222734,1,7
71,89,0,0,-0.0025308888871222734,1,7
71,90,0,0,-0.0025308888871222734,1,7
71,91,0,0,-0.0025308888871222734,1,7
71,92,0,0,-0.0025308888871222734,1,7
71,93,0,0,-0.0025308888871222734,1,7
71,94,0,0,-0.0025308888871222734,1,7
71,95,0,0,-0.0025308888871222734,1,7
71,96,0,0,-0.0025308888871222734,1,7
71,97,0,0,-0.0025308888871222734,1,7
71,98,0,0,-0.0025308888871222734,1,7
71,99,0,0,-0.0025308888871222734,1,7
71,100,0,0,-0.0025308888871222734,1,7
72,1,0,0,-0.0035374120343476534,1,6
72,2,0,0,-0.004625874571502209,1,6
72,3,0,0,-0.005042060744017363,1,6
72,4,0,0,-0.00561086880043149,1,6
72,5,0,0,-0.005680142901837826,1,6
72,6,0,0,-0.00583977997303009,1,6
72,7,0,0,-0.00583977997303009,1,6
72,8,0,0,-0.00583977997303009,1,6
72,9,0,0,-0.00583977997303009,1,6
72,10,0,0,-0.00583977997303009,1,6
72,11,0,0,-0.00583977997303009,1,6
72,12,0,0,-0.00583977997303009,1,6
72,13,0,0,-0.00583977997303009,1,6
72,14,0,0,-0.00583977997303009,1,6
72,15,0,0,-0.00583977997303009,1,6
72,16,0,0,-0.00583977997303009,1,6
72,17,0,0,-0.00583977997303009,1,6
72,18,0,0,-0.00583977997303009,1,6
72,19,0,0,-0.00583977997303009,1,6
72,20,0,0,-0.00583977997303009,1,6
72,21,0,0,-0.00583977997303009,1,6
72,22,0,0,-0.00583977997303009,1,6
72,23,0,0,-0.00583977997303009,1,6
72,24,0,0,-0.00583977997303009,1,6
72,25,0,0,-0.00583977997303009,1,6
72,26,0,0,-0.00583977997303009,1,6
72,27,0,0,-0.00583977997303009,1,6
72,28,0,0,-0.00583977997303009,1,6
72,29,0,0,-0.00583977997303009,1,6
72,30,0,0,-0.00583977997303009,1,6
72,31,0,0,-0.00583977997303009,1,6
72,32,0,0,-0.00583977997303009,1,6
72,33,0,0,-0.00583977997303009,1,6
72,34,0,0,-0.00583977997303009,1,6
72,35,0,0,-0.00583977997303009,1,6
72,36,0,0,-0.00583977997303009,1,6
72,37,0,0,-0.00583977997303009,1,6
72,38,0,0,-0.00583977997303009,1,6
72,39,0,0,-0.00583977997303009,1,6
72,40,0,0,-0.00583977997303009,1,6
72,41,0,0,-0.00583977997303009,1,6
72,42,0,0,-0.00583977997303009,1,6
72,43,0,0,-0.00583977997303009,1,6
72,44,0,0,-0.00583977997303009,1,6
72,45,0,0,-0.00583977997303009,1,6
72,46,0,0,-0.00583977997303009,1,6
72,47,0,0,-0.00583977997303009,1,6
72,48,0,0,-0.00583977997303009,1,6
72,49,0,0,-0.00583977997303009,1,6
72,50,0,0,-0.00583977997303009,1,6
72,51,0,0,-0.00583977997303009,1,6
72,52,0,0,-0.00583977997303009,1,6
72,53,0,0,-0.00583977997303009,1,6
72,54,0,0,-0.00583977997303009,1,6
72,55,0,0,-0.00583977997303009,1,6
72,56,0,0,-0.00583977997303009,1,6
72,57,0,0,-0.00583977997303009,1,6
72,58,0,0,-0.00583977997303009,1,6
72,59,0,0,-0.00583977997303009,1,6
72,60,0,0,-0.00583977997303009,1,6
72,61,0,0,-0.00583977997303009,1,6
72,62,0,0,-0.00583977997303009,1,6
72,63,0,0,-0.00583977997303009,1,6
72,64,0,0,-0.00583977997303009,1,6
72,65,0,0,-0.00583977997303009,1,6
72,66,0,0,-0.00583977997303009,1,6
72,67,0,0,-0.00583977997303009,1,6
72,68,0,0,-0.00583977997303009,1,6
72,69,0,0,-0.00583977997303009,1,6
72,70,0,0,-0.00583977997303009,1,6
72,71,0,0,-0.00583977997303009,1,6
72,72,0,0,-0.00583977997303009,1,6
72,73,0,0,-0.00583977997303009,1,6
72,74,0,0,-0.00583977997303009,1,6
72,75,0,0,-0.00583977997303009,1,6
72,76,0,0,-0.00583977997303009,1,6
72,77,0,0,-0.00583977997303009,1,6
72,78,0,0,-0.00583977997303009,1,6
72,79,0,0,-0.00583977997303009,1,6
72,80,0,0,-0.00583977997303009,1,6
72,81,0,0,-0.00583977997303009,1,6
72,82,0,0,-0.00583977997303009,1,6
72,83,0,0,-0.00583977997303009,1,6
72,84,0,0,-0.00583977997303009,1,6
72,85,0,0,-0.00583977997303009,1,6
72,86,0,0,-0.00583977997303009,1,6
72,87,0,0,-0.00583977997303009,1,6
72,88,0,0,-0.00583977997303009,1,6
72,89,0,0,-0.00583977997303009,1,6
72,90,0,0,-0.00583977997303009,1,6
72,91,0,0,-0.00583977997303009,1,6
72,92,0,0,-0.00583977997303009,1,6
72,93,0,0,-0.00583977997303009,1,6
72,94,0,0,-0.00583977997303009,1,6
72,95,0,0,-0.00583977997303009,1,6
72,96,0,0,-0.00583977997303009,1,6
72,97,0,0,-0.00583977997303009,1,6
72,98,0,0,-0.00583977997303009,1,6
72,99,0,0,-0.00583977997303009,1,6
72,100,0,0,-0.00583977997303009,1,6
73,1,0,0,-0.001246485742740333,1,6
73,2,0,0,-0.0017102670390158892,1,6
73,3,0,0,-0.0015110214008018374,1,6
73,4,0,0,-0.0016463687643408775,1,6
73,5,0,0,-0.001334681175649166,1,6
73,6,0,0,-0.0014943184796720743,1,6
73,7,0,0,-0.0014943184796720743,1,6
73,8,0,0,-0.0014943184796720743,1,6
73,9,0,0,-0.0014943184796720743,1,6
73,10,0,0,-0.0014943184796720743,1,6
73,11,0,0,-0.0014943184796720743,1,6
73,12,0,0,-0.0014943184796720743,1,6
73,13,0,0,-0.0014943184796720743,1,6
73,14,0,0,-0.0014943184796720743,1,6
73,15,0,0,-0.0014943184796720743,1,6
73,16,0,0,-0.0014943184796720743,1,6
73,17,0,0,-0.0014943184796720743,1,6
73,18,0,0,-0.0014943184796720743,1,6
73,19,0,0,-0.0014943184796720743,1,6
73,20,0,0,-0.0014943184796720743,1,6
73,21,0,0,-0.0014943184796720743,1,6
73,22,0,0,-0.0014943184796720743,1,6
73,23,0,0,-0.0014943184796720743,1,6
73,24,0,0,-0.0014943184796720743,1,6
73,25,0,0,-0.0014943184796720743,1,6
73,26,0,0,-0.0014943184796720743,1,6
73,27,0,0,-0.0014943184796720743,1,6
73,28,0,0,-0.0014943184796720743,1,6
73,29,0,0,-0.0014943184796720743,1,6
73,30,0,0,-0.0014943184796720743,1,6
73,31,0,0,-0.0014943184796720743,1,6
73,32,0,0,-0.0014943184796720743,1,6
73,33,0,0,-0.0014943184796720743,1,6
73,34,0,0,-0.0014943184796720743,1,6
73,35,0,0,-0.0014943184796720743,1,6
73,36,0,0,-0.0014943184796720743,1,6
73,37,0,0,-0.0014943184796720743,1,6
73,38,0,0,-0.0014943184796720743,1,6
73,39,0,0,-0.0014943184796720743,1,6
73,40,0,0,-0.0014943184796720743,1,6
73,41,0,0,-0.0014943184796720743,1,6
73,42,0,0,-0.0014943184796720743,1,6
73,43,0,0,-0.0014943184796720743,1,6
73,44,0,0,-0.0014943184796720743,1,6
73,45,0,0,-0.0014943184796720743,1,6
73,46,0,0,-0.0014943184796720743,1,6
73,47,0,0,-0.0014943184796720743,1,6
73,48,0,0,-0.0014943184796720743,1,6
73,49,0,0,-0.0014943184796720743,1,6
73,50,0,0,-0.0014943184796720743,1,6
73,51,0,0,-0.0014943184796720743,1,6
73,52,0,0,-0.0014943184796720743,1,6
73,53,0,0,-0.0014943184796720743,1,6
73,54,0,0,-0.0014943184796720743,1,6
73,55,0,0,-0.0014943184796720743,1,6
73,56,0,0,-0.0014943184796720743,1,6
73,57,0,0,-0.0014943184796720743,1,6
73,58,0,0,-0.0014943184796720743,1,6
73,59,0,0,-0.0014943184796720743,1,6
73,60,0,0,-0.0014943184796720743,1,6
73,61,0,0,-0.0014943184796720743,1,6
73,62,0,0,-0.0014943184796720743,1,6
73,63,0,0,-0.0014943184796720743,1,6
73,64,0,0,-0.0014943184796720743,1,6
73,65,0,0,-0.0014943184796720743,1,6
73,66,0,0,-0.0014943184796720743,1,6
73,67,0,0,-0.0014943184796720743,1,6
73,68,0,0,-0.0014943184796720743,1,6
73,69,0,0,-0.0014943184796720743,1,6
73,70,0,0,-0.0014943184796720743,1,6
73,71,0,0,-0.0014943184796720743,1,6
73,72,0,0,-0.0014943184796720743,1,6
73,73,0,0,-0.0014943184796720743,1,6
73,74,0,0,-0.0014943184796720743,1,6
73,75,0,0,-0.0014943184796720743,1,6
73,76,0,0,-0.0014943184796720743,1,6
73,77,0,0,-0.0014943184796720743,1,6
73,78,0,0,-0.0014943184796720743,1,6
73,79,0,0,-0.0014943184796720743,1,6
73,80,0,0,-0.0014943184796720743,1,6
73,81,0,0,-0.0014943184796720743,1,6
73,82,0,0,-0.0014943184796720743,1,6
73,83,0,0,-0.0014943184796720743,1,6
73,84,0,0,-0.0014943184796720743,1,6
73,85,0,0,-0.0014943184796720743,1,6
73,86,0,0,-0.0014943184796720743,1,6
73,87,0,0,-0.0014943184796720743,1,6
73,88,0,0,-0.0014943184796720743,1,6
73,89,0,0,-0.0014943184796720743,1,6
73,90,0,0,-0.0014943184796720743,1,6
73,91,0,0,-0.0014943184796720743,1,6
73,92,0,0,-0.0014943184796720743,1,6
73,93,0,0,-0.0014943184796720743,1,6
73,94,0,0,-0.0014943184796720743,1,6
73,95,0,0,-0.0014943184796720743,1,6
73,96,0,0,-0.0014943184796720743,1,6
73,97,0,0,-0.0014943184796720743,1,6
73,98,0,0,-0.0014943184796720743,1,6
73,99,0,0,-0.0014943184796720743,1,6
73,100,0,0,-0.0014943184796720743,1,6
74,1,0,0,-0.001246485742740333,1,7
74,2,0,1,0.001222713035531342,0,7
74,3,0,1,0.0012413461226969957,0,7
74,4,0,1,0.0006404399173334241,0,7
74,5,0,1,0.00021502835443243384,0,7
74,6,0,0,-0.0009046766790561378,1,7
74,7,0,0,-0.0010715699754655361,1,7
74,8,0,0,-0.0010715699754655361,1,7
74,9,0,0,-0.0010715699754655361,1,7
74,10,0,0,-0.0010715699754655361,1,7
74,11,0,0,-0.0010715699754655361,1,7
74,12,0,0,-0.0010715699754655361,1,7
74,13,0,0,-0.0010715699754655361,1,7
74,14,0,0,-0.0010715699754655361,1,7
74,15,0,0,-0.0010715699754655361,1,7
74,16,0,0,-0.0010715699754655361,1,7
74,17,0,0,-0.0010715699754655361,1,7
74,18,0,0,-0.0010715699754655361,1,7
74,19,0,0,-0.0010715699754655361,1,7
74,20,0,0,-0.0010715699754655361,1,7
74,21,0,0,-0.0010715699754655361,1,7
74,22,0,0,-0.0010715699754655361,1,7
74,23,0,0,-0.0010715699754655361,1,7
74,24,0,0,-0.0010715699754655361,1,7
74,25,0,0,-0.0010715699754655361,1,7
74,26,0,0,-0.0010715699754655361,1,7
74,27,0,0,-0.0010715699754655361,1,7
74,28,0,0,-0.0010715699754655361,1,7
74,29,0,0,-0.0010715699754655361,1,7
74,30,0,0,-0.0010715699754655361,1,7
74,31,0,0,-0.0010715699754655361,1,7
74,32,0,0,-0.0010715699754655361,1,7
74,33,0,0,-0.0010715699754655361,1,7
74,34,0,0,-0.0010715699754655361,1,7
74,35,0,0,-0.0010715699754655361,1,7
74,36,0,0,-0.0010715699754655361,1,7
74,37,0,0,-0.0010715699754655361,1,7
74,38,0,0,-0.0010715699754655361,1,7
74,39,0,0,-0.0010715699754655361,1,7
74,40,0,0,-0.0010715699754655361,1,7
74,41,0,0,-0.0010715699754655361,1,7
74,42,0,0,-0.0010715699754655361,1,7
74,43,0,0,-0.0010715699754655361,1,7
74,44,0,0,-0.0010715699754655361,1,7
74,45,0,0,-0.0010715699754655361,1,7
74,46,0,0,-0.0010715699754655361,1,7
74,47,0,0,-0.0010715699754655361,1,7
74,48,0,0,-0.0010715699754655361,1,7
74,49,0,0,-0.0010715699754655361,1,7
74,50,0,0,-0.0010715699754655361,1,7
74,51,0,0,-0.0010715699754655361,1,7
74,52,0,0,-0.0010715699754655361,1,7
74,53,0,0,-0.0010715699754655361,1,7
74,54,0,0,-0.0010715699754655361,1,7
74,55,0,0,-0.0010715699754655361,1,7
74,56,0,0,-0.0010715699754655361,1,7
74,57,0,0,-0.0010715699754655361,1,7
74,58,0,0,-0.0010715699754655361,1,7
74,59,0,0,-0.0010715699754655361,1,7
74,60,0,0,-0.0010715699754655361,1,7
74,61,0,0,-0.0010715699754655361,1,7
74,62,0,0,-0.0010715699754655361,1,7
74,63,0,0,-0.0010715699754655361,1,7
74,64,0,0,-0.0010715699754655361,1,7
74,65,0,0,-0.0010715699754655361,1,7
74,66,0,0,-0.0010715699754655361,1,7
74,67,0,0,-0.0010715699754655361,1,7
74,68,0,0,-0.0010715699754655361,1,7
74,69,0,0,-0.0010715699754655361,1,7
74,70,0,0,-0.0010715699754655361,1,7
74,71,0,0,-0.0010715699754655361,1,7
74,72,0,0,-0.0010715699754655361,1,7
74,73,0,0,-0.0010715699754655361,1,7
74,74,0,0,-0.0010715699754655361,1,7
74,75,0,0,-0.0010715699754655361,1,7
74,76,0,0,-0.0010715699754655361,1,7
74,77,0,0,-0.0010715699754655361,1,7
74,78,0,0,-0.0010715699754655361,1,7
74,79,0,0,-0.0010715699754655361,1,7
74,80,0,0,-0.0010715699754655361,1,7
74,81,0,0,-0.0010715699754655361,1,7
74,82,0,0,-0.0010715699754655361,1,7
74,83,0,0,-0.0010715699754655361,1,7
74,84,0,0,-0.0010715699754655361,1,7
74,85,0,0,-0.0010715699754655361,1,7
74,86,0,0,-0.0010715699754655361,1,7
74,87,0,0,-0.0010715699754655361,1,7
74,88,0,0,-0.0010715699754655361,1,7
74,89,0,0,-0.0010715699754655361,1,7
74,90,0,0,-0.0010715699754655361,1,7
74,91,0,0,-0.0010715699754655361,1,7
74,92,0,0,-0.0010715699754655361,1,7
74,93,0,0,-0.0010715699754655361,1,7
74,94,0,0,-0.0010715699754655361,1,7
74,95,0,0,-0.0010715699754655361,1,7
74,96,0,0,-0.0010715699754655361,1,7
74,97,0,0,-0.0010715699754655361,1,7
74,98,0,0,-0.0010715699754655361,1,7
74,99,0,0,-0.0010715699754655361,1,7
74,100,0,0,-0.0010715699754655361,1,7
75,1,0,0,-7.859426114009693e-05,1,12
75,2,0,0,-0.0002761246869340539,1,12
75,3,0,0,-0.00025556402397342026,1,12
75,4,0,1,0.000245116330916062,0,12
75,5,0,0,-0.0002999895077664405,1,12
75,6,0,0,-0.0008039603708311915,1,12
75,7,0,0,-0.001372768310829997,1,12
75,8,0,0,-0.0015726994024589658,1,12
75,9,0,0,-0.0025427942164242268,1,12
75,10,0,0,-0.003326315898448229,1,12
75,11,0,0,-0.0036197174340486526,1,12
75,12,0,0,-0.0040934705175459385,1,12
75,13,0,0,-0.0040934705175459385,1,12
75,14,0,0,-0.0040934705175459385,1,12
75,15,0,0,-0.0040934705175459385,1,12
75,16,0,0,-0.0040934705175459385,1,12
75,17,0,0,-0.0040934705175459385,1,12
75,18,0,0,-0.0040934705175459385,1,12
75,19,0,0,-0.0040934705175459385,1,12
75,20,0,0,-0.0040934705175459385,1,12
75,21,0,0,-0.0040934705175459385,1,12
75,22,0,0,-0.0040934705175459385,1,12
75,23,0,0,-0.0040934705175459385,1,12
75,24,0,0,-0.0040934705175459385,1,12
75,25,0,0,-0.0040934705175459385,1,12
75,26,0,0,-0.0040934705175459385,1,12
75,27,0,0,-0.0040934705175459385,1,12
75,28,0,0,-0.0040934705175459385,1,12
75,29,0,0,-0.0040934705175459385,1,12
75,30,0,0,-0.0040934705175459385,1,12
75,31,0,0,-0.0040934705175459385,1,12
75,32,0,0,-0.0040934705175459385,1,12
75,33,0,0,-0.0040934705175459385,1,12
75,34,0,0,-0.0040934705175459385,1,12
75,35,0,0,-0.0040934705175459385,1,12
75,36,0,0,-0.0040934705175459385,1,12
75,37,0,0,-0.0040934705175459385,1,12
75,38,0,0,-0.0040934705175459385,1,12
75,39,0,0,-0.0040934705175459385,1,12
75,40,0,0,-0.0040934705175459385,1,12
75,41,0,0,-0.0040934705175459385,1,12
75,42,0,0,-0.0040934705175459385,1,12
75,43,0,0,-0.0040934705175459385,1,12
75,44,0,0,-0.0040934705175459385,1,12
75,45,0,0,-0.0040934705175459385,1,12
75,46,0,0,-0.0040934705175459385,1,12
75,47,0,0,-0.0040934705175459385,1,12
75,48,0,0,-0.0040934705175459385,1,12
75,49,0,0,-0.0040934705175459385,1,12
75,50,0,0,-0.0040934705175459385,1,12
75,51,0,0,-0.0040934705175459385,1,12
75,52,0,0,-0.0040934705175459385,1,12
75,53,0,0,-0.0040934705175459385,1,12
75,54,0,0,-0.0040934705175459385,1,12
75,55,0,0,-0.0040934705175459385,1,12
75,56,0,0,-0.0040934705175459385,1,12
75,57,0,0,-0.0040934705175459385,1,12
75,58,0,0,-0.0040934705175459385,1,12
75,59,0,0,-0.0040934705175459385,1,12
75,60,0,0,-0.0040934705175459385,1,12
75,61,0,0,-0.0040934705175459385,1,12
75,62,0,0,-0.0040934705175459385,1,12
75,63,0,0,-0.0040934705175459385,1,12
75,64,0,0,-0.0040934705175459385,1,12
75,65,0,0,-0.0040934705175459385,1,12
75,66,0,0,-0.0040934705175459385,1,12
75,67,0,0,-0.0040934705175459385,1,12
75,68,0,0,-0.0040934705175459385,1,12
75,69,0,0,-0.0040934705175459385,1,12
75,70,0,0,-0.0040934705175459385,1,12
75,71,0,0,-0.0040934705175459385,1,12
75,72,0,0,-0.0040934705175459385,1,12
75,73,0,0,-0.0040934705175459385,1,12
75,74,0,0,-0.0040934705175459385,1,12
75,75,0,0,-0.0040934705175459385,1,12
75,76,0,0,-0.0040934705175459385,1,12
75,77,0,0,-0.0040934705175459385,1,12
75,78,0,0,-0.0040934705175459385,1,12
75,79,0,0,-0.0040934705175459385,1,12
75,80,0,0,-0.0040934705175459385,1,12
75,81,0,0,-0.0040934705175459385,1,12
75,82,0,0,-0.0040934705175459385,1,12
75,83,0,0,-0.0040934705175459385,1,12
75,84,0,0,-0.0040934705175459385,1,12
75,85,0,0,-0.0040934705175459385,1,12
75,86,0,0,-0.0040934705175459385,1,12
75,87,0,0,-0.0040934705175459385,1,12
75,88,0,0,-0.0040934705175459385,1,12
75,89,0,0,-0.0040934705175459385,1,12
75,90,0,0,-0.0040934705175459385,1,12
75,91,0,0,-0.0040934705175459385,1,12
75,92,0,0,-0.0040934705175459385,1,12
75,93,0,0,-0.0040934705175459385,1,12
75,94,0,0,-0.0040934705175459385,1,12
75,95,0,0,-0.0040934705175459385,1,12
75,96,0,0,-0.0040934705175459385,1,12
75,97,0,0,-0.0040934705175459385,1,12
75,98,0,0,-0.0040934705175459385,1,12
75,99,0,0,-0.0040934705175459385,1,12
75,100,0,0,-0.0040934705175459385,1,12
76,1,1,0,-0.0036905270535498857,0,7
76,2,1,0,-0.0035247732885181904,0,7
76,3,1,0,-0.003954568412154913,0,7
76,4,1,0,-0.004550166893750429,0,7
76,5,1,0,-0.004664041101932526,0,7
76,6,1,0,-0.004543093964457512,0,7
76,7,1,0,-0.003964077215641737,0,7
76,8,1,0,-0.003964077215641737,0,7
76,9,1,0,-0.003964077215641737,0,7
76,10,1,0,-0.003964077215641737,0,7
76,11,1,0,-0.003964077215641737,0,7
76,12,1,0,-0.003964077215641737,0,7
76,13,1,0,-0.003964077215641737,0,7
76,14,1,0,-0.003964077215641737,0,7
76,15,1,0,-0.003964077215641737,0,7
76,16,1,0,-0.003964077215641737,0,7
76,17,1,0,-0.003964077215641737,0,7
76,18,1,0,-0.003964077215641737,0,7
76,19,1,0,-0.003964077215641737,0,7
76,20,1,0,-0.003964077215641737,0,7
76,21,1,0,-0.003964077215641737,0,7
76,22,1,0,-0.003964077215641737,0,7
76,23,1,0,-0.003964077215641737,0,7
76,24,1,0,-0.003964077215641737,0,7
76,25,1,0,-0.003964077215641737,0,7
76,26,1,0,-0.003964077215641737,0,7
76,27,1,0,-0.003964077215641737,0,7
76,28,1,0,-0.003964077215641737,0,7
76,29,1,0,-0.003964077215641737,0,7
76,30,1,0,-0.003964077215641737,0,7
76,31,1,0,-0.003964077215641737,0,7
76,32,1,0,-0.003964077215641737,0,7
76,33,1,0,-0.003964077215641737,0,7
76,34,1,0,-0.003964077215641737,0,7
76,35,1,0,-0.003964077215641737,0,7
76,36,1,0,-0.003964077215641737,0,7
76,37,1,0,-0.003964077215641737,0,7
76,38,1,0,-0.003964077215641737,0,7
76,39,1,0,-0.003964077215641737,0,7
76,40,1,0,-0.003964077215641737,0,7
76,41,1,0,-0.003964077215641737,0,7
76,42,1,0,-0.003964077215641737,0,7
76,43,1,0,-0.003964077215641737,0,7
76,44,1,0,-0.003964077215641737,0,7
76,45,1,0,-0.003964077215641737,0,7
76,46,1,0,-0.003964077215641737,0,7
76,47,1,0,-0.003964077215641737,0,7
76,48,1,0,-0.003964077215641737,0,7
76,49,1,0,-0.003964077215641737,0,7
76,50,1,0,-0.003964077215641737,0,7
76,51,1,0,-0.003964077215641737,0,7
76,52,1,0,-0.003964077215641737,0,7
76,53,1,0,-0.003964077215641737,0,7
76,54,1,0,-0.003964077215641737,0,7
76,55,1,0,-0.003964077215641737,0,7
76,56,1,0,-0.003964077215641737,0,7
76,57,1,0,-0.003964077215641737,0,7
76,58,1,0,-0.003964077215641737,0,7
76,59,1,0,-0.003964077215641737,0,7
76,60,1,0,-0.003964077215641737,0,7
76,61,1,0,-0.003964077215641737,0,7
76,62,1,0,-0.003964077215641737,0,7
76,63,1,0,-0.003964077215641737,0,7
76,64,1,0,-0.003964077215641737,0,7
76,65,1,0,-0.003964077215641737,0,7
76,66,1,0,-0.003964077215641737,0,7
76,67,1,0,-0.003964077215641737,0,7
76,68,1,0,-0.003964077215641737,0,7
76,69,1,0,-0.003964077215641737,0,7
76,70,1,0,-0.003964077215641737,0,7
76,71,1,0,-0.003964077215641737,0,7
76,72,1,0,-0.003964077215641737,0,7
76,73,1,0,-0.003964077215641737,0,7
76,74,1,0,-0.003964077215641737,0,7
76,75,1,0,-0.003964077215641737,0,7
76,76,1,0,-0.003964077215641737,0,7
76,77,1,0,-0.003964077215641737,0,7
76,78,1,0,-0.003964077215641737,0,7
76,79,1,0,-0.003964077215641737,0,7
76,80,1,0,-0.003964077215641737,0,7
76,81,1,0,-0.003964077215641737,0,7
76,82,1,0,-0.003964077215641737,0,7
76,83,1,0,-0.003964077215641737,0,7
76,84,1,0,-0.003964077215641737,0,7
76,85,1,0,-0.003964077215641737,0,7
76,86,1,0,-0.003964077215641737,0,7
76,87,1,0,-0.003964077215641737,0,7
76,88,1,0,-0.003964077215641737,0,7
76,89,1,0,-0.003964077215641737,0,7
76,90,1,0,-0.003964077215641737,0,7
76,91,1,0,-0.003964077215641737,0,7
76,92,1,0,-0.003964077215641737,0,7
76,93,1,0,-0.003964077215641737,0,7
76,94,1,0,-0.003964077215641737,0,7
76,95,1,0,-0.003964077215641737,0,7
76,96,1,0,-0.003964077215641737,0,7
76,97,1,0,-0.003964077215641737,0,7
76,98,1,0,-0.003964077215641737,0,7
76,99,1,0,-0.003964077215641737,0,7
76,100,1,0,-0.003964077215641737,0,7
77,1,0,0,-0.004660448059439659,1,5
77,2,0,0,-0.005748910829424858,1,5
77,3,0,0,-0.004811171442270279,1,5
77,4,0,0,-0.0044448478147387505,1,5
77,5,0,0,-0.004543527960777283,1,5
77,6,0,0,-0.004543527960777283,1,5
77,7,0,0,-0.004543527960777283,1,5
77,8,0,0,-0.004543527960777283,1,5
77,9,0,0,-0.004543527960777283,1,5
77,10,0,0,-0.004543527960777283,1,5
77,11,0,0,-0.004543527960777283,1,5
77,12,0,0,-0.004543527960777283,1,5
77,13,0,0,-0.004543527960777283,1,5
77,14,0,0,-0.004543527960777283,1,5
77,15,0,0,-0.004543527960777283,1,5
77,16,0,0,-0.004543527960777283,1,5
77,17,0,0,-0.004543527960777283,1,5
77,18,0,0,-0.004543527960777283,1,5
77,19,0,0,-0.004543527960777283,1,5
77,20,0,0,-0.004543527960777283,1,5
77,21,0,0,-0.004543527960777283,1,5
77,22,0,0,-0.004543527960777283,1,5
77,23,0,0,-0.004543527960777283,1,5
77,24,0,0,-0.004543527960777283,1,5
77,25,0,0,-0.004543527960777283,1,5
77,26,0,0,-0.004543527960777283,1,5
77,27,0,0,-0.004543527960777283,1,5
77,28,0,0,-0.004543527960777283,1,5
77,29,0,0,-0.004543527960777283,1,5
77,30,0,0,-0.004543527960777283,1,5
77,31,0,0,-0.004543527960777283,1,5
77,32,0,0,-0.004543527960777283,1,5
77,33,0,0,-0.004543527960777283,1,5
77,34,0,0,-0.004543527960777283,1,5
77,35,0,0,-0.004543527960777283,1,5
77,36,0,0,-0.004543527960777283,1,5
77,37,0,0,-0.004543527960777283,1,5
77,38,0,0,-0.004543527960777283,1,5
77,39,0,0,-0.004543527960777283,1,5
77,40,0,0,-0.004543527960777283,1,5
77,41,0,0,-0.004543527960777283,1,5
77,42,0,0,-0.004543527960777283,1,5
77,43,0,0,-0.004543527960777283,1,5
77,44,0,0,-0.004543527960777283,1,5
77,45,0,0,-0.004543527960777283,1,5
77,46,0,0,-0.004543527960777283,1,5
77,47,0,0,-0.004543527960777283,1,5
77,48,0,0,-0.004543527960777283,1,5
77,49,0,0,-0.004543527960777283,1,5
77,50,0,0,-0.004543527960777283,1,5
77,51,0,0,-0.004543527960777283,1,5
77,52,0,0,-0.004543527960777283,1,5
77,53,0,0,-0.004543527960777283,1,5
77,54,0,0,-0.004543527960777283,1,5
77,55,0,0,-0.004543527960777283,1,5
77,56,0,0,-0.004543527960777283,1,5
77,57,0,0,-0.004543527960777283,1,5
77,58,0,0,-0.004543527960777283,1,5
77,59,0,0,-0.004543527960777283,1,5
77,60,0,0,-0.004543527960777283,1,5
77,61,0,0,-0.004543527960777283,1,5
77,62,0,0,-0.004543527960777283,1,5
77,63,0,0,-0.004543527960777283,1,5
77,64,0,0,-0.004543527960777283,1,5
77,65,0,0,-0.004543527960777283,1,5
77,66,0,0,-0.004543527960777283,1,5
77,67,0,0,-0.004543527960777283,1,5
77,68,0,0,-0.004543527960777283,1,5
77,69,0,0,-0.004543527960777283,1,5
77,70,0,0,-0.004543527960777283,1,5
77,71,0,0,-0.004543527960777283,1,5
77,72,0,0,-0.004543527960777283,1,5
77,73,0,0,-0.004543527960777283,1,5
77,74,0,0,-0.004543527960777283,1,5
77,75,0,0,-0.004543527960777283,1,5
77,76,0,0,-0.004543527960777283,1,5
77,77,0,0,-0.004543527960777283,1,5
77,78,0,0,-0.004543527960777283,1,5
77,79,0,0,-0.004543527960777283,1,5
77,80,0,0,-0.004543527960777283,1,5
77,81,0,0,-0.004543527960777283,1,5
77,82,0,0,-0.004543527960777283,1,5
77,83,0,0,-0.004543527960777283,1,5
77,84,0,0,-0.004543527960777283,1,5
77,85,0,0,-0.004543527960777283,1,5
77,86,0,0,-0.004543527960777283,1,5
77,87,0,0,-0.004543527960777283,1,5
77,88,0,0,-0.004543527960777283,1,5
77,89,0,0,-0.004543527960777283,1,5
77,90,0,0,-0.004543527960777283,1,5
77,91,0,0,-0.004543527960777283,1,5
77,92,0,0,-0.004543527960777283,1,5
77,93,0,0,-0.004543527960777283,1,5
77,94,0,0,-0.004543527960777283,1,5
77,95,0,0,-0.004543527960777283,1,5
77,96,0,0,-0.004543527960777283,1,5
77,97,0,0,-0.004543527960777283,1,5
77,98,0,0,-0.004543527960777283,1,5
77,99,0,0,-0.004543527960777283,1,5
77,100,0,0,-0.004543527960777283,1,5
78,1,1,0,-0.001288900151848793,0,12
78,2,1,0,-0.001476723118685186,0,12
78,3,1,0,-0.0019630249589681625,0,12
78,4,1,0,-0.0019884295761585236,0,12
78,5,1,0,-0.002423017518594861,0,12
78,6,1,0,-0.002477232599630952,0,12
78,7,1,0,-0.0014437619829550385,0,12
78,8,1,0,-0.0012539596064016223,0,12
78,9,1,0,-0.0018008968327194452,0,12
78,10,1,0,-0.0004884551744908094,0,12
78,11,1,0,-0.000356046250090003,0,12
78,12,1,0,-0.0004611406766343862,0,12
78,13,1,0,-0.0004611406766343862,0,12
78,14,1,0,-0.0004611406766343862,0,12
78,15,1,0,-0.0004611406766343862,0,12
78,16,1,0,-0.0004611406766343862,0,12
78,17,1,0,-0.0004611406766343862,0,12
78,18,1,0,-0.0004611406766343862,0,12
78,19,1,0,-0.0004611406766343862,0,12
78,20,1,0,-0.0004611406766343862,0,12
78,21,1,0,-0.0004611406766343862,0,12
78,22,1,0,-0.0004611406766343862,0,12
78,23,1,0,-0.0004611406766343862,0,12
78,24,1,0,-0.0004611406766343862,0,12
78,25,1,0,-0.0004611406766343862,0,12
78,26,1,0,-0.0004611406766343862,0,12
78,27,1,0,-0.0004611406766343862,0,12
78,28,1,0,-0.0004611406766343862,0,12
78,29,1,0,-0.0004611406766343862,0,12
78,30,1,0,-0.0004611406766343862,0,12
78,31,1,0,-0.0004611406766343862,0,12
78,32,1,0,-0.0004611406766343862,0,12
78,33,1,0,-0.0004611406766343862,0,12
78,34,1,0,-0.0004611406766343862,0,12
78,35,1,0,-0.0004611406766343862,0,12
78,36,1,0,-0.0004611406766343862,0,12
78,37,1,0,-0.0004611406766343862,0,12
78,38,1,0,-0.0004611406766343862,0,12
78,39,1,0,-0.0004611406766343862,0,12
78,40,1,0,-0.0004611406766343862,0,12
78,41,1,0,-0.0004611406766343862,0,12
78,42,1,0,-0.0004611406766343862,0,12
78,43,1,0,-0.0004611406766343862,0,12
78,44,1,0,-0.0004611406766343862,0,12
78,45,1,0,-0.0004611406766343862,0,12
78,46,1,0,-0.0004611406766343862,0,12
78,47,1,0,-0.0004611406766343862,0,12
78,48,1,0,-0.0004611406766343862,0,12
78,49,1,0,-0.0004611406766343862,0,12
78,50,1,0,-0.0004611406766343862,0,12
78,51,1,0,-0.0004611406766343862,0,12
78,52,1,0,-0.0004611406766343862,0,12
78,53,1,0,-0.0004611406766343862,0,12
78,54,1,0,-0.0004611406766343862,0,12
78,55,1,0,-0.0004611406766343862,0,12
78,56,1,0,-0.0004611406766343862,0,12
78,57,1,0,-0.0004611406766343862,0,12
78,58,1,0,-0.0004611406766343862,0,12
78,59,1,0,-0.0004611406766343862,0,12
78,60,1,0,-0.0004611406766343862,0,12
78,61,1,0,-0.0004611406766343862,0,12
78,62,1,0,-0.0004611406766343862,0,12
78,63,1,0,-0.0004611406766343862,0,12
78,64,1,0,-0.0004611406766343862,0,12
78,65,1,0,-0.0004611406766343862,0,12
78,66,1,0,-0.0004611406766343862,0,12
78,67,1,0,-0.0004611406766343862,0,12
78,68,1,0,-0.0004611406766343862,0,12
78,69,1,0,-0.0004611406766343862,0,12
78,70,1,0,-0.0004611406766343862,0,12
78,71,1,0,-0.0004611406766343862,0,12
78,72,1,0,-0.0004611406766343862,0,12
78,73,1,0,-0.0004611406766343862,0,12
78,74,1,0,-0.0004611406766343862,0,12
78,75,1,0,-0.0004611406766343862,0,12
78,76,1,0,-0.0004611406766343862,0,12
78,77,1,0,-0.0004611406766343862,0,12
78,78,1,0,-0.0004611406766343862,0,12
78,79,1,0,-0.0004611406766343862,0,12
78,80,1,0,-0.0004611406766343862,0,12
78,81,1,0,-0.0004611406766343862,0,12
78,82,1,0,-0.0004611406766343862,0,12
78,83,1,0,-0.0004611406766343862,0,12
78,84,1,0,-0.0004611406766343862,0,12
78,85,1,0,-0.0004611406766343862,0,12
78,86,1,0,-0.0004611406766343862,0,12
78,87,1,0,-0.0004611406766343862,0,12
78,88,1,0,-0.0004611406766343862,0,12
78,89,1,0,-0.0004611406766343862,0,12
78,90,1,0,-0.0004611406766343862,0,12
78,91,1,0,-0.0004611406766343862,0,12
78,92,1,0,-0.0004611406766343862,0,12
78,93,1,0,-0.0004611406766343862,0,12
78,94,1,0,-0.0004611406766343862,0,12
78,95,1,0,-0.0004611406766343862,0,12
78,96,1,0,-0.0004611406766343862,0,12
78,97,1,0,-0.0004611406766343862,0,12
78,98,1,0,-0.0004611406766343862,0,12
78,99,1,0,-0.0004611406766343862,0,12
78,100,1,0,-0.0004611406766343862,0,12
79,1,0,1,0.0011042486876249313,0,6
79,2,0,1,0.0006404673331417143,0,6
79,3,0,1,0.00022428113152273,0,6
79,4,0,0,-0.0003445267502684146,1,6
79,5,0,0,-0.0007798108272254467,1,6
79,6,0,0,-0.0014649820514023304,1,6
79,7,0,0,-0.0014649820514023304,1,6
79,8,0,0,-0.0014649820514023304,1,6
79,9,0,0,-0.0014649820514023304,1,6
79,10,0,0,-0.0014649820514023304,1,6
79,11,0,0,-0.0014649820514023304,1,6
79,12,0,0,-0.0014649820514023304,1,6
79,13,0,0,-0.0014649820514023304,1,6
79,14,0,0,-0.0014649820514023304,1,6
79,15,0,0,-0.0014649820514023304,1,6
79,16,0,0,-0.0014649820514023304,1,6
79,17,0,0,-0.0014649820514023304,1,6
79,18,0,0,-0.0014649820514023304,1,6
79,19,0,0,-0.0014649820514023304,1,6
79,20,0,0,-0.0014649820514023304,1,6
79,21,0,0,-0.0014649820514023304,1,6
79,22,0,0,-0.0014649820514023304,1,6
79,23,0,0,-0.0014649820514023304,1,6
79,24,0,0,-0.0014649820514023304,1,6
79,25,0,0,-0.0014649820514023304,1,6
79,26,0,0,-0.0014649820514023304,1,6
79,27,0,0,-0.0014649820514023304,1,6
79,28,0,0,-0.0014649820514023304,1,6
79,29,0,0,-0.0014649820514023304,1,6
79,30,0,0,-0.0014649820514023304,1,6
79,31,0,0,-0.0014649820514023304,1,6
79,32,0,0,-0.0014649820514023304,1,6
79,33,0,0,-0.0014649820514023304,1,6
79,34,0,0,-0.0014649820514023304,1,6
79,35,0,0,-0.0014649820514023304,1,6
79,36,0,0,-0.0014649820514023304,1,6
79,37,0,0,-0.0014649820514023304,1,6
79,38,0,0,-0.0014649820514023304,1,6
79,39,0,0,-0.0014649820514023304,1,6
79,40,0,0,-0.0014649820514023304,1,6
79,41,0,0,-0.0014649820514023304,1,6
79,42,0,0,-0.0014649820514023304,1,6
79,43,0,0,-0.0014649820514023304,1,6
79,44,0,0,-0.0014649820514023304,1,6
79,45,0,0,-0.0014649820514023304,1,6
79,46,0,0,-0.0014649820514023304,1,6
79,47,0,0,-0.0014649820514023304,1,6
79,48,0,0,-0.0014649820514023304,1,6
79,49,0,0,-0.0014649820514023304,1,6
79,50,0,0,-0.0014649820514023304,1,6
79,51,0,0,-0.0014649820514023304,1,6
79,52,0,0,-0.0014649820514023304,1,6
79,53,0,0,-0.0014649820514023304,1,6
79,54,0,0,-0.0014649820514023304,1,6
79,55,0,0,-0.0014649820514023304,1,6
79,56,0,0,-0.0014649820514023304,1,6
79,57,0,0,-0.0014649820514023304,1,6
79,58,0,0,-0.0014649820514023304,1,6
79,59,0,0,-0.0014649820514023304,1,6
79,60,0,0,-0.0014649820514023304,1,6
79,61,0,0,-0.0014649820514023304,1,6
79,62,0,0,-0.0014649820514023304,1,6
79,63,0,0,-0.0014649820514023304,1,6
79,64,0,0,-0.0014649820514023304,1,6
79,65,0,0,-0.0014649820514023304,1,6
79,66,0,0,-0.0014649820514023304,1,6
79,67,0,0,-0.0014649820514023304,1,6
79,68,0,0,-0.0014649820514023304,1,6
79,69,0,0,-0.0014649820514023304,1,6
79,70,0,0,-0.0014649820514023304,1,6
79,71,0,0,-0.0014649820514023304,1,6
79,72,0,0,-0.0014649820514023304,1,6
79,73,0,0,-0.0014649820514023304,1,6
79,74,0,0,-0.0014649820514023304,1,6
79,75,0,0,-0.0014649820514023304,1,6
79,76,0,0,-0.0014649820514023304,1,6
79,77,0,0,-0.0014649820514023304,1,6
79,78,0,0,-0.0014649820514023304,1,6
79,79,0,0,-0.0014649820514023304,1,6
79,80,0,0,-0.0014649820514023304,1,6
79,81,0,0,-0.0014649820514023304,1,6
79,82,0,0,-0.0014649820514023304,1,6
79,83,0,0,-0.0014649820514023304,1,6
79,84,0,0,-0.0014649820514023304,1,6
79,85,0,0,-0.0014649820514023304,1,6
79,86,0,0,-0.0014649820514023304,1,6
79,87,0,0,-0.0014649820514023304,1,6
79,88,0,0,-0.0014649820514023304,1,6
79,89,0,0,-0.0014649820514023304,1,6
79,90,0,0,-0.0014649820514023304,1,6
79,91,0,0,-0.0014649820514023304,1,6
79,92,0,0,-0.0014649820514023304,1,6
79,93,0,0,-0.0014649820514023304,1,6
79,94,0,0,-0.0014649820514023304,1,6
79,95,0,0,-0.0014649820514023304,1,6
79,96,0,0,-0.0014649820514023304,1,6
79,97,0,0,-0.0014649820514023304,1,6
79,98,0,0,-0.0014649820514023304,1,6
79,99,0,0,-0.0014649820514023304,1,6
79,100,0,0,-0.0014649820514023304,1,6
80,1,0,1,0.0023020438384264708,0,9
80,2,0,1,0.0021045133471488953,0,9
80,3,0,1,0.002556907944381237,0,9
80,4,0,1,0.002956000855192542,0,9
80,5,0,1,0.002533779013901949,0,9
80,6,0,1,0.0035107501316815615,0,9
80,7,0,1,0.002893970813602209,0,9
80,8,0,1,0.0029793507419526577,0,9
80,9,0,1,0.00275341235101223,0,9
80,10,0,1,0.00275341235101223,0,9
80,11,0,1,0.00275341235101223,0,9
80,12,0,1,0.00275341235101223,0,9
80,13,0,1,0.00275341235101223,0,9
80,14,0,1,0.00275341235101223,0,9
80,15,0,1,0.00275341235101223,0,9
80,16,0,1,0.00275341235101223,0,9
80,17,0,1,0.00275341235101223,0,9
80,18,0,1,0.00275341235101223,0,9
80,19,0,1,0.00275341235101223,0,9
80,20,0,1,0.00275341235101223,0,9
80,21,0,1,0.00275341235101223,0,9
80,22,0,1,0.00275341235101223,0,9
80,23,0,1,0.00275341235101223,0,9
80,24,0,1,0.00275341235101223,0,9
80,25,0,1,0.00275341235101223,0,9
80,26,0,1,0.00275341235101223,0,9
80,27,0,1,0.00275341235101223,0,9
80,28,0,1,0.00275341235101223,0,9
80,29,0,1,0.00275341235101223,0,9
80,30,0,1,0.00275341235101223,0,9
80,31,0,1,0.00275341235101223,0,9
80,32,0,1,0.00275341235101223,0,9
80,33,0,1,0.00275341235101223,0,9
80,34,0,1,0.00275341235101223,0,9
80,35,0,1,0.00275341235101223,0,9
80,36,0,1,0.00275341235101223,0,9
80,37,0,1,0.00275341235101223,0,9
80,38,0,1,0.00275341235101223,0,9
80,39,0,1,0.00275341235101223,0,9
80,40,0,1,0.00275341235101223,0,9
80,41,0,1,0.00275341235101223,0,9
80,42,0,1,0.00275341235101223,0,9
80,43,0,1,0.00275341235101223,0,9
80,44,0,1,0.00275341235101223,0,9
80,45,0,1,0.00275341235101223,0,9
80,46,0,1,0.00275341235101223,0,9
80,47,0,1,0.00275341235101223,0,9
80,48,0,1,0.00275341235101223,0,9
80,49,0,1,0.00275341235101223,0,9
80,50,0,1,0.00275341235101223,0,9
80,51,0,1,0.00275341235101223,0,9
80,52,0,1,0.00275341235101223,0,9
80,53,0,1,0.00275341235101223,0,9
80,54,0,1,0.00275341235101223,0,9
80,55,0,1,0.00275341235101223,0,9
80,56,0,1,0.00275341235101223,0,9
80,57,0,1,0.00275341235101223,0,9
80,58,0,1,0.00275341235101223,0,9
80,59,0,1,0.00275341235101223,0,9
80,60,0,1,0.00275341235101223,0,9
80,61,0,1,0.00275341235101223,0,9
80,62,0,1,0.00275341235101223,0,9
80,63,0,1,0.00275341235101223,0,9
80,64,0,1,0.00275341235101223,0,9
80,65,0,1,0.00275341235101223,0,9
80,66,0,1,0.00275341235101223,0,9
80,67,0,1,0.00275341235101223,0,9
80,68,0,1,0.00275341235101223,0,9
80,69,0,1,0.00275341235101223,0,9
80,70,0,1,0.00275341235101223,0,9
80,71,0,1,0.00275341235101223,0,9
80,72,0,1,0.00275341235101223,0,9
80,73,0,1,0.00275341235101223,0,9
80,74,0,1,0.00275341235101223,0,9
80,75,0,1,0.00275341235101223,0,9
80,76,0,1,0.00275341235101223,0,9
80,77,0,1,0.00275341235101223,0,9
80,78,0,1,0.00275341235101223,0,9
80,79,0,1,0.00275341235101223,0,9
80,80,0,1,0.00275341235101223,0,9
80,81,0,1,0.00275341235101223,0,9
80,82,0,1,0.00275341235101223,0,9
80,83,0,1,0.00275341235101223,0,9
80,84,0,1,0.00275341235101223,0,9
80,85,0,1,0.00275341235101223,0,9
80,86,0,1,0.00275341235101223,0,9
80,87,0,1,0.00275341235101223,0,9
80,88,0,1,0.00275341235101223,0,9
80,89,0,1,0.00275341235101223,0,9
80,90,0,1,0.00275341235101223,0,9
80,91,0,1,0.00275341235101223,0,9
80,92,0,1,0.00275341235101223,0,9
80,93,0,1,0.00275341235101223,0,9
80,94,0,1,0.00275341235101223,0,9
80,95,0,1,0.00275341235101223,0,9
80,96,0,1,0.00275341235101223,0,9
80,97,0,1,0.00275341235101223,0,9
80,98,0,1,0.00275341235101223,0,9
80,99,0,1,0.00275341235101223,0,9
80,100,0,1,0.00275341235101223,0,9
81,1,0,0,-0.002399425022304058,1,7
81,2,0,0,-0.0034878875594586134,1,7
81,3,0,0,-0.002550148405134678,1,7
81,4,0,0,-0.0025501481723040342,1,7
81,5,0,0,-0.002363920211791992,1,7
81,6,0,0,-0.0028839497826993465,1,7
81,7,0,0,-0.0031773513182997704,1,7
81,8,0,0,-0.0031773513182997704,1,7
81,9,0,0,-0.0031773513182997704,1,7
81,10,0,0,-0.0031773513182997704,1,7
81,11,0,0,-0.0031773513182997704,1,7
81,12,0,0,-0.0031773513182997704,1,7
81,13,0,0,-0.0031773513182997704,1,7
81,14,0,0,-0.0031773513182997704,1,7
81,15,0,0,-0.0031773513182997704,1,7
81,16,0,0,-0.0031773513182997704,1,7
81,17,0,0,-0.0031773513182997704,1,7
81,18,0,0,-0.0031773513182997704,1,7
81,19,0,0,-0.0031773513182997704,1,7
81,20,0,0,-0.0031773513182997704,1,7
81,21,0,0,-0.0031773513182997704,1,7
81,22,0,0,-0.0031773513182997704,1,7
81,23,0,0,-0.0031773513182997704,1,7
81,24,0,0,-0.0031773513182997704,1,7
81,25,0,0,-0.0031773513182997704,1,7
81,26,0,0,-0.0031773513182997704,1,7
81,27,0,0,-0.0031773513182997704,1,7
81,28,0,0,-0.0031773513182997704,1,7
81,29,0,0,-0.0031773513182997704,1,7
81,30,0,0,-0.0031773513182997704,1,7
81,31,0,0,-0.0031773513182997704,1,7
81,32,0,0,-0.0031773513182997704,1,7
81,33,0,0,-0.0031773513182997704,1,7
81,34,0,0,-0.0031773513182997704,1,7
81,35,0,0,-0.0031773513182997704,1,7
81,36,0,0,-0.0031773513182997704,1,7
81,37,0,0,-0.0031773513182997704,1,7
81,38,0,0,-0.0031773513182997704,1,7
81,39,0,0,-0.0031773513182997704,1,7
81,40,0,0,-0.0031773513182997704,1,7
81,41,0,0,-0.0031773513182997704,1,7
81,42,0,0,-0.0031773513182997704,1,7
81,43,0,0,-0.0031773513182997704,1,7
81,44,0,0,-0.0031773513182997704,1,7
81,45,0,0,-0.0031773513182997704,1,7
81,46,0,0,-0.0031773513182997704,1,7
81,47,0,0,-0.0031773513182997704,1,7
81,48,0,0,-0.0031773513182997704,1,7
81,49,0,0,-0.0031773513182997704,1,7
81,50,0,0,-0.0031773513182997704,1,7
81,51,0,0,-0.0031773513182997704,1,7
81,52,0,0,-0.0031773513182997704,1,7
81,53,0,0,-0.0031773513182997704,1,7
81,54,0,0,-0.0031773513182997704,1,7
81,55,0,0,-0.0031773513182997704,1,7
81,56,0,0,-0.0031773513182997704,1,7
81,57,0,0,-0.0031773513182997704,1,7
81,58,0,0,-0.0031773513182997704,1,7
81,59,0,0,-0.0031773513182997704,1,7
81,60,0,0,-0.0031773513182997704,1,7
81,61,0,0,-0.0031773513182997704,1,7
81,62,0,0,-0.0031773513182997704,1,7
81,63,0,0,-0.0031773513182997704,1,7
81,64,0,0,-0.0031773513182997704,1,7
81,65,0,0,-0.0031773513182997704,1,7
81,66,0,0,-0.0031773513182997704,1,7
81,67,0,0,-0.0031773513182997704,1,7
81,68,0,0,-0.0031773513182997704,1,7
81,69,0,0,-0.0031773513182997704,1,7
81,70,0,0,-0.0031773513182997704,1,7
81,71,0,0,-0.0031773513182997704,1,7
81,72,0,0,-0.0031773513182997704,1,7
81,73,0,0,-0.0031773513182997704,1,7
81,74,0,0,-0.0031773513182997704,1,7
81,75,0,0,-0.0031773513182997704,1,7
81,76,0,0,-0.0031773513182997704,1,7
81,77,0,0,-0.0031773513182997704,1,7
81,78,0,0,-0.0031773513182997704,1,7
81,79,0,0,-0.0031773513182997704,1,7
81,80,0,0,-0.0031773513182997704,1,7
81,81,0,0,-0.0031773513182997704,1,7
81,82,0,0,-0.0031773513182997704,1,7
81,83,0,0,-0.0031773513182997704,1,7
81,84,0,0,-0.0031773513182997704,1,7
81,85,0,0,-0.0031773513182997704,1,7
81,86,0,0,-0.0031773513182997704,1,7
81,87,0,0,-0.0031773513182997704,1,7
81,88,0,0,-0.0031773513182997704,1,7
81,89,0,0,-0.0031773513182997704,1,7
81,90,0,0,-0.0031773513182997704,1,7
81,91,0,0,-0.0031773513182997704,1,7
81,92,0,0,-0.0031773513182997704,1,7
81,93,0,0,-0.0031773513182997704,1,7
81,94,0,0,-0.0031773513182997704,1,7
81,95,0,0,-0.0031773513182997704,1,7
81,96,0,0,-0.0031773513182997704,1,7
81,97,0,0,-0.0031773513182997704,1,7
81,98,0,0,-0.0031773513182997704,1,7
81,99,0,0,-0.0031773513182997704,1,7
81,100,0,0,-0.0031773513182997704,1,7
82,1,0,1,0.0011042486876249313,0,6
82,2,0,1,1.5786150470376015e-05,0,6
82,3,0,0,-0.0004004000511486083,1,6
82,4,0,0,-0.0005357474437914789,1,6
82,5,0,0,-0.0009710314916446805,1,6
82,6,0,0,-0.0014009117148816586,1,6
82,7,0,0,-0.0014009117148816586,1,6
82,8,0,0,-0.0014009117148816586,1,6
82,9,0,0,-0.0014009117148816586,1,6
82,10,0,0,-0.0014009117148816586,1,6
82,11,0,0,-0.0014009117148816586,1,6
82,12,0,0,-0.0014009117148816586,1,6
82,13,0,0,-0.0014009117148816586,1,6
82,14,0,0,-0.0014009117148816586,1,6
82,15,0,0,-0.0014009117148816586,1,6
82,16,0,0,-0.0014009117148816586,1,6
82,17,0,0,-0.0014009117148816586,1,6
82,18,0,0,-0.0014009117148816586,1,6
82,19,0,0,-0.0014009117148816586,1,6
82,20,0,0,-0.0014009117148816586,1,6
82,21,0,0,-0.0014009117148816586,1,6
82,22,0,0,-0.0014009117148816586,1,6
82,23,0,0,-0.0014009117148816586,1,6
82,24,0,0,-0.0014009117148816586,1,6
82,25,0,0,-0.0014009117148816586,1,6
82,26,0,0,-0.0014009117148816586,1,6
82,27,0,0,-0.0014009117148816586,1,6
82,28,0,0,-0.0014009117148816586,1,6
82,29,0,0,-0.0014009117148816586,1,6
82,30,0,0,-0.0014009117148816586,1,6
82,31,0,0,-0.0014009117148816586,1,6
82,32,0,0,-0.0014009117148816586,1,6
82,33,0,0,-0.0014009117148816586,1,6
82,34,0,0,-0.0014009117148816586,1,6
82,35,0,0,-0.0014009117148816586,1,6
82,36,0,0,-0.0014009117148816586,1,6
82,37,0,0,-0.0014009117148816586,1,6
82,38,0,0,-0.0014009117148816586,1,6
82,39,0,0,-0.0014009117148816586,1,6
82,40,0,0,-0.0014009117148816586,1,6
82,41,0,0,-0.0014009117148816586,1,6
82,42,0,0,-0.0014009117148816586,1,6
82,43,0,0,-0.0014009117148816586,1,6
82,44,0,0,-0.0014009117148816586,1,6
82,45,0,0,-0.0014009117148816586,1,6
82,46,0,0,-0.0014009117148816586,1,6
82,47,0,0,-0.0014009117148816586,1,6
82,48,0,0,-0.0014009117148816586,1,6
82,49,0,0,-0.0014009117148816586,1,6
82,50,0,0,-0.0014009117148816586,1,6
82,51,0,0,-0.0014009117148816586,1,6
82,52,0,0,-0.0014009117148816586,1,6
82,53,0,0,-0.0014009117148816586,1,6
82,54,0,0,-0.0014009117148816586,1,6
82,55,0,0,-0.0014009117148816586,1,6
82,56,0,0,-0.0014009117148816586,1,6
82,57,0,0,-0.0014009117148816586,1,6
82,58,0,0,-0.0014009117148816586,1,6
82,59,0,0,-0.0014009117148816586,1,6
82,60,0,0,-0.0014009117148816586,1,6
82,61,0,0,-0.0014009117148816586,1,6
82,62,0,0,-0.0014009117148816586,1,6
82,63,0,0,-0.0014009117148816586,1,6
82,64,0,0,-0.0014009117148816586,1,6
82,65,0,0,-0.0014009117148816586,1,6
82,66,0,0,-0.0014009117148816586,1,6
82,67,0,0,-0.0014009117148816586,1,6
82,68,0,0,-0.0014009117148816586,1,6
82,69,0,0,-0.0014009117148816586,1,6
82,70,0,0,-0.0014009117148816586,1,6
82,71,0,0,-0.0014009117148816586,1,6
82,72,0,0,-0.0014009117148816586,1,6
82,73,0,0,-0.0014009117148816586,1,6
82,74,0,0,-0.0014009117148816586,1,6
82,75,0,0,-0.0014009117148816586,1,6
82,76,0,0,-0.0014009117148816586,1,6
82,77,0,0,-0.0014009117148816586,1,6
82,78,0,0,-0.0014009117148816586,1,6
82,79,0,0,-0.0014009117148816586,1,6
82,80,0,0,-0.0014009117148816586,1,6
82,81,0,0,-0.0014009117148816586,1,6
82,82,0,0,-0.0014009117148816586,1,6
82,83,0,0,-0.0014009117148816586,1,6
82,84,0,0,-0.0014009117148816586,1,6
82,85,0,0,-0.0014009117148816586,1,6
82,86,0,0,-0.0014009117148816586,1,6
82,87,0,0,-0.0014009117148816586,1,6
82,88,0,0,-0.0014009117148816586,1,6
82,89,0,0,-0.0014009117148816586,1,6
82,90,0,0,-0.0014009117148816586,1,6
82,91,0,0,-0.0014009117148816586,1,6
82,92,0,0,-0.0014009117148816586,1,6
82,93,0,0,-0.0014009117148816586,1,6
82,94,0,0,-0.0014009117148816586,1,6
82,95,0,0,-0.0014009117148816586,1,6
82,96,0,0,-0.0014009117148816586,1,6
82,97,0,0,-0.0014009117148816586,1,6
82,98,0,0,-0.0014009117148816586,1,6
82,99,0,0,-0.0014009117148816586,1,6
82,100,0,0,-0.0014009117148816586,1,6
83,1,0,0,-0.005768530536442995,1,8
83,2,0,0,-0.004938093014061451,1,8
83,3,0,0,-0.004310742020606995,1,8
83,4,0,0,-0.004623514134436846,1,8
83,5,0,0,-0.004623514134436846,1,8
83,6,0,0,-0.004657464567571878,1,8
83,7,0,0,-0.0050039878115057945,1,8
83,8,0,0,-0.0056382641196250916,1,8
83,9,0,0,-0.0056382641196250916,1,8
83,10,0,0,-0.0056382641196250916,1,8
83,11,0,0,-0.0056382641196250916,1,8
83,12,0,0,-0.0056382641196250916,1,8
83,13,0,0,-0.0056382641196250916,1,8
83,14,0,0,-0.0056382641196250916,1,8
83,15,0,0,-0.0056382641196250916,1,8
83,16,0,0,-0.0056382641196250916,1,8
83,17,0,0,-0.0056382641196250916,1,8
83,18,0,0,-0.0056382641196250916,1,8
83,19,0,0,-0.0056382641196250916,1,8
83,20,0,0,-0.0056382641196250916,1,8
83,21,0,0,-0.0056382641196250916,1,8
83,22,0,0,-0.0056382641196250916,1,8
83,23,0,0,-0.0056382641196250916,1,8
83,24,0,0,-0.0056382641196250916,1,8
83,25,0,0,-0.0056382641196250916,1,8
83,26,0,0,-0.0056382641196250916,1,8
83,27,0,0,-0.0056382641196250916,1,8
83,28,0,0,-0.0056382641196250916,1,8
83,29,0,0,-0.0056382641196250916,1,8
83,30,0,0,-0.0056382641196250916,1,8
83,31,0,0,-0.0056382641196250916,1,8
83,32,0,0,-0.0056382641196250916,1,8
83,33,0,0,-0.0056382641196250916,1,8
83,34,0,0,-0.0056382641196250916,1,8
83,35,0,0,-0.0056382641196250916,1,8
83,36,0,0,-0.0056382641196250916,1,8
83,37,0,0,-0.0056382641196250916,1,8
83,38,0,0,-0.0056382641196250916,1,8
83,39,0,0,-0.0056382641196250916,1,8
83,40,0,0,-0.0056382641196250916,1,8
83,41,0,0,-0.0056382641196250916,1,8
83,42,0,0,-0.0056382641196250916,1,8
83,43,0,0,-0.0056382641196250916,1,8
83,44,0,0,-0.0056382641196250916,1,8
83,45,0,0,-0.0056382641196250916,1,8
83,46,0,0,-0.0056382641196250916,1,8
83,47,0,0,-0.0056382641196250916,1,8
83,48,0,0,-0.0056382641196250916,1,8
83,49,0,0,-0.0056382641196250916,1,8
83,50,0,0,-0.0056382641196250916,1,8
83,51,0,0,-0.0056382641196250916,1,8
83,52,0,0,-0.0056382641196250916,1,8
83,53,0,0,-0.0056382641196250916,1,8
83,54,0,0,-0.0056382641196250916,1,8
83,55,0,0,-0.0056382641196250916,1,8
83,56,0,0,-0.0056382641196250916,1,8
83,57,0,0,-0.0056382641196250916,1,8
83,58,0,0,-0.0056382641196250916,1,8
83,59,0,0,-0.0056382641196250916,1,8
83,60,0,0,-0.0056382641196250916,1,8
83,61,0,0,-0.0056382641196250916,1,8
83,62,0,0,-0.0056382641196250916,1,8
83,63,0,0,-0.0056382641196250916,1,8
83,64,0,0,-0.0056382641196250916,1,8
83,65,0,0,-0.0056382641196250916,1,8
83,66,0,0,-0.0056382641196250916,1,8
83,67,0,0,-0.0056382641196250916,1,8
83,68,0,0,-0.0056382641196250916,1,8
83,69,0,0,-0.0056382641196250916,1,8
83,70,0,0,-0.0056382641196250916,1,8
83,71,0,0,-0.0056382641196250916,1,8
83,72,0,0,-0.0056382641196250916,1,8
83,73,0,0,-0.0056382641196250916,1,8
83,74,0,0,-0.0056382641196250916,1,8
83,75,0,0,-0.0056382641196250916,1,8
83,76,0,0,-0.0056382641196250916,1,8
83,77,0,0,-0.0056382641196250916,1,8
83,78,0,0,-0.0056382641196250916,1,8
83,79,0,0,-0.0056382641196250916,1,8
83,80,0,0,-0.0056382641196250916,1,8
83,81,0,0,-0.0056382641196250916,1,8
83,82,0,0,-0.0056382641196250916,1,8
83,83,0,0,-0.0056382641196250916,1,8
83,84,0,0,-0.0056382641196250916,1,8
83,85,0,0,-0.0056382641196250916,1,8
83,86,0,0,-0.0056382641196250916,1,8
83,87,0,0,-0.0056382641196250916,1,8
83,88,0,0,-0.0056382641196250916,1,8
83,89,0,0,-0.0056382641196250916,1,8
83,90,0,0,-0.0056382641196250916,1,8
83,91,0,0,-0.0056382641196250916,1,8
83,92,0,0,-0.0056382641196250916,1,8
83,93,0,0,-0.0056382641196250916,1,8
83,94,0,0,-0.0056382641196250916,1,8
83,95,0,0,-0.0056382641196250916,1,8
83,96,0,0,-0.0056382641196250916,1,8
83,97,0,0,-0.0056382641196250916,1,8
83,98,0,0,-0.0056382641196250916,1,8
83,99,0,0,-0.0056382641196250916,1,8
83,100,0,0,-0.0056382641196250916,1,8
84,1,0,1,0.0011042486876249313,0,5
84,2,0,1,0.0006404673331417143,0,5
84,3,0,1,0.0006591003620997071,0,5
84,4,0,1,0.001065551768988371,0,5
84,5,0,1,0.0012725742999464273,0,5
84,6,0,1,0.0012725742999464273,0,5
84,7,0,1,0.0012725742999464273,0,5
84,8,0,1,0.0012725742999464273,0,5
84,9,0,1,0.0012725742999464273,0,5
84,10,0,1,0.0012725742999464273,0,5
84,11,0,1,0.0012725742999464273,0,5
84,12,0,1,0.0012725742999464273,0,5
84,13,0,1,0.0012725742999464273,0,5
84,14,0,1,0.0012725742999464273,0,5
84,15,0,1,0.0012725742999464273,0,5
84,16,0,1,0.0012725742999464273,0,5
84,17,0,1,0.0012725742999464273,0,5
84,18,0,1,0.0012725742999464273,0,5
84,19,0,1,0.0012725742999464273,0,5
84,20,0,1,0.0012725742999464273,0,5
84,21,0,1,0.0012725742999464273,0,5
84,22,0,1,0.0012725742999464273,0,5
84,23,0,1,0.0012725742999464273,0,5
84,24,0,1,0.0012725742999464273,0,5
84,25,0,1,0.0012725742999464273,0,5
84,26,0,1,0.0012725742999464273,0,5
84,27,0,1,0.0012725742999464273,0,5
84,28,0,1,0.0012725742999464273,0,5
84,29,0,1,0.0012725742999464273,0,5
84,30,0,1,0.0012725742999464273,0,5
84,31,0,1,0.0012725742999464273,0,5
84,32,0,1,0.0012725742999464273,0,5
84,33,0,1,0.0012725742999464273,0,5
84,34,0,1,0.0012725742999464273,0,5
84,35,0,1,0.0012725742999464273,0,5
84,36,0,1,0.0012725742999464273,0,5
84,37,0,1,0.0012725742999464273,0,5
84,38,0,1,0.0012725742999464273,0,5
84,39,0,1,0.0012725742999464273,0,5
84,40,0,1,0.0012725742999464273,0,5
84,41,0,1,0.0012725742999464273,0,5
84,42,0,1,0.0012725742999464273,0,5
84,43,0,1,0.0012725742999464273,0,5
84,44,0,1,0.0012725742999464273,0,5
84,45,0,1,0.0012725742999464273,0,5
84,46,0,1,0.0012725742999464273,0,5
84,47,0,1,0.0012725742999464273,0,5
84,48,0,1,0.0012725742999464273,0,5
84,49,0,1,0.0012725742999464273,0,5
84,50,0,1,0.0012725742999464273,0,5
84,51,0,1,0.0012725742999464273,0,5
84,52,0,1,0.0012725742999464273,0,5
84,53,0,1,0.0012725742999464273,0,5
84,54,0,1,0.0012725742999464273,0,5
84,55,0,1,0.0012725742999464273,0,5
84,56,0,1,0.0012725742999464273,0,5
84,57,0,1,0.0012725742999464273,0,5
84,58,0,1,0.0012725742999464273,0,5
84,59,0,1,0.0012725742999464273,0,5
84,60,0,1,0.0012725742999464273,0,5
84,61,0,1,0.0012725742999464273,0,5
84,62,0,1,0.0012725742999464273,0,5
84,63,0,1,0.0012725742999464273,0,5
84,64,0,1,0.0012725742999464273,0,5
84,65,0,1,0.0012725742999464273,0,5
84,66,0,1,0.0012725742999464273,0,5
84,67,0,1,0.0012725742999464273,0,5
84,68,0,1,0.0012725742999464273,0,5
84,69,0,1,0.0012725742999464273,0,5
84,70,0,1,0.0012725742999464273,0,5
84,71,0,1,0.0012725742999464273,0,5
84,72,0,1,0.0012725742999464273,0,5
84,73,0,1,0.0012725742999464273,0,5
84,74,0,1,0.0012725742999464273,0,5
84,75,0,1,0.0012725742999464273,0,5
84,76,0,1,0.0012725742999464273,0,5
84,77,0,1,0.0012725742999464273,0,5
84,78,0,1,0.0012725742999464273,0,5
84,79,0,1,0.0012725742999464273,0,5
84,80,0,1,0.0012725742999464273,0,5
84,81,0,1,0.0012725742999464273,0,5
84,82,0,1,0.0012725742999464273,0,5
84,83,0,1,0.0012725742999464273,0,5
84,84,0,1,0.0012725742999464273,0,5
84,85,0,1,0.0012725742999464273,0,5
84,86,0,1,0.0012725742999464273,0,5
84,87,0,1,0.0012725742999464273,0,5
84,88,0,1,0.0012725742999464273,0,5
84,89,0,1,0.0012725742999464273,0,5
84,90,0,1,0.0012725742999464273,0,5
84,91,0,1,0.0012725742999464273,0,5
84,92,0,1,0.0012725742999464273,0,5
84,93,0,1,0.0012725742999464273,0,5
84,94,0,1,0.0012725742999464273,0,5
84,95,0,1,0.0012725742999464273,0,5
84,96,0,1,0.0012725742999464273,0,5
84,97,0,1,0.0012725742999464273,0,5
84,98,0,1,0.0012725742999464273,0,5
84,99,0,1,0.0012725742999464273,0,5
84,100,0,1,0.0012725742999464273,0,5
85,1,0,0,-0.001246485742740333,1,5
85,2,0,0,-0.0023349481634795666,1,5
85,3,0,0,-0.001864238060079515,1,5
85,4,0,0,-0.0007204110734164715,1,5
85,5,0,0,-0.0009463494643568993,1,5
85,6,0,0,-0.0009463494643568993,1,5
85,7,0,0,-0.0009463494643568993,1,5
85,8,0,0,-0.0009463494643568993,1,5
85,9,0,0,-0.0009463494643568993,1,5
85,10,0,0,-0.0009463494643568993,1,5
85,11,0,0,-0.0009463494643568993,1,5
85,12,0,0,-0.0009463494643568993,1,5
85,13,0,0,-0.0009463494643568993,1,5
85,14,0,0,-0.0009463494643568993,1,5
85,15,0,0,-0.0009463494643568993,1,5
85,16,0,0,-0.0009463494643568993,1,5
85,17,0,0,-0.0009463494643568993,1,5
85,18,0,0,-0.0009463494643568993,1,5
85,19,0,0,-0.0009463494643568993,1,5
85,20,0,0,-0.0009463494643568993,1,5
85,21,0,0,-0.0009463494643568993,1,5
85,22,0,0,-0.0009463494643568993,1,5
85,23,0,0,-0.0009463494643568993,1,5
85,24,0,0,-0.0009463494643568993,1,5
85,25,0,0,-0.0009463494643568993,1,5
85,26,0,0,-0.0009463494643568993,1,5
85,27,0,0,-0.0009463494643568993,1,5
85,28,0,0,-0.0009463494643568993,1,5
85,29,0,0,-0.0009463494643568993,1,5
85,30,0,0,-0.0009463494643568993,1,5
85,31,0,0,-0.0009463494643568993,1,5
85,32,0,0,-0.0009463494643568993,1,5
85,33,0,0,-0.0009463494643568993,1,5
85,34,0,0,-0.0009463494643568993,1,5
85,35,0,0,-0.0009463494643568993,1,5
85,36,0,0,-0.0009463494643568993,1,5
85,37,0,0,-0.0009463494643568993,1,5
85,38,0,0,-0.0009463494643568993,1,5
85,39,0,0,-0.0009463494643568993,1,5
85,40,0,0,-0.0009463494643568993,1,5
85,41,0,0,-0.0009463494643568993,1,5
85,42,0,0,-0.0009463494643568993,1,5
85,43,0,0,-0.0009463494643568993,1,5
85,44,0,0,-0.0009463494643568993,1,5
85,45,0,0,-0.0009463494643568993,1,5
85,46,0,0,-0.0009463494643568993,1,5
85,47,0,0,-0.0009463494643568993,1,5
85,48,0,0,-0.0009463494643568993,1,5
85,49,0,0,-0.0009463494643568993,1,5
85,50,0,0,-0.0009463494643568993,1,5
85,51,0,0,-0.0009463494643568993,1,5
85,52,0,0,-0.0009463494643568993,1,5
85,53,0,0,-0.0009463494643568993,1,5
85,54,0,0,-0.0009463494643568993,1,5
85,55,0,0,-0.0009463494643568993,1,5
85,56,0,0,-0.0009463494643568993,1,5
85,57,0,0,-0.0009463494643568993,1,5
85,58,0,0,-0.0009463494643568993,1,5
85,59,0,0,-0.0009463494643568993,1,5
85,60,0,0,-0.0009463494643568993,1,5
85,61,0,0,-0.0009463494643568993,1,5
85,62,0,0,-0.0009463494643568993,1,5
85,63,0,0,-0.0009463494643568993,1,5
85,64,0,0,-0.0009463494643568993,1,5
85,65,0,0,-0.0009463494643568993,1,5
85,66,0,0,-0.0009463494643568993,1,5
85,67,0,0,-0.0009463494643568993,1,5
85,68,0,0,-0.0009463494643568993,1,5
85,69,0,0,-0.0009463494643568993,1,5
85,70,0,0,-0.0009463494643568993,1,5
85,71,0,0,-0.0009463494643568993,1,5
85,72,0,0,-0.0009463494643568993,1,5
85,73,0,0,-0.0009463494643568993,1,5
85,74,0,0,-0.0009463494643568993,1,5
85,75,0,0,-0.0009463494643568993,1,5
85,76,0,0,-0.0009463494643568993,1,5
85,77,0,0,-0.0009463494643568993,1,5
85,78,0,0,-0.0009463494643568993,1,5
85,79,0,0,-0.0009463494643568993,1,5
85,80,0,0,-0.0009463494643568993,1,5
85,81,0,0,-0.0009463494643568993,1,5
85,82,0,0,-0.0009463494643568993,1,5
85,83,0,0,-0.0009463494643568993,1,5
85,84,0,0,-0.0009463494643568993,1,5
85,85,0,0,-0.0009463494643568993,1,5
85,86,0,0,-0.0009463494643568993,1,5
85,87,0,0,-0.0009463494643568993,1,5
85,88,0,0,-0.0009463494643568993,1,5
85,89,0,0,-0.0009463494643568993,1,5
85,90,0,0,-0.0009463494643568993,1,5
85,91,0,0,-0.0009463494643568993,1,5
85,92,0,0,-0.0009463494643568993,1,5
85,93,0,0,-0.0009463494643568993,1,5
85,94,0,0,-0.0009463494643568993,1,5
85,95,0,0,-0.0009463494643568993,1,5
85,96,0,0,-0.0009463494643568993,1,5
85,97,0,0,-0.0009463494643568993,1,5
85,98,0,0,-0.0009463494643568993,1,5
85,99,0,0,-0.0009463494643568993,1,5
85,100,0,0,-0.0009463494643568993,1,5
86,1,0,0,-0.0035374120343476534,1,5
86,2,0,0,-0.004001193214207888,1,5
86,3,0,0,-0.0030634538270533085,1,5
86,4,0,0,-0.0023158546537160873,1,5
86,5,0,0,-0.002639960730448365,1,5
86,6,0,0,-0.002639960730448365,1,5
86,7,0,0,-0.002639960730448365,1,5
86,8,0,0,-0.002639960730448365,1,5
86,9,0,0,-0.002639960730448365,1,5
86,10,0,0,-0.002639960730448365,1,5
86,11,0,0,-0.002639960730448365,1,5
86,12,0,0,-0.002639960730448365,1,5
86,13,0,0,-0.002639960730448365,1,5
86,14,0,0,-0.002639960730448365,1,5
86,15,0,0,-0.002639960730448365,1,5
86,16,0,0,-0.002639960730448365,1,5
86,17,0,0,-0.002639960730448365,1,5
86,18,0,0,-0.002639960730448365,1,5
86,19,0,0,-0.002639960730448365,1,5
86,20,0,0,-0.002639960730448365,1,5
86,21,0,0,-0.002639960730448365,1,5
86,22,0,0,-0.002639960730448365,1,5
86,23,0,0,-0.002639960730448365,1,5
86,24,0,0,-0.002639960730448365,1,5
86,25,0,0,-0.002639960730448365,1,5
86,26,0,0,-0.002639960730448365,1,5
86,27,0,0,-0.002639960730448365,1,5
86,28,0,0,-0.002639960730448365,1,5
86,29,0,0,-0.002639960730448365,1,5
86,30,0,0,-0.002639960730448365,1,5
86,31,0,0,-0.002639960730448365,1,5
86,32,0,0,-0.002639960730448365,1,5
86,33,0,0,-0.002639960730448365,1,5
86,34,0,0,-0.002639960730448365,1,5
86,35,0,0,-0.002639960730448365,1,5
86,36,0,0,-0.002639960730448365,1,5
86,37,0,0,-0.002639960730448365,1,5
86,38,0,0,-0.002639960730448365,1,5
86,39,0,0,-0.002639960730448365,1,5
86,40,0,0,-0.002639960730448365,1,5
86,41,0,0,-0.002639960730448365,1,5
86,42,0,0,-0.002639960730448365,1,5
86,43,0,0,-0.002639960730448365,1,5
86,44,0,0,-0.002639960730448365,1,5
86,45,0,0,-0.002639960730448365,1,5
86,46,0,0,-0.002639960730448365,1,5
86,47,0,0,-0.002639960730448365,1,5
86,48,0,0,-0.002639960730448365,1,5
86,49,0,0,-0.002639960730448365,1,5
86,50,0,0,-0.002639960730448365,1,5
86,51,0,0,-0.002639960730448365,1,5
86,52,0,0,-0.002639960730448365,1,5
86,53,0,0,-0.002639960730448365,1,5
86,54,0,0,-0.002639960730448365,1,5
86,55,0,0,-0.002639960730448365,1,5
86,56,0,0,-0.002639960730448365,1,5
86,57,0,0,-0.002639960730448365,1,5
86,58,0,0,-0.002639960730448365,1,5
86,59,0,0,-0.002639960730448365,1,5
86,60,0,0,-0.002639960730448365,1,5
86,61,0,0,-0.002639960730448365,1,5
86,62,0,0,-0.002639960730448365,1,5
86,63,0,0,-0.002639960730448365,1,5
86,64,0,0,-0.002639960730448365,1,5
86,65,0,0,-0.002639960730448365,1,5
86,66,0,0,-0.002639960730448365,1,5
86,67,0,0,-0.002639960730448365,1,5
86,68,0,0,-0.002639960730448365,1,5
86,69,0,0,-0.002639960730448365,1,5
86,70,0,0,-0.002639960730448365,1,5
86,71,0,0,-0.002639960730448365,1,5
86,72,0,0,-0.002639960730448365,1,5
86,73,0,0,-0.002639960730448365,1,5
86,74,0,0,-0.002639960730448365,1,5
86,75,0,0,-0.002639960730448365,1,5
86,76,0,0,-0.002639960730448365,1,5
86,77,0,0,-0.002639960730448365,1,5
86,78,0,0,-0.002639960730448365,1,5
86,79,0,0,-0.002639960730448365,1,5
86,80,0,0,-0.002639960730448365,1,5
86,81,0,0,-0.002639960730448365,1,5
86,82,0,0,-0.002639960730448365,1,5
86,83,0,0,-0.002639960730448365,1,5
86,84,0,0,-0.002639960730448365,1,5
86,85,0,0,-0.002639960730448365,1,5
86,86,0,0,-0.002639960730448365,1,5
86,87,0,0,-0.002639960730448365,1,5
86,88,0,0,-0.002639960730448365,1,5
86,89,0,0,-0.002639960730448365,1,5
86,90,0,0,-0.002639960730448365,1,5
86,91,0,0,-0.002639960730448365,1,5
86,92,0,0,-0.002639960730448365,1,5
86,93,0,0,-0.002639960730448365,1,5
86,94,0,0,-0.002639960730448365,1,5
86,95,0,0,-0.002639960730448365,1,5
86,96,0,0,-0.002639960730448365,1,5
86,97,0,0,-0.002639960730448365,1,5
86,98,0,0,-0.002639960730448365,1,5
86,99,0,0,-0.002639960730448365,1,5
86,100,0,0,-0.002639960730448365,1,5
87,1,0,0,-7.859426114009693e-05,1,12
87,2,0,0,-0.0011641219025477767,1,12
87,3,0,0,-0.001560443313792348,1,12
87,4,0,0,-0.0013345915358513594,1,12
87,5,0,0,-0.0006540958420373499,1,12
87,6,0,0,-0.0008169900393113494,1,12
87,7,0,0,-0.0006258410285227001,1,12
87,8,0,0,-0.00038834905717521906,1,12
87,9,0,0,-0.0002184699842473492,1,12
87,10,0,0,-0.0006393312360160053,1,12
87,11,0,0,-0.0005784581881016493,1,12
87,12,0,0,-0.0016992819728329778,1,12
87,13,0,0,-0.0016992819728329778,1,12
87,14,0,0,-0.0016992819728329778,1,12
87,15,0,0,-0.0016992819728329778,1,12
87,16,0,0,-0.0016992819728329778,1,12
87,17,0,0,-0.0016992819728329778,1,12
87,18,0,0,-0.0016992819728329778,1,12
87,19,0,0,-0.0016992819728329778,1,12
87,20,0,0,-0.0016992819728329778,1,12
87,21,0,0,-0.0016992819728329778,1,12
87,22,0,0,-0.0016992819728329778,1,12
87,23,0,0,-0.0016992819728329778,1,12
87,24,0,0,-0.0016992819728329778,1,12
87,25,0,0,-0.0016992819728329778,1,12
87,26,0,0,-0.0016992819728329778,1,12
87,27,0,0,-0.0016992819728329778,1,12
87,28,0,0,-0.0016992819728329778,1,12
87,29,0,0,-0.0016992819728329778,1,12
87,30,0,0,-0.0016992819728329778,1,12
87,31,0,0,-0.0016992819728329778,1,12
87,32,0,0,-0.0016992819728329778,1,12
87,33,0,0,-0.0016992819728329778,1,12
87,34,0,0,-0.0016992819728329778,1,12
87,35,0,0,-0.0016992819728329778,1,12
87,36,0,0,-0.0016992819728329778,1,12
87,37,0,0,-0.0016992819728329778,1,12
87,38,0,0,-0.0016992819728329778,1,12
87,39,0,0,-0.0016992819728329778,1,12
87,40,0,0,-0.0016992819728329778,1,12
87,41,0,0,-0.0016992819728329778,1,12
87,42,0,0,-0.0016992819728329778,1,12
87,43,0,0,-0.0016992819728329778,1,12
87,44,0,0,-0.0016992819728329778,1,12
87,45,0,0,-0.0016992819728329778,1,12
87,46,0,0,-0.0016992819728329778,1,12
87,47,0,0,-0.0016992819728329778,1,12
87,48,0,0,-0.0016992819728329778,1,12
87,49,0,0,-0.0016992819728329778,1,12
87,50,0,0,-0.0016992819728329778,1,12
87,51,0,0,-0.0016992819728329778,1,12
87,52,0,0,-0.0016992819728329778,1,12
87,53,0,0,-0.0016992819728329778,1,12
87,54,0,0,-0.0016992819728329778,1,12
87,55,0,0,-0.0016992819728329778,1,12
87,56,0,0,-0.0016992819728329778,1,12
87,57,0,0,-0.0016992819728329778,1,12
87,58,0,0,-0.0016992819728329778,1,12
87,59,0,0,-0.0016992819728329778,1,12
87,60,0,0,-0.0016992819728329778,1,12
87,61,0,0,-0.0016992819728329778,1,12
87,62,0,0,-0.0016992819728329778,1,12
87,63,0,0,-0.0016992819728329778,1,12
87,64,0,0,-0.0016992819728329778,1,12
87,65,0,0,-0.0016992819728329778,1,12
87,66,0,0,-0.0016992819728329778,1,12
87,67,0,0,-0.0016992819728329778,1,12
87,68,0,0,-0.0016992819728329778,1,12
87,69,0,0,-0.0016992819728329778,1,12
87,70,0,0,-0.0016992819728329778,1,12
87,71,0,0,-0.0016992819728329778,1,12
87,72,0,0,-0.0016992819728329778,1,12
87,73,0,0,-0.0016992819728329778,1,12
87,74,0,0,-0.0016992819728329778,1,12
87,75,0,0,-0.0016992819728329778,1,12
87,76,0,0,-0.0016992819728329778,1,12
87,77,0,0,-0.0016992819728329778,1,12
87,78,0,0,-0.0016992819728329778,1,12
87,79,0,0,-0.0016992819728329778,1,12
87,80,0,0,-0.0016992819728329778,1,12
87,81,0,0,-0.0016992819728329778,1,12
87,82,0,0,-0.0016992819728329778,1,12
87,83,0,0,-0.0016992819728329778,1,12
87,84,0,0,-0.0016992819728329778,1,12
87,85,0,0,-0.0016992819728329778,1,12
87,86,0,0,-0.0016992819728329778,1,12
87,87,0,0,-0.0016992819728329778,1,12
87,88,0,0,-0.0016992819728329778,1,12
87,89,0,0,-0.0016992819728329778,1,12
87,90,0,0,-0.0016992819728329778,1,12
87,91,0,0,-0.0016992819728329778,1,12
87,92,0,0,-0.0016992819728329778,1,12
87,93,0,0,-0.0016992819728329778,1,12
87,94,0,0,-0.0016992819728329778,1,12
87,95,0,0,-0.0016992819728329778,1,12
87,96,0,0,-0.0016992819728329778,1,12
87,97,0,0,-0.0016992819728329778,1,12
87,98,0,0,-0.0016992819728329778,1,12
87,99,0,0,-0.0016992819728329778,1,12
87,100,0,0,-0.0016992819728329778,1,12
88,1,0,0,-0.0035374120343476534,1,7
88,2,0,0,-0.004001193214207888,1,7
88,3,0,0,-0.0044173793867230415,1,7
88,4,0,0,-0.00455272663384676,1,7
88,5,0,0,-0.003975856117904186,1,7
88,6,0,0,-0.004405736457556486,1,7
88,7,0,0,-0.004990646615624428,1,7
88,8,0,0,-0.004990646615624428,1,7
88,9,0,0,-0.004990646615624428,1,7
88,10,0,0,-0.004990646615624428,1,7
88,11,0,0,-0.004990646615624428,1,7
88,12,0,0,-0.004990646615624428,1,7
88,13,0,0,-0.004990646615624428,1,7
88,14,0,0,-0.004990646615624428,1,7
88,15,0,0,-0.004990646615624428,1,7
88,16,0,0,-0.004990646615624428,1,7
88,17,0,0,-0.004990646615624428,1,7
88,18,0,0,-0.004990646615624428,1,7
88,19,0,0,-0.004990646615624428,1,7
88,20,0,0,-0.004990646615624428,1,7
88,21,0,0,-0.004990646615624428,1,7
88,22,0,0,-0.004990646615624428,1,7
88,23,0,0,-0.004990646615624428,1,7
88,24,0,0,-0.004990646615624428,1,7
88,25,0,0,-0.004990646615624428,1,7
88,26,0,0,-0.004990646615624428,1,7
88,27,0,0,-0.004990646615624428,1,7
88,28,0,0,-0.004990646615624428,1,7
88,29,0,0,-0.004990646615624428,1,7
88,30,0,0,-0.004990646615624428,1,7
88,31,0,0,-0.004990646615624428,1,7
88,32,0,0,-0.004990646615624428,1,7
88,33,0,0,-0.004990646615624428,1,7
88,34,0,0,-0.004990646615624428,1,7
88,35,0,0,-0.004990646615624428,1,7
88,36,0,0,-0.004990646615624428,1,7
88,37,0,0,-0.004990646615624428,1,7
88,38,0,0,-0.004990646615624428,1,7
88,39,0,0,-0.004990646615624428,1,7
88,40,0,0,-0.004990646615624428,1,7
88,41,0,0,-0.004990646615624428,1,7
88,42,0,0,-0.004990646615624428,1,7
88,43,0,0,-0.004990646615624428,1,7
88,44,0,0,-0.004990646615624428,1,7
88,45,0,0,-0.004990646615624428,1,7
88,46,0,0,-0.004990646615624428,1,7
88,47,0,0,-0.004990646615624428,1,7
88,48,0,0,-0.004990646615624428,1,7
88,49,0,0,-0.004990646615624428,1,7
88,50,0,0,-0.004990646615624428,1,7
88,51,0,0,-0.004990646615624428,1,7
88,52,0,0,-0.004990646615624428,1,7
88,53,0,0,-0.004990646615624428,1,7
88,54,0,0,-0.004990646615624428,1,7
88,55,0,0,-0.004990646615624428,1,7
88,56,0,0,-0.004990646615624428,1,7
88,57,0,0,-0.004990646615624428,1,7
88,58,0,0,-0.004990646615624428,1,7
88,59,0,0,-0.004990646615624428,1,7
88,60,0,0,-0.004990646615624428,1,7
88,61,0,0,-0.004990646615624428,1,7
88,62,0,0,-0.004990646615624428,1,7
88,63,0,0,-0.004990646615624428,1,7
88,64,0,0,-0.004990646615624428,1,7
88,65,0,0,-0.004990646615624428,1,7
88,66,0,0,-0.004990646615624428,1,7
88,67,0,0,-0.004990646615624428,1,7
88,68,0,0,-0.004990646615624428,1,7
88,69,0,0,-0.004990646615624428,1,7
88,70,0,0,-0.004990646615624428,1,7
88,71,0,0,-0.004990646615624428,1,7
88,72,0,0,-0.004990646615624428,1,7
88,73,0,0,-0.004990646615624428,1,7
88,74,0,0,-0.004990646615624428,1,7
88,75,0,0,-0.004990646615624428,1,7
88,76,0,0,-0.004990646615624428,1,7
88,77,0,0,-0.004990646615624428,1,7
88,78,0,0,-0.004990646615624428,1,7
88,79,0,0,-0.004990646615624428,1,7
88,80,0,0,-0.004990646615624428,1,7
88,81,0,0,-0.004990646615624428,1,7
88,82,0,0,-0.004990646615624428,1,7
88,83,0,0,-0.004990646615624428,1,7
88,84,0,0,-0.004990646615624428,1,7
88,85,0,0,-0.004990646615624428,1,7
88,86,0,0,-0.004990646615624428,1,7
88,87,0,0,-0.004990646615624428,1,7
88,88,0,0,-0.004990646615624428,1,7
88,89,0,0,-0.004990646615624428,1,7
88,90,0,0,-0.004990646615624428,1,7
88,91,0,0,-0.004990646615624428,1,7
88,92,0,0,-0.004990646615624428,1,7
88,93,0,0,-0.004990646615624428,1,7
88,94,0,0,-0.004990646615624428,1,7
88,95,0,0,-0.004990646615624428,1,7
88,96,0,0,-0.004990646615624428,1,7
88,97,0,0,-0.004990646615624428,1,7
88,98,0,0,-0.004990646615624428,1,7
88,99,0,0,-0.004990646615624428,1,7
88,100,0,0,-0.004990646615624428,1,7
89,1,0,0,-0.001246485742740333,1,6
89,2,0,0,-0.0017102670390158892,1,6
89,3,0,0,-0.0027269329875707626,1,6
89,4,0,0,-0.0032957408111542463,1,6
89,5,0,0,-0.003365014912560582,1,6
89,6,0,0,-0.0035246522165834904,1,6
89,7,0,0,-0.0035246522165834904,1,6
89,8,0,0,-0.0035246522165834904,1,6
89,9,0,0,-0.0035246522165834904,1,6
89,10,0,0,-0.0035246522165834904,1,6
89,11,0,0,-0.0035246522165834904,1,6
89,12,0,0,-0.0035246522165834904,1,6
89,13,0,0,-0.0035246522165834904,1,6
89,14,0,0,-0.0035246522165834904,1,6
89,15,0,0,-0.0035246522165834904,1,6
89,16,0,0,-0.0035246522165834904,1,6
89,17,0,0,-0.0035246522165834904,1,6
89,18,0,0,-0.0035246522165834904,1,6
89,19,0,0,-0.0035246522165834904,1,6
89,20,0,0,-0.0035246522165834904,1,6
89,21,0,0,-0.0035246522165834904,1,6
89,22,0,0,-0.0035246522165834904,1,6
89,23,0,0,-0.0035246522165834904,1,6
89,24,0,0,-0.0035246522165834904,1,6
89,25,0,0,-0.0035246522165834904,1,6
89,26,0,0,-0.0035246522165834904,1,6
89,27,0,0,-0.0035246522165834904,1,6
89,28,0,0,-0.0035246522165834904,1,6
89,29,0,0,-0.0035246522165834904,1,6
89,30,0,0,-0.0035246522165834904,1,6
89,31,0,0,-0.0035246522165834904,1,6
89,32,0,0,-0.0035246522165834904,1,6
89,33,0,0,-0.0035246522165834904,1,6
89,34,0,0,-0.0035246522165834904,1,6
89,35,0,0,-0.0035246522165834904,1,6
89,36,0,0,-0.0035246522165834904,1,6
89,37,0,0,-0.0035246522165834904,1,6
89,38,0,0,-0.0035246522165834904,1,6
89,39,0,0,-0.0035246522165834904,1,6
89,40,0,0,-0.0035246522165834904,1,6
89,41,0,0,-0.0035246522165834904,1,6
89,42,0,0,-0.0035246522165834904,1,6
89,43,0,0,-0.0035246522165834904,1,6
89,44,0,0,-0.0035246522165834904,1,6
89,45,0,0,-0.0035246522165834904,1,6
89,46,0,0,-0.0035246522165834904,1,6
89,47,0,0,-0.0035246522165834904,1,6
89,48,0,0,-0.0035246522165834904,1,6
89,49,0,0,-0.0035246522165834904,1,6
89,50,0,0,-0.0035246522165834904,1,6
89,51,0,0,-0.0035246522165834904,1,6
89,52,0,0,-0.0035246522165834904,1,6
89,53,0,0,-0.0035246522165834904,1,6
89,54,0,0,-0.0035246522165834904,1,6
89,55,0,0,-0.0035246522165834904,1,6
89,56,0,0,-0.0035246522165834904,1,6
89,57,0,0,-0.0035246522165834904,1,6
89,58,0,0,-0.0035246522165834904,1,6
89,59,0,0,-0.0035246522165834904,1,6
89,60,0,0,-0.0035246522165834904,1,6
89,61,0,0,-0.0035246522165834904,1,6
89,62,0,0,-0.0035246522165834904,1,6
89,63,0,0,-0.0035246522165834904,1,6
89,64,0,0,-0.0035246522165834904,1,6
89,65,0,0,-0.0035246522165834904,1,6
89,66,0,0,-0.0035246522165834904,1,6
89,67,0,0,-0.0035246522165834904,1,6
89,68,0,0,-0.0035246522165834904,1,6
89,69,0,0,-0.0035246522165834904,1,6
89,70,0,0,-0.0035246522165834904,1,6
89,71,0,0,-0.0035246522165834904,1,6
89,72,0,0,-0.0035246522165834904,1,6
89,73,0,0,-0.0035246522165834904,1,6
89,74,0,0,-0.0035246522165834904,1,6
89,75,0,0,-0.0035246522165834904,1,6
89,76,0,0,-0.0035246522165834904,1,6
89,77,0,0,-0.0035246522165834904,1,6
89,78,0,0,-0.0035246522165834904,1,6
89,79,0,0,-0.0035246522165834904,1,6
89,80,0,0,-0.0035246522165834904,1,6
89,81,0,0,-0.0035246522165834904,1,6
89,82,0,0,-0.0035246522165834904,1,6
89,83,0,0,-0.0035246522165834904,1,6
89,84,0,0,-0.0035246522165834904,1,6
89,85,0,0,-0.0035246522165834904,1,6
89,86,0,0,-0.0035246522165834904,1,6
89,87,0,0,-0.0035246522165834904,1,6
89,88,0,0,-0.0035246522165834904,1,6
89,89,0,0,-0.0035246522165834904,1,6
89,90,0,0,-0.0035246522165834904,1,6
89,91,0,0,-0.0035246522165834904,1,6
89,92,0,0,-0.0035246522165834904,1,6
89,93,0,0,-0.0035246522165834904,1,6
89,94,0,0,-0.0035246522165834904,1,6
89,95,0,0,-0.0035246522165834904,1,6
89,96,0,0,-0.0035246522165834904,1,6
89,97,0,0,-0.0035246522165834904,1,6
89,98,0,0,-0.0035246522165834904,1,6
89,99,0,0,-0.0035246522165834904,1,6
89,100,0,0,-0.0035246522165834904,1,6
90,1,0,0,-0.001246485742740333,1,8
90,2,0,0,-0.0023349481634795666,1,8
90,3,0,1,0.008524524047970772,0,8
90,4,0,1,0.007955715991556644,0,8
90,5,0,1,0.0073329247534275055,0,8
90,6,0,1,0.007344980724155903,0,8
90,7,0,1,0.006920088082551956,0,8
90,8,0,1,0.007078655995428562,0,8
90,9,0,1,0.007078655995428562,0,8
90,10,0,1,0.007078655995428562,0,8
90,11,0,1,0.007078655995428562,0,8
90,12,0,1,0.007078655995428562,0,8
90,13,0,1,0.007078655995428562,0,8
90,14,0,1,0.007078655995428562,0,8
90,15,0,1,0.007078655995428562,0,8
90,16,0,1,0.007078655995428562,0,8
90,17,0,1,0.007078655995428562,0,8
90,18,0,1,0.007078655995428562,0,8
90,19,0,1,0.007078655995428562,0,8
90,20,0,1,0.007078655995428562,0,8
90,21,0,1,0.007078655995428562,0,8
90,22,0,1,0.007078655995428562,0,8
90,23,0,1,0.007078655995428562,0,8
90,24,0,1,0.007078655995428562,0,8
90,25,0,1,0.007078655995428562,0,8
90,26,0,1,0.007078655995428562,0,8
90,27,0,1,0.007078655995428562,0,8
90,28,0,1,0.007078655995428562,0,8
90,29,0,1,0.007078655995428562,0,8
90,30,0,1,0.007078655995428562,0,8
90,31,0,1,0.007078655995428562,0,8
90,32,0,1,0.007078655995428562,0,8
90,33,0,1,0.007078655995428562,0,8
90,34,0,1,0.007078655995428562,0,8
90,35,0,1,0.007078655995428562,0,8
90,36,0,1,0.007078655995428562,0,8
90,37,0,1,0.007078655995428562,0,8
90,38,0,1,0.007078655995428562,0,8
90,39,0,1,0.007078655995428562,0,8
90,40,0,1,0.007078655995428562,0,8
90,41,0,1,0.007078655995428562,0,8
90,42,0,1,0.007078655995428562,0,8
90,43,0,1,0.007078655995428562,0,8
90,44,0,1,0.007078655995428562,0,8
90,45,0,1,0.007078655995428562,0,8
90,46,0,1,0.007078655995428562,0,8
90,47,0,1,0.007078655995428562,0,8
90,48,0,1,0.007078655995428562,0,8
90,49,0,1,0.007078655995428562,0,8
90,50,0,1,0.007078655995428562,0,8
90,51,0,1,0.007078655995428562,0,8
90,52,0,1,0.007078655995428562,0,8
90,53,0,1,0.007078655995428562,0,8
90,54,0,1,0.007078655995428562,0,8
90,55,0,1,0.007078655995428562,0,8
90,56,0,1,0.007078655995428562,0,8
90,57,0,1,0.007078655995428562,0,8
90,58,0,1,0.007078655995428562,0,8
90,59,0,1,0.007078655995428562,0,8
90,60,0,1,0.007078655995428562,0,8
90,61,0,1,0.007078655995428562,0,8
90,62,0,1,0.007078655995428562,0,8
90,63,0,1,0.007078655995428562,0,8
90,64,0,1,0.007078655995428562,0,8
90,65,0,1,0.007078655995428562,0,8
90,66,0,1,0.007078655995428562,0,8
90,67,0,1,0.007078655995428562,0,8
90,68,0,1,0.007078655995428562,0,8
90,69,0,1,0.007078655995428562,0,8
90,70,0,1,0.007078655995428562,0,8
90,71,0,1,0.007078655995428562,0,8
90,72,0,1,0.007078655995428562,0,8
90,73,0,1,0.007078655995428562,0,8
90,74,0,1,0.007078655995428562,0,8
90,75,0,1,0.007078655995428562,0,8
90,76,0,1,0.007078655995428562,0,8
90,77,0,1,0.007078655995428562,0,8
90,78,0,1,0.007078655995428562,0,8
90,79,0,1,0.007078655995428562,0,8
90,80,0,1,0.007078655995428562,0,8
90,81,0,1,0.007078655995428562,0,8
90,82,0,1,0.007078655995428562,0,8
90,83,0,1,0.007078655995428562,0,8
90,84,0,1,0.007078655995428562,0,8
90,85,0,1,0.007078655995428562,0,8
90,86,0,1,0.007078655995428562,0,8
90,87,0,1,0.007078655995428562,0,8
90,88,0,1,0.007078655995428562,0,8
90,89,0,1,0.007078655995428562,0,8
90,90,0,1,0.007078655995428562,0,8
90,91,0,1,0.007078655995428562,0,8
90,92,0,1,0.007078655995428562,0,8
90,93,0,1,0.007078655995428562,0,8
90,94,0,1,0.007078655995428562,0,8
90,95,0,1,0.007078655995428562,0,8
90,96,0,1,0.007078655995428562,0,8
90,97,0,1,0.007078655995428562,0,8
90,98,0,1,0.007078655995428562,0,8
90,99,0,1,0.007078655995428562,0,8
90,100,0,1,0.007078655995428562,0,8
91,1,0,0,-0.0035374120343476534,1,6
91,2,0,0,-0.004625874571502209,1,6
91,3,0,0,-0.004426628816872835,1,6
91,4,0,0,-0.0049954368732869625,1,6
91,5,0,0,-0.005430720746517181,1,6
91,6,0,0,-0.005860601086169481,1,6
91,7,0,0,-0.005860601086169481,1,6
91,8,0,0,-0.005860601086169481,1,6
91,9,0,0,-0.005860601086169481,1,6
91,10,0,0,-0.005860601086169481,1,6
91,11,0,0,-0.005860601086169481,1,6
91,12,0,0,-0.005860601086169481,1,6
91,13,0,0,-0.005860601086169481,1,6
91,14,0,0,-0.005860601086169481,1,6
91,15,0,0,-0.005860601086169481,1,6
91,16,0,0,-0.005860601086169481,1,6
91,17,0,0,-0.005860601086169481,1,6
91,18,0,0,-0.005860601086169481,1,6
91,19,0,0,-0.005860601086169481,1,6
91,20,0,0,-0.005860601086169481,1,6
91,21,0,0,-0.005860601086169481,1,6
91,22,0,0,-0.005860601086169481,1,6
91,23,0,0,-0.005860601086169481,1,6
91,24,0,0,-0.005860601086169481,1,6
91,25,0,0,-0.005860601086169481,1,6
91,26,0,0,-0.005860601086169481,1,6
91,27,0,0,-0.005860601086169481,1,6
91,28,0,0,-0.005860601086169481,1,6
91,29,0,0,-0.005860601086169481,1,6
91,30,0,0,-0.005860601086169481,1,6
91,31,0,0,-0.005860601086169481,1,6
91,32,0,0,-0.005860601086169481,1,6
91,33,0,0,-0.005860601086169481,1,6
91,34,0,0,-0.005860601086169481,1,6
91,35,0,0,-0.005860601086169481,1,6
91,36,0,0,-0.005860601086169481,1,6
91,37,0,0,-0.005860601086169481,1,6
91,38,0,0,-0.005860601086169481,1,6
91,39,0,0,-0.005860601086169481,1,6
91,40,0,0,-0.005860601086169481,1,6
91,41,0,0,-0.005860601086169481,1,6
91,42,0,0,-0.005860601086169481,1,6
91,43,0,0,-0.005860601086169481,1,6
91,44,0,0,-0.005860601086169481,1,6
91,45,0,0,-0.005860601086169481,1,6
91,46,0,0,-0.005860601086169481,1,6
91,47,0,0,-0.005860601086169481,1,6
91,48,0,0,-0.005860601086169481,1,6
91,49,0,0,-0.005860601086169481,1,6
91,50,0,0,-0.005860601086169481,1,6
91,51,0,0,-0.005860601086169481,1,6
91,52,0,0,-0.005860601086169481,1,6
91,53,0,0,-0.005860601086169481,1,6
91,54,0,0,-0.005860601086169481,1,6
91,55,0,0,-0.005860601086169481,1,6
91,56,0,0,-0.005860601086169481,1,6
91,57,0,0,-0.005860601086169481,1,6
91,58,0,0,-0.005860601086169481,1,6
91,59,0,0,-0.005860601086169481,1,6
91,60,0,0,-0.005860601086169481,1,6
91,61,0,0,-0.005860601086169481,1,6
91,62,0,0,-0.005860601086169481,1,6
91,63,0,0,-0.005860601086169481,1,6
91,64,0,0,-0.005860601086169481,1,6
91,65,0,0,-0.005860601086169481,1,6
91,66,0,0,-0.005860601086169481,1,6
91,67,0,0,-0.005860601086169481,1,6
91,68,0,0,-0.005860601086169481,1,6
91,69,0,0,-0.005860601086169481,1,6
91,70,0,0,-0.005860601086169481,1,6
91,71,0,0,-0.005860601086169481,1,6
91,72,0,0,-0.005860601086169481,1,6
91,73,0,0,-0.005860601086169481,1,6
91,74,0,0,-0.005860601086169481,1,6
91,75,0,0,-0.005860601086169481,1,6
91,76,0,0,-0.005860601086169481,1,6
91,77,0,0,-0.005860601086169481,1,6
91,78,0,0,-0.005860601086169481,1,6
91,79,0,0,-0.005860601086169481,1,6
91,80,0,0,-0.005860601086169481,1,6
91,81,0,0,-0.005860601086169481,1,6
91,82,0,0,-0.005860601086169481,1,6
91,83,0,0,-0.005860601086169481,1,6
91,84,0,0,-0.005860601086169481,1,6
91,85,0,0,-0.005860601086169481,1,6
91,86,0,0,-0.005860601086169481,1,6
91,87,0,0,-0.005860601086169481,1,6
91,88,0,0,-0.005860601086169481,1,6
91,89,0,0,-0.005860601086169481,1,6
91,90,0,0,-0.005860601086169481,1,6
91,91,0,0,-0.005860601086169481,1,6
91,92,0,0,-0.005860601086169481,1,6
91,93,0,0,-0.005860601086169481,1,6
91,94,0,0,-0.005860601086169481,1,6
91,95,0,0,-0.005860601086169481,1,6
91,96,0,0,-0.005860601086169481,1,6
91,97,0,0,-0.005860601086169481,1,6
91,98,0,0,-0.005860601086169481,1,6
91,99,0,0,-0.005860601086169481,1,6
91,100,0,0,-0.005860601086169481,1,6
92,1,0,0,-0.001246485742740333,1,7
92,2,0,0,-0.0023349481634795666,1,7
92,3,0,0,-0.0013972088927403092,1,7
92,4,0,0,-0.001690610428340733,1,7
92,5,0,0,-0.0022594183683395386,1,7
92,6,0,0,-0.0020594182424247265,1,7
92,7,0,0,-0.00185239571146667,1,7
92,8,0,0,-0.00185239571146667,1,7
92,9,0,0,-0.00185239571146667,1,7
92,10,0,0,-0.00185239571146667,1,7
92,11,0,0,-0.00185239571146667,1,7
92,12,0,0,-0.00185239571146667,1,7
92,13,0,0,-0.00185239571146667,1,7
92,14,0,0,-0.00185239571146667,1,7
92,15,0,0,-0.00185239571146667,1,7
92,16,0,0,-0.00185239571146667,1,7
92,17,0,0,-0.00185239571146667,1,7
92,18,0,0,-0.00185239571146667,1,7
92,19,0,0,-0.00185239571146667,1,7
92,20,0,0,-0.00185239571146667,1,7
92,21,0,0,-0.00185239571146667,1,7
92,22,0,0,-0.00185239571146667,1,7
92,23,0,0,-0.00185239571146667,1,7
92,24,0,0,-0.00185239571146667,1,7
92,25,0,0,-0.00185239571146667,1,7
92,26,0,0,-0.00185239571146667,1,7
92,27,0,0,-0.00185239571146667,1,7
92,28,0,0,-0.00185239571146667,1,7
92,29,0,0,-0.00185239571146667,1,7
92,30,0,0,-0.00185239571146667,1,7
92,31,0,0,-0.00185239571146667,1,7
92,32,0,0,-0.00185239571146667,1,7
92,33,0,0,-0.00185239571146667,1,7
92,34,0,0,-0.00185239571146667,1,7
92,35,0,0,-0.00185239571146667,1,7
92,36,0,0,-0.00185239571146667,1,7
92,37,0,0,-0.00185239571146667,1,7
92,38,0,0,-0.00185239571146667,1,7
92,39,0,0,-0.00185239571146667,1,7
92,40,0,0,-0.00185239571146667,1,7
92,41,0,0,-0.00185239571146667,1,7
92,42,0,0,-0.00185239571146667,1,7
92,43,0,0,-0.00185239571146667,1,7
92,44,0,0,-0.00185239571146667,1,7
92,45,0,0,-0.00185239571146667,1,7
92,46,0,0,-0.00185239571146667,1,7
92,47,0,0,-0.00185239571146667,1,7
92,48,0,0,-0.00185239571146667,1,7
92,49,0,0,-0.00185239571146667,1,7
92,50,0,0,-0.00185239571146667,1,7
92,51,0,0,-0.00185239571146667,1,7
92,52,0,0,-0.00185239571146667,1,7
92,53,0,0,-0.00185239571146667,1,7
92,54,0,0,-0.00185239571146667,1,7
92,55,0,0,-0.00185239571146667,1,7
92,56,0,0,-0.00185239571146667,1,7
92,57,0,0,-0.00185239571146667,1,7
92,58,0,0,-0.00185239571146667,1,7
92,59,0,0,-0.00185239571146667,1,7
92,60,0,0,-0.00185239571146667,1,7
92,61,0,0,-0.00185239571146667,1,7
92,62,0,0,-0.00185239571146667,1,7
92,63,0,0,-0.00185239571146667,1,7
92,64,0,0,-0.00185239571146667,1,7
92,65,0,0,-0.00185239571146667,1,7
92,66,0,0,-0.00185239571146667,1,7
92,67,0,0,-0.00185239571146667,1,7
92,68,0,0,-0.00185239571146667,1,7
92,69,0,0,-0.00185239571146667,1,7
92,70,0,0,-0.00185239571146667,1,7
92,71,0,0,-0.00185239571146667,1,7
92,72,0,0,-0.00185239571146667,1,7
92,73,0,0,-0.00185239571146667,1,7
92,74,0,0,-0.00185239571146667,1,7
92,75,0,0,-0.00185239571146667,1,7
92,76,0,0,-0.00185239571146667,1,7
92,77,0,0,-0.00185239571146667,1,7
92,78,0,0,-0.00185239571146667,1,7
92,79,0,0,-0.00185239571146667,1,7
92,80,0,0,-0.00185239571146667,1,7
92,81,0,0,-0.00185239571146667,1,7
92,82,0,0,-0.00185239571146667,1,7
92,83,0,0,-0.00185239571146667,1,7
92,84,0,0,-0.00185239571146667,1,7
92,85,0,0,-0.00185239571146667,1,7
92,86,0,0,-0.00185239571146667,1,7
92,87,0,0,-0.00185239571146667,1,7
92,88,0,0,-0.00185239571146667,1,7
92,89,0,0,-0.00185239571146667,1,7
92,90,0,0,-0.00185239571146667,1,7
92,91,0,0,-0.00185239571146667,1,7
92,92,0,0,-0.00185239571146667,1,7
92,93,0,0,-0.00185239571146667,1,7
92,94,0,0,-0.00185239571146667,1,7
92,95,0,0,-0.00185239571146667,1,7
92,96,0,0,-0.00185239571146667,1,7
92,97,0,0,-0.00185239571146667,1,7
92,98,0,0,-0.00185239571146667,1,7
92,99,0,0,-0.00185239571146667,1,7
92,100,0,0,-0.00185239571146667,1,7
93,1,1,1,0.0033582663163542747,1,6
93,2,1,1,0.00352402008138597,1,6
93,3,1,1,0.0024620648473501205,1,6
93,4,1,1,0.004401687998324633,1,6
93,5,1,1,0.003944726660847664,1,6
93,6,1,1,0.004339118953794241,1,6
93,7,1,1,0.004339118953794241,1,6
93,8,1,1,0.004339118953794241,1,6
93,9,1,1,0.004339118953794241,1,6
93,10,1,1,0.004339118953794241,1,6
93,11,1,1,0.004339118953794241,1,6
93,12,1,1,0.004339118953794241,1,6
93,13,1,1,0.004339118953794241,1,6
93,14,1,1,0.004339118953794241,1,6
93,15,1,1,0.004339118953794241,1,6
93,16,1,1,0.004339118953794241,1,6
93,17,1,1,0.004339118953794241,1,6
93,18,1,1,0.004339118953794241,1,6
93,19,1,1,0.004339118953794241,1,6
93,20,1,1,0.004339118953794241,1,6
93,21,1,1,0.004339118953794241,1,6
93,22,1,1,0.004339118953794241,1,6
93,23,1,1,0.004339118953794241,1,6
93,24,1,1,0.004339118953794241,1,6
93,25,1,1,0.004339118953794241,1,6
93,26,1,1,0.004339118953794241,1,6
93,27,1,1,0.004339118953794241,1,6
93,28,1,1,0.004339118953794241,1,6
93,29,1,1,0.004339118953794241,1,6
93,30,1,1,0.004339118953794241,1,6
93,31,1,1,0.004339118953794241,1,6
93,32,1,1,0.004339118953794241,1,6
93,33,1,1,0.004339118953794241,1,6
93,34,1,1,0.004339118953794241,1,6
93,35,1,1,0.004339118953794241,1,6
93,36,1,1,0.004339118953794241,1,6
93,37,1,1,0.004339118953794241,1,6
93,38,1,1,0.004339118953794241,1,6
93,39,1,1,0.004339118953794241,1,6
93,40,1,1,0.004339118953794241,1,6
93,41,1,1,0.004339118953794241,1,6
93,42,1,1,0.004339118953794241,1,6
93,43,1,1,0.004339118953794241,1,6
93,44,1,1,0.004339118953794241,1,6
93,45,1,1,0.004339118953794241,1,6
93,46,1,1,0.004339118953794241,1,6
93,47,1,1,0.004339118953794241,1,6
93,48,1,1,0.004339118953794241,1,6
93,49,1,1,0.004339118953794241,1,6
93,50,1,1,0.004339118953794241,1,6
93,51,1,1,0.004339118953794241,1,6
93,52,1,1,0.004339118953794241,1,6
93,53,1,1,0.004339118953794241,1,6
93,54,1,1,0.004339118953794241,1,6
93,55,1,1,0.004339118953794241,1,6
93,56,1,1,0.004339118953794241,1,6
93,57,1,1,0.004339118953794241,1,6
93,58,1,1,0.004339118953794241,1,6
93,59,1,1,0.004339118953794241,1,6
93,60,1,1,0.004339118953794241,1,6
93,61,1,1,0.004339118953794241,1,6
93,62,1,1,0.004339118953794241,1,6
93,63,1,1,0.004339118953794241,1,6
93,64,1,1,0.004339118953794241,1,6
93,65,1,1,0.004339118953794241,1,6
93,66,1,1,0.004339118953794241,1,6
93,67,1,1,0.004339118953794241,1,6
93,68,1,1,0.004339118953794241,1,6
93,69,1,1,0.004339118953794241,1,6
93,70,1,1,0.004339118953794241,1,6
93,71,1,1,0.004339118953794241,1,6
93,72,1,1,0.004339118953794241,1,6
93,73,1,1,0.004339118953794241,1,6
93,74,1,1,0.004339118953794241,1,6
93,75,1,1,0.004339118953794241,1,6
93,76,1,1,0.004339118953794241,1,6
93,77,1,1,0.004339118953794241,1,6
93,78,1,1,0.004339118953794241,1,6
93,79,1,1,0.004339118953794241,1,6
93,80,1,1,0.004339118953794241,1,6
93,81,1,1,0.004339118953794241,1,6
93,82,1,1,0.004339118953794241,1,6
93,83,1,1,0.004339118953794241,1,6
93,84,1,1,0.004339118953794241,1,6
93,85,1,1,0.004339118953794241,1,6
93,86,1,1,0.004339118953794241,1,6
93,87,1,1,0.004339118953794241,1,6
93,88,1,1,0.004339118953794241,1,6
93,89,1,1,0.004339118953794241,1,6
93,90,1,1,0.004339118953794241,1,6
93,91,1,1,0.004339118953794241,1,6
93,92,1,1,0.004339118953794241,1,6
93,93,1,1,0.004339118953794241,1,6
93,94,1,1,0.004339118953794241,1,6
93,95,1,1,0.004339118953794241,1,6
93,96,1,1,0.004339118953794241,1,6
93,97,1,1,0.004339118953794241,1,6
93,98,1,1,0.004339118953794241,1,6
93,99,1,1,0.004339118953794241,1,6
93,100,1,1,0.004339118953794241,1,6
94,1,0,0,-0.002399425022304058,1,7
94,2,0,0,-0.002863206434994936,1,7
94,3,0,0,-0.002844573464244604,1,7
94,4,0,0,-0.002815190004184842,1,7
94,5,0,0,-0.003087688935920596,1,7
94,6,0,0,-0.0030840986873954535,1,7
94,7,0,0,-0.0028444414492696524,1,7
94,8,0,0,-0.0028444414492696524,1,7
94,9,0,0,-0.0028444414492696524,1,7
94,10,0,0,-0.0028444414492696524,1,7
94,11,0,0,-0.0028444414492696524,1,7
94,12,0,0,-0.0028444414492696524,1,7
94,13,0,0,-0.0028444414492696524,1,7
94,14,0,0,-0.0028444414492696524,1,7
94,15,0,0,-0.0028444414492696524,1,7
94,16,0,0,-0.0028444414492696524,1,7
94,17,0,0,-0.0028444414492696524,1,7
94,18,0,0,-0.0028444414492696524,1,7
94,19,0,0,-0.0028444414492696524,1,7
94,20,0,0,-0.0028444414492696524,1,7
94,21,0,0,-0.0028444414492696524,1,7
94,22,0,0,-0.0028444414492696524,1,7
94,23,0,0,-0.0028444414492696524,1,7
94,24,0,0,-0.0028444414492696524,1,7
94,25,0,0,-0.0028444414492696524,1,7
94,26,0,0,-0.0028444414492696524,1,7
94,27,0,0,-0.0028444414492696524,1,7
94,28,0,0,-0.0028444414492696524,1,7
94,29,0,0,-0.0028444414492696524,1,7
94,30,0,0,-0.0028444414492696524,1,7
94,31,0,0,-0.0028444414492696524,1,7
94,32,0,0,-0.0028444414492696524,1,7
94,33,0,0,-0.0028444414492696524,1,7
94,34,0,0,-0.0028444414492696524,1,7
94,35,0,0,-0.0028444414492696524,1,7
94,36,0,0,-0.0028444414492696524,1,7
94,37,0,0,-0.0028444414492696524,1,7
94,38,0,0,-0.0028444414492696524,1,7
94,39,0,0,-0.0028444414492696524,1,7
94,40,0,0,-0.0028444414492696524,1,7
94,41,0,0,-0.0028444414492696524,1,7
94,42,0,0,-0.0028444414492696524,1,7
94,43,0,0,-0.0028444414492696524,1,7
94,44,0,0,-0.0028444414492696524,1,7
94,45,0,0,-0.0028444414492696524,1,7
94,46,0,0,-0.0028444414492696524,1,7
94,47,0,0,-0.0028444414492696524,1,7
94,48,0,0,-0.0028444414492696524,1,7
94,49,0,0,-0.0028444414492696524,1,7
94,50,0,0,-0.0028444414492696524,1,7
94,51,0,0,-0.0028444414492696524,1,7
94,52,0,0,-0.0028444414492696524,1,7
94,53,0,0,-0.0028444414492696524,1,7
94,54,0,0,-0.0028444414492696524,1,7
94,55,0,0,-0.0028444414492696524,1,7
94,56,0,0,-0.0028444414492696524,1,7
94,57,0,0,-0.0028444414492696524,1,7
94,58,0,0,-0.0028444414492696524,1,7
94,59,0,0,-0.0028444414492696524,1,7
94,60,0,0,-0.0028444414492696524,1,7
94,61,0,0,-0.0028444414492696524,1,7
94,62,0,0,-0.0028444414492696524,1,7
94,63,0,0,-0.0028444414492696524,1,7
94,64,0,0,-0.0028444414492696524,1,7
94,65,0,0,-0.0028444414492696524,1,7
94,66,0,0,-0.0028444414492696524,1,7
94,67,0,0,-0.0028444414492696524,1,7
94,68,0,0,-0.0028444414492696524,1,7
94,69,0,0,-0.0028444414492696524,1,7
94,70,0,0,-0.0028444414492696524,1,7
94,71,0,0,-0.0028444414492696524,1,7
94,72,0,0,-0.0028444414492696524,1,7
94,73,0,0,-0.0028444414492696524,1,7
94,74,0,0,-0.0028444414492696524,1,7
94,75,0,0,-0.0028444414492696524,1,7
94,76,0,0,-0.0028444414492696524,1,7
94,77,0,0,-0.0028444414492696524,1,7
94,78,0,0,-0.0028444414492696524,1,7
94,79,0,0,-0.0028444414492696524,1,7
94,80,0,0,-0.0028444414492696524,1,7
94,81,0,0,-0.0028444414492696524,1,7
94,82,0,0,-0.0028444414492696524,1,7
94,83,0,0,-0.0028444414492696524,1,7
94,84,0,0,-0.0028444414492696524,1,7
94,85,0,0,-0.0028444414492696524,1,7
94,86,0,0,-0.0028444414492696524,1,7
94,87,0,0,-0.0028444414492696524,1,7
94,88,0,0,-0.0028444414492696524,1,7
94,89,0,0,-0.0028444414492696524,1,7
94,90,0,0,-0.0028444414492696524,1,7
94,91,0,0,-0.0028444414492696524,1,7
94,92,0,0,-0.0028444414492696524,1,7
94,93,0,0,-0.0028444414492696524,1,7
94,94,0,0,-0.0028444414492696524,1,7
94,95,0,0,-0.0028444414492696524,1,7
94,96,0,0,-0.0028444414492696524,1,7
94,97,0,0,-0.0028444414492696524,1,7
94,98,0,0,-0.0028444414492696524,1,7
94,99,0,0,-0.0028444414492696524,1,7
94,100,0,0,-0.0028444414492696524,1,7
95,1,0,0,-7.859426114009693e-05,1,12
95,2,0,0,-0.0020371670834720135,1,12
95,3,0,0,-0.0015847724862396717,1,12
95,4,0,0,-0.0010079018538817763,1,12
95,5,0,0,-0.0012906581396237016,1,12
95,6,0,0,-0.0016990506555885077,1,12
95,7,0,0,-0.0018926828633993864,1,12
95,8,0,0,-0.0016734786331653595,1,12
95,9,0,0,-0.0024841090198606253,1,12
95,10,0,0,-0.002400291385129094,1,12
95,11,0,0,-0.0022268795873969793,1,12
95,12,0,0,-0.0027046697214245796,1,12
95,13,0,0,-0.0027046697214245796,1,12
95,14,0,0,-0.0027046697214245796,1,12
95,15,0,0,-0.0027046697214245796,1,12
95,16,0,0,-0.0027046697214245796,1,12
95,17,0,0,-0.0027046697214245796,1,12
95,18,0,0,-0.0027046697214245796,1,12
95,19,0,0,-0.0027046697214245796,1,12
95,20,0,0,-0.0027046697214245796,1,12
95,21,0,0,-0.0027046697214245796,1,12
95,22,0,0,-0.0027046697214245796,1,12
95,23,0,0,-0.0027046697214245796,1,12
95,24,0,0,-0.0027046697214245796,1,12
95,25,0,0,-0.0027046697214245796,1,12
95,26,0,0,-0.0027046697214245796,1,12
95,27,0,0,-0.0027046697214245796,1,12
95,28,0,0,-0.0027046697214245796,1,12
95,29,0,0,-0.0027046697214245796,1,12
95,30,0,0,-0.0027046697214245796,1,12
95,31,0,0,-0.0027046697214245796,1,12
95,32,0,0,-0.0027046697214245796,1,12
95,33,0,0,-0.0027046697214245796,1,12
95,34,0,0,-0.0027046697214245796,1,12
95,35,0,0,-0.0027046697214245796,1,12
95,36,0,0,-0.0027046697214245796,1,12
95,37,0,0,-0.0027046697214245796,1,12
95,38,0,0,-0.0027046697214245796,1,12
95,39,0,0,-0.0027046697214245796,1,12
95,40,0,0,-0.0027046697214245796,1,12
95,41,0,0,-0.0027046697214245796,1,12
95,42,0,0,-0.0027046697214245796,1,12
95,43,0,0,-0.0027046697214245796,1,12
95,44,0,0,-0.0027046697214245796,1,12
95,45,0,0,-0.0027046697214245796,1,12
95,46,0,0,-0.0027046697214245796,1,12
95,47,0,0,-0.0027046697214245796,1,12
95,48,0,0,-0.0027046697214245796,1,12
95,49,0,0,-0.0027046697214245796,1,12
95,50,0,0,-0.0027046697214245796,1,12
95,51,0,0,-0.0027046697214245796,1,12
95,52,0,0,-0.0027046697214245796,1,12
95,53,0,0,-0.0027046697214245796,1,12
95,54,0,0,-0.0027046697214245796,1,12
95,55,0,0,-0.0027046697214245796,1,12
95,56,0,0,-0.0027046697214245796,1,12
95,57,0,0,-0.0027046697214245796,1,12
95,58,0,0,-0.0027046697214245796,1,12
95,59,0,0,-0.0027046697214245796,1,12
95,60,0,0,-0.0027046697214245796,1,12
95,61,0,0,-0.0027046697214245796,1,12
95,62,0,0,-0.0027046697214245796,1,12
95,63,0,0,-0.0027046697214245796,1,12
95,64,0,0,-0.0027046697214245796,1,12
95,65,0,0,-0.0027046697214245796,1,12
95,66,0,0,-0.0027046697214245796,1,12
95,67,0,0,-0.0027046697214245796,1,12
95,68,0,0,-0.0027046697214245796,1,12
95,69,0,0,-0.0027046697214245796,1,12
95,70,0,0,-0.0027046697214245796,1,12
95,71,0,0,-0.0027046697214245796,1,12
95,72,0,0,-0.0027046697214245796,1,12
95,73,0,0,-0.0027046697214245796,1,12
95,74,0,0,-0.0027046697214245796,1,12
95,75,0,0,-0.0027046697214245796,1,12
95,76,0,0,-0.0027046697214245796,1,12
95,77,0,0,-0.0027046697214245796,1,12
95,78,0,0,-0.0027046697214245796,1,12
95,79,0,0,-0.0027046697214245796,1,12
95,80,0,0,-0.0027046697214245796,1,12
95,81,0,0,-0.0027046697214245796,1,12
95,82,0,0,-0.0027046697214245796,1,12
95,83,0,0,-0.0027046697214245796,1,12
95,84,0,0,-0.0027046697214245796,1,12
95,85,0,0,-0.0027046697214245796,1,12
95,86,0,0,-0.0027046697214245796,1,12
95,87,0,0,-0.0027046697214245796,1,12
95,88,0,0,-0.0027046697214245796,1,12
95,89,0,0,-0.0027046697214245796,1,12
95,90,0,0,-0.0027046697214245796,1,12
95,91,0,0,-0.0027046697214245796,1,12
95,92,0,0,-0.0027046697214245796,1,12
95,93,0,0,-0.0027046697214245796,1,12
95,94,0,0,-0.0027046697214245796,1,12
95,95,0,0,-0.0027046697214245796,1,12
95,96,0,0,-0.0027046697214245796,1,12
95,97,0,0,-0.0027046697214245796,1,12
95,98,0,0,-0.0027046697214245796,1,12
95,99,0,0,-0.0027046697214245796,1,12
95,100,0,0,-0.0027046697214245796,1,12
96,1,0,0,-0.002399425022304058,1,9
96,2,0,0,-0.002223572926595807,1,9
96,3,0,0,-0.0017528628231957555,1,9
96,4,0,0,-0.0024243160150945187,1,9
96,5,0,0,-0.003041095333173871,1,9
96,6,0,0,-0.004608076065778732,1,9
96,7,0,0,-0.005391508340835571,1,9
96,8,0,0,-0.006948763970285654,1,9
96,9,0,0,-0.007697665598243475,1,9
96,10,0,0,-0.007697665598243475,1,9
96,11,0,0,-0.007697665598243475,1,9
96,12,0,0,-0.007697665598243475,1,9
96,13,0,0,-0.007697665598243475,1,9
96,14,0,0,-0.007697665598243475,1,9
96,15,0,0,-0.007697665598243475,1,9
96,16,0,0,-0.007697665598243475,1,9
96,17,0,0,-0.007697665598243475,1,9
96,18,0,0,-0.007697665598243475,1,9
96,19,0,0,-0.007697665598243475,1,9
96,20,0,0,-0.007697665598243475,1,9
96,21,0,0,-0.007697665598243475,1,9
96,22,0,0,-0.007697665598243475,1,9
96,23,0,0,-0.007697665598243475,1,9
96,24,0,0,-0.007697665598243475,1,9
96,25,0,0,-0.007697665598243475,1,9
96,26,0,0,-0.007697665598243475,1,9
96,27,0,0,-0.007697665598243475,1,9
96,28,0,0,-0.007697665598243475,1,9
96,29,0,0,-0.007697665598243475,1,9
96,30,0,0,-0.007697665598243475,1,9
96,31,0,0,-0.007697665598243475,1,9
96,32,0,0,-0.007697665598243475,1,9
96,33,0,0,-0.007697665598243475,1,9
96,34,0,0,-0.007697665598243475,1,9
96,35,0,0,-0.007697665598243475,1,9
96,36,0,0,-0.007697665598243475,1,9
96,37,0,0,-0.007697665598243475,1,9
96,38,0,0,-0.007697665598243475,1,9
96,39,0,0,-0.007697665598243475,1,9
96,40,0,0,-0.007697665598243475,1,9
96,41,0,0,-0.007697665598243475,1,9
96,42,0,0,-0.007697665598243475,1,9
96,43,0,0,-0.007697665598243475,1,9
96,44,0,0,-0.007697665598243475,1,9
96,45,0,0,-0.007697665598243475,1,9
96,46,0,0,-0.007697665598243475,1,9
96,47,0,0,-0.007697665598243475,1,9
96,48,0,0,-0.007697665598243475,1,9
96,49,0,0,-0.007697665598243475,1,9
96,50,0,0,-0.007697665598243475,1,9
96,51,0,0,-0.007697665598243475,1,9
96,52,0,0,-0.007697665598243475,1,9
96,53,0,0,-0.007697665598243475,1,9
96,54,0,0,-0.007697665598243475,1,9
96,55,0,0,-0.007697665598243475,1,9
96,56,0,0,-0.007697665598243475,1,9
96,57,0,0,-0.007697665598243475,1,9
96,58,0,0,-0.007697665598243475,1,9
96,59,0,0,-0.007697665598243475,1,9
96,60,0,0,-0.007697665598243475,1,9
96,61,0,0,-0.007697665598243475,1,9
96,62,0,0,-0.007697665598243475,1,9
96,63,0,0,-0.007697665598243475,1,9
96,64,0,0,-0.007697665598243475,1,9
96,65,0,0,-0.007697665598243475,1,9
96,66,0,0,-0.007697665598243475,1,9
96,67,0,0,-0.007697665598243475,1,9
96,68,0,0,-0.007697665598243475,1,9
96,69,0,0,-0.007697665598243475,1,9
96,70,0,0,-0.007697665598243475,1,9
96,71,0,0,-0.007697665598243475,1,9
96,72,0,0,-0.007697665598243475,1,9
96,73,0,0,-0.007697665598243475,1,9
96,74,0,0,-0.007697665598243475,1,9
96,75,0,0,-0.007697665598243475,1,9
96,76,0,0,-0.007697665598243475,1,9
96,77,0,0,-0.007697665598243475,1,9
96,78,0,0,-0.007697665598243475,1,9
96,79,0,0,-0.007697665598243475,1,9
96,80,0,0,-0.007697665598243475,1,9
96,81,0,0,-0.007697665598243475,1,9
96,82,0,0,-0.007697665598243475,1,9
96,83,0,0,-0.007697665598243475,1,9
96,84,0,0,-0.007697665598243475,1,9
96,85,0,0,-0.007697665598243475,1,9
96,86,0,0,-0.007697665598243475,1,9
96,87,0,0,-0.007697665598243475,1,9
96,88,0,0,-0.007697665598243475,1,9
96,89,0,0,-0.007697665598243475,1,9
96,90,0,0,-0.007697665598243475,1,9
96,91,0,0,-0.007697665598243475,1,9
96,92,0,0,-0.007697665598243475,1,9
96,93,0,0,-0.007697665598243475,1,9
96,94,0,0,-0.007697665598243475,1,9
96,95,0,0,-0.007697665598243475,1,9
96,96,0,0,-0.007697665598243475,1,9
96,97,0,0,-0.007697665598243475,1,9
96,98,0,0,-0.007697665598243475,1,9
96,99,0,0,-0.007697665598243475,1,9
96,100,0,0,-0.007697665598243475,1,9
97,1,0,0,-0.002399425022304058,1,6
97,2,0,0,-0.002863206434994936,1,6
97,3,0,0,-0.00327939260751009,1,6
97,4,0,0,-0.0038482004310935736,1,6
97,5,0,0,-0.003917474765330553,1,6
97,6,0,0,-0.0034917700104415417,1,6
97,7,0,0,-0.0034917700104415417,1,6
97,8,0,0,-0.0034917700104415417,1,6
97,9,0,0,-0.0034917700104415417,1,6
97,10,0,0,-0.0034917700104415417,1,6
97,11,0,0,-0.0034917700104415417,1,6
97,12,0,0,-0.0034917700104415417,1,6
97,13,0,0,-0.0034917700104415417,1,6
97,14,0,0,-0.0034917700104415417,1,6
97,15,0,0,-0.0034917700104415417,1,6
97,16,0,0,-0.0034917700104415417,1,6
97,17,0,0,-0.0034917700104415417,1,6
97,18,0,0,-0.0034917700104415417,1,6
97,19,0,0,-0.0034917700104415417,1,6
97,20,0,0,-0.0034917700104415417,1,6
97,21,0,0,-0.0034917700104415417,1,6
97,22,0,0,-0.0034917700104415417,1,6
97,23,0,0,-0.0034917700104415417,1,6
97,24,0,0,-0.0034917700104415417,1,6
97,25,0,0,-0.0034917700104415417,1,6
97,26,0,0,-0.0034917700104415417,1,6
97,27,0,0,-0.0034917700104415417,1,6
97,28,0,0,-0.0034917700104415417,1,6
97,29,0,0,-0.0034917700104415417,1,6
97,30,0,0,-0.0034917700104415417,1,6
97,31,0,0,-0.0034917700104415417,1,6
97,32,0,0,-0.0034917700104415417,1,6
97,33,0,0,-0.0034917700104415417,1,6
97,34,0,0,-0.0034917700104415417,1,6
97,35,0,0,-0.0034917700104415417,1,6
97,36,0,0,-0.0034917700104415417,1,6
97,37,0,0,-0.0034917700104415417,1,6
97,38,0,0,-0.0034917700104415417,1,6
97,39,0,0,-0.0034917700104415417,1,6
97,40,0,0,-0.0034917700104415417,1,6
97,41,0,0,-0.0034917700104415417,1,6
97,42,0,0,-0.0034917700104415417,1,6
97,43,0,0,-0.0034917700104415417,1,6
97,44,0,0,-0.0034917700104415417,1,6
97,45,0,0,-0.0034917700104415417,1,6
97,46,0,0,-0.0034917700104415417,1,6
97,47,0,0,-0.0034917700104415417,1,6
97,48,0,0,-0.0034917700104415417,1,6
97,49,0,0,-0.0034917700104415417,1,6
97,50,0,0,-0.0034917700104415417,1,6
97,51,0,0,-0.0034917700104415417,1,6
97,52,0,0,-0.0034917700104415417,1,6
97,53,0,0,-0.0034917700104415417,1,6
97,54,0,0,-0.0034917700104415417,1,6
97,55,0,0,-0.0034917700104415417,1,6
97,56,0,0,-0.0034917700104415417,1,6
97,57,0,0,-0.0034917700104415417,1,6
97,58,0,0,-0.0034917700104415417,1,6
97,59,0,0,-0.0034917700104415417,1,6
97,60,0,0,-0.0034917700104415417,1,6
97,61,0,0,-0.0034917700104415417,1,6
97,62,0,0,-0.0034917700104415417,1,6
97,63,0,0,-0.0034917700104415417,1,6
97,64,0,0,-0.0034917700104415417,1,6
97,65,0,0,-0.0034917700104415417,1,6
97,66,0,0,-0.0034917700104415417,1,6
97,67,0,0,-0.0034917700104415417,1,6
97,68,0,0,-0.0034917700104415417,1,6
97,69,0,0,-0.0034917700104415417,1,6
97,70,0,0,-0.0034917700104415417,1,6
97,71,0,0,-0.0034917700104415417,1,6
97,72,0,0,-0.0034917700104415417,1,6
97,73,0,0,-0.0034917700104415417,1,6
97,74,0,0,-0.0034917700104415417,1,6
97,75,0,0,-0.0034917700104415417,1,6
97,76,0,0,-0.0034917700104415417,1,6
97,77,0,0,-0.0034917700104415417,1,6
97,78,0,0,-0.0034917700104415417,1,6
97,79,0,0,-0.0034917700104415417,1,6
97,80,0,0,-0.0034917700104415417,1,6
97,81,0,0,-0.0034917700104415417,1,6
97,82,0,0,-0.0034917700104415417,1,6
97,83,0,0,-0.0034917700104415417,1,6
97,84,0,0,-0.0034917700104415417,1,6
97,85,0,0,-0.0034917700104415417,1,6
97,86,0,0,-0.0034917700104415417,1,6
97,87,0,0,-0.0034917700104415417,1,6
97,88,0,0,-0.0034917700104415417,1,6
97,89,0,0,-0.0034917700104415417,1,6
97,90,0,0,-0.0034917700104415417,1,6
97,91,0,0,-0.0034917700104415417,1,6
97,92,0,0,-0.0034917700104415417,1,6
97,93,0,0,-0.0034917700104415417,1,6
97,94,0,0,-0.0034917700104415417,1,6
97,95,0,0,-0.0034917700104415417,1,6
97,96,0,0,-0.0034917700104415417,1,6
97,97,0,0,-0.0034917700104415417,1,6
97,98,0,0,-0.0034917700104415417,1,6
97,99,0,0,-0.0034917700104415417,1,6
97,100,0,0,-0.0034917700104415417,1,6
98,1,0,0,-7.859426114009693e-05,1,10
98,2,0,0,-0.0011641219025477767,1,10
98,3,0,0,-0.000711727247107774,1,10
98,4,0,0,-0.0008219423471018672,1,10
98,5,0,0,-0.00014144665328785777,1,10
98,6,0,0,-0.00011648092186078429,1,10
98,7,0,1,4.2087165638804436e-05,0,10
98,8,0,0,-3.4488155506551266e-05,1,10
98,9,0,1,0.00046036497224122286,0,10
98,10,0,1,0.003063336480408907,0,10
98,11,0,1,0.003063336480408907,0,10
98,12,0,1,0.003063336480408907,0,10
98,13,0,1,0.003063336480408907,0,10
98,14,0,1,0.003063336480408907,0,10
98,15,0,1,0.003063336480408907,0,10
98,16,0,1,0.003063336480408907,0,10
98,17,0,1,0.003063336480408907,0,10
98,18,0,1,0.003063336480408907,0,10
98,19,0,1,0.003063336480408907,0,10
98,20,0,1,0.003063336480408907,0,10
98,21,0,1,0.003063336480408907,0,10
98,22,0,1,0.003063336480408907,0,10
98,23,0,1,0.003063336480408907,0,10
98,24,0,1,0.003063336480408907,0,10
98,25,0,1,0.003063336480408907,0,10
98,26,0,1,0.003063336480408907,0,10
98,27,0,1,0.003063336480408907,0,10
98,28,0,1,0.003063336480408907,0,10
98,29,0,1,0.003063336480408907,0,10
98,30,0,1,0.003063336480408907,0,10
98,31,0,1,0.003063336480408907,0,10
98,32,0,1,0.003063336480408907,0,10
98,33,0,1,0.003063336480408907,0,10
98,34,0,1,0.003063336480408907,0,10
98,35,0,1,0.003063336480408907,0,10
98,36,0,1,0.003063336480408907,0,10
98,37,0,1,0.003063336480408907,0,10
98,38,0,1,0.003063336480408907,0,10
98,39,0,1,0.003063336480408907,0,10
98,40,0,1,0.003063336480408907,0,10
98,41,0,1,0.003063336480408907,0,10
98,42,0,1,0.003063336480408907,0,10
98,43,0,1,0.003063336480408907,0,10
98,44,0,1,0.003063336480408907,0,10
98,45,0,1,0.003063336480408907,0,10
98,46,0,1,0.003063336480408907,0,10
98,47,0,1,0.003063336480408907,0,10
98,48,0,1,0.003063336480408907,0,10
98,49,0,1,0.003063336480408907,0,10
98,50,0,1,0.003063336480408907,0,10
98,51,0,1,0.003063336480408907,0,10
98,52,0,1,0.003063336480408907,0,10
98,53,0,1,0.003063336480408907,0,10
98,54,0,1,0.003063336480408907,0,10
98,55,0,1,0.003063336480408907,0,10
98,56,0,1,0.003063336480408907,0,10
98,57,0,1,0.003063336480408907,0,10
98,58,0,1,0.003063336480408907,0,10
98,59,0,1,0.003063336480408907,0,10
98,60,0,1,0.003063336480408907,0,10
98,61,0,1,0.003063336480408907,0,10
98,62,0,1,0.003063336480408907,0,10
98,63,0,1,0.003063336480408907,0,10
98,64,0,1,0.003063336480408907,0,10
98,65,0,1,0.003063336480408907,0,10
98,66,0,1,0.003063336480408907,0,10
98,67,0,1,0.003063336480408907,0,10
98,68,0,1,0.003063336480408907,0,10
98,69,0,1,0.003063336480408907,0,10
98,70,0,1,0.003063336480408907,0,10
98,71,0,1,0.003063336480408907,0,10
98,72,0,1,0.003063336480408907,0,10
98,73,0,1,0.003063336480408907,0,10
98,74,0,1,0.003063336480408907,0,10
98,75,0,1,0.003063336480408907,0,10
98,76,0,1,0.003063336480408907,0,10
98,77,0,1,0.003063336480408907,0,10
98,78,0,1,0.003063336480408907,0,10
98,79,0,1,0.003063336480408907,0,10
98,80,0,1,0.003063336480408907,0,10
98,81,0,1,0.003063336480408907,0,10
98,82,0,1,0.003063336480408907,0,10
98,83,0,1,0.003063336480408907,0,10
98,84,0,1,0.003063336480408907,0,10
98,85,0,1,0.003063336480408907,0,10
98,86,0,1,0.003063336480408907,0,10
98,87,0,1,0.003063336480408907,0,10
98,88,0,1,0.003063336480408907,0,10
98,89,0,1,0.003063336480408907,0,10
98,90,0,1,0.003063336480408907,0,10
98,91,0,1,0.003063336480408907,0,10
98,92,0,1,0.003063336480408907,0,10
98,93,0,1,0.003063336480408907,0,10
98,94,0,1,0.003063336480408907,0,10
98,95,0,1,0.003063336480408907,0,10
98,96,0,1,0.003063336480408907,0,10
98,97,0,1,0.003063336480408907,0,10
98,98,0,1,0.003063336480408907,0,10
98,99,0,1,0.003063336480408907,0,10
98,100,0,1,0.003063336480408907,0,10
99,1,0,0,-0.0035374120343476534,1,9
99,2,0,0,-0.004001193214207888,1,9
99,3,0,0,-0.0044196853414177895,1,9
99,4,0,0,-0.0052677178755402565,1,9
99,5,0,0,-0.005504265893250704,1,9
99,6,0,0,-0.005232497584074736,1,9
99,7,0,0,-0.005025475285947323,1,9
99,8,0,0,-0.004525437485426664,1,9
99,9,0,0,-0.004704670514911413,1,9
99,10,0,0,-0.004704670514911413,1,9
99,11,0,0,-0.004704670514911413,1,9
99,12,0,0,-0.004704670514911413,1,9
99,13,0,0,-0.004704670514911413,1,9
99,14,0,0,-0.004704670514911413,1,9
99,15,0,0,-0.004704670514911413,1,9
99,16,0,0,-0.004704670514911413,1,9
99,17,0,0,-0.004704670514911413,1,9
99,18,0,0,-0.004704670514911413,1,9
99,19,0,0,-0.004704670514911413,1,9
99,20,0,0,-0.004704670514911413,1,9
99,21,0,0,-0.004704670514911413,1,9
99,22,0,0,-0.004704670514911413,1,9
99,23,0,0,-0.004704670514911413,1,9
99,24,0,0,-0.004704670514911413,1,9
99,25,0,0,-0.004704670514911413,1,9
99,26,0,0,-0.004704670514911413,1,9
99,27,0,0,-0.004704670514911413,1,9
99,28,0,0,-0.004704670514911413,1,9
99,29,0,0,-0.004704670514911413,1,9
99,30,0,0,-0.004704670514911413,1,9
99,31,0,0,-0.004704670514911413,1,9
99,32,0,0,-0.004704670514911413,1,9
99,33,0,0,-0.004704670514911413,1,9
99,34,0,0,-0.004704670514911413,1,9
99,35,0,0,-0.004704670514911413,1,9
99,36,0,0,-0.004704670514911413,1,9
99,37,0,0,-0.004704670514911413,1,9
99,38,0,0,-0.004704670514911413,1,9
99,39,0,0,-0.004704670514911413,1,9
99,40,0,0,-0.004704670514911413,1,9
99,41,0,0,-0.004704670514911413,1,9
99,42,0,0,-0.004704670514911413,1,9
99,43,0,0,-0.004704670514911413,1,9
99,44,0,0,-0.004704670514911413,1,9
99,45,0,0,-0.004704670514911413,1,9
99,46,0,0,-0.004704670514911413,1,9
99,47,0,0,-0.004704670514911413,1,9
99,48,0,0,-0.004704670514911413,1,9
99,49,0,0,-0.004704670514911413,1,9
99,50,0,0,-0.004704670514911413,1,9
99,51,0,0,-0.004704670514911413,1,9
99,52,0,0,-0.004704670514911413,1,9
99,53,0,0,-0.004704670514911413,1,9
99,54,0,0,-0.004704670514911413,1,9
99,55,0,0,-0.004704670514911413,1,9
99,56,0,0,-0.004704670514911413,1,9
99,57,0,0,-0.004704670514911413,1,9
99,58,0,0,-0.004704670514911413,1,9
99,59,0,0,-0.004704670514911413,1,9
99,60,0,0,-0.004704670514911413,1,9
99,61,0,0,-0.004704670514911413,1,9
99,62,0,0,-0.004704670514911413,1,9
99,63,0,0,-0.004704670514911413,1,9
99,64,0,0,-0.004704670514911413,1,9
99,65,0,0,-0.004704670514911413,1,9
99,66,0,0,-0.004704670514911413,1,9
99,67,0,0,-0.004704670514911413,1,9
99,68,0,0,-0.004704670514911413,1,9
99,69,0,0,-0.004704670514911413,1,9
99,70,0,0,-0.004704670514911413,1,9
99,71,0,0,-0.004704670514911413,1,9
99,72,0,0,-0.004704670514911413,1,9
99,73,0,0,-0.004704670514911413,1,9
99,74,0,0,-0.004704670514911413,1,9
99,75,0,0,-0.004704670514911413,1,9
99,76,0,0,-0.004704670514911413,1,9
99,77,0,0,-0.004704670514911413,1,9
99,78,0,0,-0.004704670514911413,1,9
99,79,0,0,-0.004704670514911413,1,9
99,80,0,0,-0.004704670514911413,1,9
99,81,0,0,-0.004704670514911413,1,9
99,82,0,0,-0.004704670514911413,1,9
99,83,0,0,-0.004704670514911413,1,9
99,84,0,0,-0.004704670514911413,1,9
99,85,0,0,-0.004704670514911413,1,9
99,86,0,0,-0.004704670514911413,1,9
99,87,0,0,-0.004704670514911413,1,9
99,88,0,0,-0.004704670514911413,1,9
99,89,0,0,-0.004704670514911413,1,9
99,90,0,0,-0.004704670514911413,1,9
99,91,0,0,-0.004704670514911413,1,9
99,92,0,0,-0.004704670514911413,1,9
99,93,0,0,-0.004704670514911413,1,9
99,94,0,0,-0.004704670514911413,1,9
99,95,0,0,-0.004704670514911413,1,9
99,96,0,0,-0.004704670514911413,1,9
99,97,0,0,-0.004704670514911413,1,9
99,98,0,0,-0.004704670514911413,1,9
99,99,0,0,-0.004704670514911413,1,9
99,100,0,0,-0.004704670514911413,1,9
100,1,0,0,-7.859426114009693e-05,1,13
100,2,0,0,-0.0011641219025477767,1,13
100,3,0,0,-0.001560443313792348,1,13
100,4,0,0,-0.001670658471994102,1,13
100,5,0,0,-0.0011244126362726092,1,13
100,6,0,0,-0.0019649136811494827,1,13
100,7,0,0,-0.0021585458889603615,1,13
100,8,0,0,-0.0019393416587263346,1,13
100,9,0,0,-0.0025081494823098183,1,13
100,10,0,0,-0.00309305964037776,1,13
100,11,0,0,-0.0014057490043342113,1,13
100,12,0,0,-0.0002424493432044983,1,13
100,13,0,0,-0.00023885900736786425,1,13
100,14,0,0,-0.00023885900736786425,1,13
100,15,0,0,-0.00023885900736786425,1,13
100,16,0,0,-0.00023885900736786425,1,13
100,17,0,0,-0.00023885900736786425,1,13
100,18,0,0,-0.00023885900736786425,1,13
100,19,0,0,-0.00023885900736786425,1,13
100,20,0,0,-0.00023885900736786425,1,13
100,21,0,0,-0.00023885900736786425,1,13
100,22,0,0,-0.00023885900736786425,1,13
100,23,0,0,-0.00023885900736786425,1,13
100,24,0,0,-0.00023885900736786425,1,13
100,25,0,0,-0.00023885900736786425,1,13
100,26,0,0,-0.00023885900736786425,1,13
100,27,0,0,-0.00023885900736786425,1,13
100,28,0,0,-0.00023885900736786425,1,13
100,29,0,0,-0.00023885900736786425,1,13
100,30,0,0,-0.00023885900736786425,1,13
100,31,0,0,-0.00023885900736786425,1,13
100,32,0,0,-0.00023885900736786425,1,13
100,33,0,0,-0.00023885900736786425,1,13
100,34,0,0,-0.00023885900736786425,1,13
100,35,0,0,-0.00023885900736786425,1,13
100,36,0,0,-0.00023885900736786425,1,13
100,37,0,0,-0.00023885900736786425,1,13
100,38,0,0,-0.00023885900736786425,1,13
100,39,0,0,-0.00023885900736786425,1,13
100,40,0,0,-0.00023885900736786425,1,13
100,41,0,0,-0.00023885900736786425,1,13
100,42,0,0,-0.00023885900736786425,1,13
100,43,0,0,-0.00023885900736786425,1,13
100,44,0,0,-0.00023885900736786425,1,13
100,45,0,0,-0.00023885900736786425,1,13
100,46,0,0,-0.00023885900736786425,1,13
100,47,0,0,-0.00023885900736786425,1,13
100,48,0,0,-0.00023885900736786425,1,13
100,49,0,0,-0.00023885900736786425,1,13
100,50,0,0,-0.00023885900736786425,1,13
100,51,0,0,-0.00023885900736786425,1,13
100,52,0,0,-0.00023885900736786425,1,13
100,53,0,0,-0.00023885900736786425,1,13
100,54,0,0,-0.00023885900736786425,1,13
100,55,0,0,-0.00023885900736786425,1,13
100,56,0,0,-0.00023885900736786425,1,13
100,57,0,0,-0.00023885900736786425,1,13
100,58,0,0,-0.00023885900736786425,1,13
100,59,0,0,-0.00023885900736786425,1,13
100,60,0,0,-0.00023885900736786425,1,13
100,61,0,0,-0.00023885900736786425,1,13
100,62,0,0,-0.00023885900736786425,1,13
100,63,0,0,-0.00023885900736786425,1,13
100,64,0,0,-0.00023885900736786425,1,13
100,65,0,0,-0.00023885900736786425,1,13
100,66,0,0,-0.00023885900736786425,1,13
100,67,0,0,-0.00023885900736786425,1,13
100,68,0,0,-0.00023885900736786425,1,13
100,69,0,0,-0.00023885900736786425,1,13
100,70,0,0,-0.00023885900736786425,1,13
100,71,0,0,-0.00023885900736786425,1,13
100,72,0,0,-0.00023885900736786425,1,13
100,73,0,0,-0.00023885900736786425,1,13
100,74,0,0,-0.00023885900736786425,1,13
100,75,0,0,-0.00023885900736786425,1,13
100,76,0,0,-0.00023885900736786425,1,13
100,77,0,0,-0.00023885900736786425,1,13
100,78,0,0,-0.00023885900736786425,1,13
100,79,0,0,-0.00023885900736786425,1,13
100,80,0,0,-0.00023885900736786425,1,13
100,81,0,0,-0.00023885900736786425,1,13
100,82,0,0,-0.00023885900736786425,1,13
100,83,0,0,-0.00023885900736786425,1,13
100,84,0,0,-0.00023885900736786425,1,13
100,85,0,0,-0.00023885900736786425,1,13
100,86,0,0,-0.00023885900736786425,1,13
100,87,0,0,-0.00023885900736786425,1,13
100,88,0,0,-0.00023885900736786425,1,13
100,89,0,0,-0.00023885900736786425,1,13
100,90,0,0,-0.00023885900736786425,1,13
100,91,0,0,-0.00023885900736786425,1,13
100,92,0,0,-0.00023885900736786425,1,13
100,93,0,0,-0.00023885900736786425,1,13
100,94,0,0,-0.00023885900736786425,1,13
100,95,0,0,-0.00023885900736786425,1,13
100,96,0,0,-0.00023885900736786425,1,13
100,97,0,0,-0.00023885900736786425,1,13
100,98,0,0,-0.00023885900736786425,1,13
100,99,0,0,-0.00023885900736786425,1,13
100,100,0,0,-0.00023885900736786425,1,13
101,1,0,0,-7.859426114009693e-05,1,10
101,2,0,0,-0.0002761246869340539,1,10
101,3,0,0,-0.00025556402397342026,1,10
101,4,0,1,0.00023928910377435386,0,10
101,5,0,1,0.00027795706409960985,0,10
101,6,0,1,0.0006330581963993609,0,10
101,7,0,1,0.0007370150997303426,0,10
101,8,0,0,-0.00016105570830404758,1,10
101,9,0,1,0.00027351186145097017,0,10
101,10,0,0,-1.988967414945364e-05,1,10
101,11,0,0,-1.988967414945364e-05,1,10
101,12,0,0,-1.988967414945364e-05,1,10
101,13,0,0,-1.988967414945364e-05,1,10
101,14,0,0,-1.988967414945364e-05,1,10
101,15,0,0,-1.988967414945364e-05,1,10
101,16,0,0,-1.988967414945364e-05,1,10
101,17,0,0,-1.988967414945364e-05,1,10
101,18,0,0,-1.988967414945364e-05,1,10
101,19,0,0,-1.988967414945364e-05,1,10
101,20,0,0,-1.988967414945364e-05,1,10
101,21,0,0,-1.988967414945364e-05,1,10
101,22,0,0,-1.988967414945364e-05,1,10
101,23,0,0,-1.988967414945364e-05,1,10
101,24,0,0,-1.988967414945364e-05,1,10
101,25,0,0,-1.988967414945364e-05,1,10
101,26,0,0,-1.988967414945364e-05,1,10
101,27,0,0,-1.988967414945364e-05,1,10
101,28,0,0,-1.988967414945364e-05,1,10
101,29,0,0,-1.988967414945364e-05,1,10
101,30,0,0,-1.988967414945364e-05,1,10
101,31,0,0,-1.988967414945364e-05,1,10
101,32,0,0,-1.988967414945364e-05,1,10
101,33,0,0,-1.988967414945364e-05,1,10
101,34,0,0,-1.988967414945364e-05,1,10
101,35,0,0,-1.988967414945364e-05,1,10
101,36,0,0,-1.988967414945364e-05,1,10
101,37,0,0,-1.988967414945364e-05,1,10
101,38,0,0,-1.988967414945364e-05,1,10
101,39,0,0,-1.988967414945364e-05,1,10
101,40,0,0,-1.988967414945364e-05,1,10
101,41,0,0,-1.988967414945364e-05,1,10
101,42,0,0,-1.988967414945364e-05,1,10
101,43,0,0,-1.988967414945364e-05,1,10
101,44,0,0,-1.988967414945364e-05,1,10
101,45,0,0,-1.988967414945364e-05,1,10
101,46,0,0,-1.988967414945364e-05,1,10
101,47,0,0,-1.988967414945364e-05,1,10
101,48,0,0,-1.988967414945364e-05,1,10
101,49,0,0,-1.988967414945364e-05,1,10
101,50,0,0,-1.988967414945364e-05,1,10
101,51,0,0,-1.988967414945364e-05,1,10
101,52,0,0,-1.988967414945364e-05,1,10
101,53,0,0,-1.988967414945364e-05,1,10
101,54,0,0,-1.988967414945364e-05,1,10
101,55,0,0,-1.988967414945364e-05,1,10
101,56,0,0,-1.988967414945364e-05,1,10
101,57,0,0,-1.988967414945364e-05,1,10
101,58,0,0,-1.988967414945364e-05,1,10
101,59,0,0,-1.988967414945364e-05,1,10
101,60,0,0,-1.988967414945364e-05,1,10
101,61,0,0,-1.988967414945364e-05,1,10
101,62,0,0,-1.988967414945364e-05,1,10
101,63,0,0,-1.988967414945364e-05,1,10
101,64,0,0,-1.988967414945364e-05,1,10
101,65,0,0,-1.988967414945364e-05,1,10
101,66,0,0,-1.988967414945364e-05,1,10
101,67,0,0,-1.988967414945364e-05,1,10
101,68,0,0,-1.988967414945364e-05,1,10
101,69,0,0,-1.988967414945364e-05,1,10
101,70,0,0,-1.988967414945364e-05,1,10
101,71,0,0,-1.988967414945364e-05,1,10
101,72,0,0,-1.988967414945364e-05,1,10
101,73,0,0,-1.988967414945364e-05,1,10
101,74,0,0,-1.988967414945364e-05,1,10
101,75,0,0,-1.988967414945364e-05,1,10
101,76,0,0,-1.988967414945364e-05,1,10
101,77,0,0,-1.988967414945364e-05,1,10
101,78,0,0,-1.988967414945364e-05,1,10
101,79,0,0,-1.988967414945364e-05,1,10
101,80,0,0,-1.988967414945364e-05,1,10
101,81,0,0,-1.988967414945364e-05,1,10
101,82,0,0,-1.988967414945364e-05,1,10
101,83,0,0,-1.988967414945364e-05,1,10
101,84,0,0,-1.988967414945364e-05,1,10
101,85,0,0,-1.988967414945364e-05,1,10
101,86,0,0,-1.988967414945364e-05,1,10
101,87,0,0,-1.988967414945364e-05,1,10
101,88,0,0,-1.988967414945364e-05,1,10
101,89,0,0,-1.988967414945364e-05,1,10
101,90,0,0,-1.988967414945364e-05,1,10
101,91,0,0,-1.988967414945364e-05,1,10
101,92,0,0,-1.988967414945364e-05,1,10
101,93,0,0,-1.988967414945364e-05,1,10
101,94,0,0,-1.988967414945364e-05,1,10
101,95,0,0,-1.988967414945364e-05,1,10
101,96,0,0,-1.988967414945364e-05,1,10
101,97,0,0,-1.988967414945364e-05,1,10
101,98,0,0,-1.988967414945364e-05,1,10
101,99,0,0,-1.988967414945364e-05,1,10
101,100,0,0,-1.988967414945364e-05,1,10
102,1,1,0,-0.0024832093622535467,0,6
102,2,1,0,-0.003619780298322439,0,6
102,3,1,0,-0.004681735765188932,0,6
102,4,1,0,-0.0048222788609564304,0,6
102,5,1,0,-0.004894863814115524,0,6
102,6,1,0,-0.0047739166766405106,0,6
102,7,1,0,-0.0047739166766405106,0,6
102,8,1,0,-0.0047739166766405106,0,6
102,9,1,0,-0.0047739166766405106,0,6
102,10,1,0,-0.0047739166766405106,0,6
102,11,1,0,-0.0047739166766405106,0,6
102,12,1,0,-0.0047739166766405106,0,6
102,13,1,0,-0.0047739166766405106,0,6
102,14,1,0,-0.0047739166766405106,0,6
102,15,1,0,-0.0047739166766405106,0,6
102,16,1,0,-0.0047739166766405106,0,6
102,17,1,0,-0.0047739166766405106,0,6
102,18,1,0,-0.0047739166766405106,0,6
102,19,1,0,-0.0047739166766405106,0,6
102,20,1,0,-0.0047739166766405106,0,6
102,21,1,0,-0.0047739166766405106,0,6
102,22,1,0,-0.0047739166766405106,0,6
102,23,1,0,-0.0047739166766405106,0,6
102,24,1,0,-0.0047739166766405106,0,6
102,25,1,0,-0.0047739166766405106,0,6
102,26,1,0,-0.0047739166766405106,0,6
102,27,1,0,-0.0047739166766405106,0,6
102,28,1,0,-0.0047739166766405106,0,6
102,29,1,0,-0.0047739166766405106,0,6
102,30,1,0,-0.0047739166766405106,0,6
102,31,1,0,-0.0047739166766405106,0,6
102,32,1,0,-0.0047739166766405106,0,6
102,33,1,0,-0.0047739166766405106,0,6
102,34,1,0,-0.0047739166766405106,0,6
102,35,1,0,-0.0047739166766405106,0,6
102,36,1,0,-0.0047739166766405106,0,6
102,37,1,0,-0.0047739166766405106,0,6
102,38,1,0,-0.0047739166766405106,0,6
102,39,1,0,-0.0047739166766405106,0,6
102,40,1,0,-0.0047739166766405106,0,6
102,41,1,0,-0.0047739166766405106,0,6
102,42,1,0,-0.0047739166766405106,0,6
102,43,1,0,-0.0047739166766405106,0,6
102,44,1,0,-0.0047739166766405106,0,6
102,45,1,0,-0.0047739166766405106,0,6
102,46,1,0,-0.0047739166766405106,0,6
102,47,1,0,-0.0047739166766405106,0,6
102,48,1,0,-0.0047739166766405106,0,6
102,49,1,0,-0.0047739166766405106,0,6
102,50,1,0,-0.0047739166766405106,0,6
102,51,1,0,-0.0047739166766405106,0,6
102,52,1,0,-0.0047739166766405106,0,6
102,53,1,0,-0.0047739166766405106,0,6
102,54,1,0,-0.0047739166766405106,0,6
102,55,1,0,-0.0047739166766405106,0,6
102,56,1,0,-0.0047739166766405106,0,6
102,57,1,0,-0.0047739166766405106,0,6
102,58,1,0,-0.0047739166766405106,0,6
102,59,1,0,-0.0047739166766405106,0,6
102,60,1,0,-0.0047739166766405106,0,6
102,61,1,0,-0.0047739166766405106,0,6
102,62,1,0,-0.0047739166766405106,0,6
102,63,1,0,-0.0047739166766405106,0,6
102,64,1,0,-0.0047739166766405106,0,6
102,65,1,0,-0.0047739166766405106,0,6
102,66,1,0,-0.0047739166766405106,0,6
102,67,1,0,-0.0047739166766405106,0,6
102,68,1,0,-0.0047739166766405106,0,6
102,69,1,0,-0.0047739166766405106,0,6
102,70,1,0,-0.0047739166766405106,0,6
102,71,1,0,-0.0047739166766405106,0,6
102,72,1,0,-0.0047739166766405106,0,6
102,73,1,0,-0.0047739166766405106,0,6
102,74,1,0,-0.0047739166766405106,0,6
102,75,1,0,-0.0047739166766405106,0,6
102,76,1,0,-0.0047739166766405106,0,6
102,77,1,0,-0.0047739166766405106,0,6
102,78,1,0,-0.0047739166766405106,0,6
102,79,1,0,-0.0047739166766405106,0,6
102,80,1,0,-0.0047739166766405106,0,6
102,81,1,0,-0.0047739166766405106,0,6
102,82,1,0,-0.0047739166766405106,0,6
102,83,1,0,-0.0047739166766405106,0,6
102,84,1,0,-0.0047739166766405106,0,6
102,85,1,0,-0.0047739166766405106,0,6
102,86,1,0,-0.0047739166766405106,0,6
102,87,1,0,-0.0047739166766405106,0,6
102,88,1,0,-0.0047739166766405106,0,6
102,89,1,0,-0.0047739166766405106,0,6
102,90,1,0,-0.0047739166766405106,0,6
102,91,1,0,-0.0047739166766405106,0,6
102,92,1,0,-0.0047739166766405106,0,6
102,93,1,0,-0.0047739166766405106,0,6
102,94,1,0,-0.0047739166766405106,0,6
102,95,1,0,-0.0047739166766405106,0,6
102,96,1,0,-0.0047739166766405106,0,6
102,97,1,0,-0.0047739166766405106,0,6
102,98,1,0,-0.0047739166766405106,0,6
102,99,1,0,-0.0047739166766405106,0,6
102,100,1,0,-0.0047739166766405106,0,6
103,1,0,1,0.0011042486876249313,0,4
103,2,0,1,0.0006404673331417143,0,4
103,3,0,1,0.0012248854618519545,0,4
103,4,0,1,0.004148409701883793,0,4
103,5,0,1,0.004148409701883793,0,4
103,6,0,1,0.004148409701883793,0,4
103,7,0,1,0.004148409701883793,0,4
103,8,0,1,0.004148409701883793,0,4
103,9,0,1,0.004148409701883793,0,4
103,10,0,1,0.004148409701883793,0,4
103,11,0,1,0.004148409701883793,0,4
103,12,0,1,0.004148409701883793,0,4
103,13,0,1,0.004148409701883793,0,4
103,14,0,1,0.004148409701883793,0,4
103,15,0,1,0.004148409701883793,0,4
103,16,0,1,0.004148409701883793,0,4
103,17,0,1,0.004148409701883793,0,4
103,18,0,1,0.004148409701883793,0,4
103,19,0,1,0.004148409701883793,0,4
103,20,0,1,0.004148409701883793,0,4
103,21,0,1,0.004148409701883793,0,4
103,22,0,1,0.004148409701883793,0,4
103,23,0,1,0.004148409701883793,0,4
103,24,0,1,0.004148409701883793,0,4
103,25,0,1,0.004148409701883793,0,4
103,26,0,1,0.004148409701883793,0,4
103,27,0,1,0.004148409701883793,0,4
103,28,0,1,0.004148409701883793,0,4
103,29,0,1,0.004148409701883793,0,4
103,30,0,1,0.004148409701883793,0,4
103,31,0,1,0.004148409701883793,0,4
103,32,0,1,0.004148409701883793,0,4
103,33,0,1,0.004148409701883793,0,4
103,34,0,1,0.004148409701883793,0,4
103,35,0,1,0.004148409701883793,0,4
103,36,0,1,0.004148409701883793,0,4
103,37,0,1,0.004148409701883793,0,4
103,38,0,1,0.004148409701883793,0,4
103,39,0,1,0.004148409701883793,0,4
103,40,0,1,0.004148409701883793,0,4
103,41,0,1,0.004148409701883793,0,4
103,42,0,1,0.004148409701883793,0,4
103,43,0,1,0.004148409701883793,0,4
103,44,0,1,0.004148409701883793,0,4
103,45,0,1,0.004148409701883793,0,4
103,46,0,1,0.004148409701883793,0,4
103,47,0,1,0.004148409701883793,0,4
103,48,0,1,0.004148409701883793,0,4
103,49,0,1,0.004148409701883793,0,4
103,50,0,1,0.004148409701883793,0,4
103,51,0,1,0.004148409701883793,0,4
103,52,0,1,0.004148409701883793,0,4
103,53,0,1,0.004148409701883793,0,4
103,54,0,1,0.004148409701883793,0,4
103,55,0,1,0.004148409701883793,0,4
103,56,0,1,0.004148409701883793,0,4
103,57,0,1,0.004148409701883793,0,4
103,58,0,1,0.004148409701883793,0,4
103,59,0,1,0.004148409701883793,0,4
103,60,0,1,0.004148409701883793,0,4
103,61,0,1,0.004148409701883793,0,4
103,62,0,1,0.004148409701883793,0,4
103,63,0,1,0.004148409701883793,0,4
103,64,0,1,0.004148409701883793,0,4
103,65,0,1,0.004148409701883793,0,4
103,66,0,1,0.004148409701883793,0,4
103,67,0,1,0.004148409701883793,0,4
103,68,0,1,0.004148409701883793,0,4
103,69,0,1,0.004148409701883793,0,4
103,70,0,1,0.004148409701883793,0,4
103,71,0,1,0.004148409701883793,0,4
103,72,0,1,0.004148409701883793,0,4
103,73,0,1,0.004148409701883793,0,4
103,74,0,1,0.004148409701883793,0,4
103,75,0,1,0.004148409701883793,0,4
103,76,0,1,0.004148409701883793,0,4
103,77,0,1,0.004148409701883793,0,4
103,78,0,1,0.004148409701883793,0,4
103,79,0,1,0.004148409701883793,0,4
103,80,0,1,0.004148409701883793,0,4
103,81,0,1,0.004148409701883793,0,4
103,82,0,1,0.004148409701883793,0,4
103,83,0,1,0.004148409701883793,0,4
103,84,0,1,0.004148409701883793,0,4
103,85,0,1,0.004148409701883793,0,4
103,86,0,1,0.004148409701883793,0,4
103,87,0,1,0.004148409701883793,0,4
103,88,0,1,0.004148409701883793,0,4
103,89,0,1,0.004148409701883793,0,4
103,90,0,1,0.004148409701883793,0,4
103,91,0,1,0.004148409701883793,0,4
103,92,0,1,0.004148409701883793,0,4
103,93,0,1,0.004148409701883793,0,4
103,94,0,1,0.004148409701883793,0,4
103,95,0,1,0.004148409701883793,0,4
103,96,0,1,0.004148409701883793,0,4
103,97,0,1,0.004148409701883793,0,4
103,98,0,1,0.004148409701883793,0,4
103,99,0,1,0.004148409701883793,0,4
103,100,0,1,0.004148409701883793,0,4
104,1,0,0,-0.001246485742740333,1,4
104,2,0,1,0.006210452876985073,0,4
104,3,0,1,0.006482221186161041,0,4
104,4,0,1,0.0066049909219145775,0,4
104,5,0,1,0.0066049909219145775,0,4
104,6,0,1,0.0066049909219145775,0,4
104,7,0,1,0.0066049909219145775,0,4
104,8,0,1,0.0066049909219145775,0,4
104,9,0,1,0.0066049909219145775,0,4
104,10,0,1,0.0066049909219145775,0,4
104,11,0,1,0.0066049909219145775,0,4
104,12,0,1,0.0066049909219145775,0,4
104,13,0,1,0.0066049909219145775,0,4
104,14,0,1,0.0066049909219145775,0,4
104,15,0,1,0.0066049909219145775,0,4
104,16,0,1,0.0066049909219145775,0,4
104,17,0,1,0.0066049909219145775,0,4
104,18,0,1,0.0066049909219145775,0,4
104,19,0,1,0.0066049909219145775,0,4
104,20,0,1,0.0066049909219145775,0,4
104,21,0,1,0.0066049909219145775,0,4
104,22,0,1,0.0066049909219145775,0,4
104,23,0,1,0.0066049909219145775,0,4
104,24,0,1,0.0066049909219145775,0,4
104,25,0,1,0.0066049909219145775,0,4
104,26,0,1,0.0066049909219145775,0,4
104,27,0,1,0.0066049909219145775,0,4
104,28,0,1,0.0066049909219145775,0,4
104,29,0,1,0.0066049909219145775,0,4
104,30,0,1,0.0066049909219145775,0,4
104,31,0,1,0.0066049909219145775,0,4
104,32,0,1,0.0066049909219145775,0,4
104,33,0,1,0.0066049909219145775,0,4
104,34,0,1,0.0066049909219145775,0,4
104,35,0,1,0.0066049909219145775,0,4
104,36,0,1,0.0066049909219145775,0,4
104,37,0,1,0.0066049909219145775,0,4
104,38,0,1,0.0066049909219145775,0,4
104,39,0,1,0.0066049909219145775,0,4
104,40,0,1,0.0066049909219145775,0,4
104,41,0,1,0.0066049909219145775,0,4
104,42,0,1,0.0066049909219145775,0,4
104,43,0,1,0.0066049909219145775,0,4
104,44,0,1,0.0066049909219145775,0,4
104,45,0,1,0.0066049909219145775,0,4
104,46,0,1,0.0066049909219145775,0,4
104,47,0,1,0.0066049909219145775,0,4
104,48,0,1,0.0066049909219145775,0,4
104,49,0,1,0.0066049909219145775,0,4
104,50,0,1,0.0066049909219145775,0,4
104,51,0,1,0.0066049909219145775,0,4
104,52,0,1,0.0066049909219145775,0,4
104,53,0,1,0.0066049909219145775,0,4
104,54,0,1,0.0066049909219145775,0,4
104,55,0,1,0.0066049909219145775,0,4
104,56,0,1,0.0066049909219145775,0,4
104,57,0,1,0.0066049909219145775,0,4
104,58,0,1,0.0066049909219145775,0,4
104,59,0,1,0.0066049909219145775,0,4
104,60,0,1,0.0066049909219145775,0,4
104,61,0,1,0.0066049909219145775,0,4
104,62,0,1,0.0066049909219145775,0,4
104,63,0,1,0.0066049909219145775,0,4
104,64,0,1,0.0066049909219145775,0,4
104,65,0,1,0.0066049909219145775,0,4
104,66,0,1,0.0066049909219145775,0,4
104,67,0,1,0.0066049909219145775,0,4
104,68,0,1,0.0066049909219145775,0,4
104,69,0,1,0.0066049909219145775,0,4
104,70,0,1,0.0066049909219145775,0,4
104,71,0,1,0.0066049909219145775,0,4
104,72,0,1,0.0066049909219145775,0,4
104,73,0,1,0.0066049909219145775,0,4
104,74,0,1,0.0066049909219145775,0,4
104,75,0,1,0.0066049909219145775,0,4
104,76,0,1,0.0066049909219145775,0,4
104,77,0,1,0.0066049909219145775,0,4
104,78,0,1,0.0066049909219145775,0,4
104,79,0,1,0.0066049909219145775,0,4
104,80,0,1,0.0066049909219145775,0,4
104,81,0,1,0.0066049909219145775,0,4
104,82,0,1,0.0066049909219145775,0,4
104,83,0,1,0.0066049909219145775,0,4
104,84,0,1,0.0066049909219145775,0,4
104,85,0,1,0.0066049909219145775,0,4
104,86,0,1,0.0066049909219145775,0,4
104,87,0,1,0.0066049909219145775,0,4
104,88,0,1,0.0066049909219145775,0,4
104,89,0,1,0.0066049909219145775,0,4
104,90,0,1,0.0066049909219145775,0,4
104,91,0,1,0.0066049909219145775,0,4
104,92,0,1,0.0066049909219145775,0,4
104,93,0,1,0.0066049909219145775,0,4
104,94,0,1,0.0066049909219145775,0,4
104,95,0,1,0.0066049909219145775,0,4
104,96,0,1,0.0066049909219145775,0,4
104,97,0,1,0.0066049909219145775,0,4
104,98,0,1,0.0066049909219145775,0,4
104,99,0,1,0.0066049909219145775,0,4
104,100,0,1,0.0066049909219145775,0,4
105,1,0,0,-7.859426114009693e-05,1,10
105,2,0,0,-0.0011641219025477767,1,10
105,3,0,0,-0.000711727247107774,1,10
105,4,0,0,-0.00013485661474987864,1,10
105,5,0,0,-0.0004176129004918039,1,10
105,6,0,0,-0.0012581138871610165,1,10
105,7,0,0,-0.0014517460949718952,1,10
105,8,0,0,-0.0020677472930401564,1,10
105,9,0,0,-0.0022717935498803854,1,10
105,10,0,0,-0.0023823375813663006,1,10
105,11,0,0,-0.0023823375813663006,1,10
105,12,0,0,-0.0023823375813663006,1,10
105,13,0,0,-0.0023823375813663006,1,10
105,14,0,0,-0.0023823375813663006,1,10
105,15,0,0,-0.0023823375813663006,1,10
105,16,0,0,-0.0023823375813663006,1,10
105,17,0,0,-0.0023823375813663006,1,10
105,18,0,0,-0.0023823375813663006,1,10
105,19,0,0,-0.0023823375813663006,1,10
105,20,0,0,-0.0023823375813663006,1,10
105,21,0,0,-0.0023823375813663006,1,10
105,22,0,0,-0.0023823375813663006,1,10
105,23,0,0,-0.0023823375813663006,1,10
105,24,0,0,-0.0023823375813663006,1,10
105,25,0,0,-0.0023823375813663006,1,10
105,26,0,0,-0.0023823375813663006,1,10
105,27,0,0,-0.0023823375813663006,1,10
105,28,0,0,-0.0023823375813663006,1,10
105,29,0,0,-0.0023823375813663006,1,10
105,30,0,0,-0.0023823375813663006,1,10
105,31,0,0,-0.0023823375813663006,1,10
105,32,0,0,-0.0023823375813663006,1,10
105,33,0,0,-0.0023823375813663006,1,10
105,34,0,0,-0.0023823375813663006,1,10
105,35,0,0,-0.0023823375813663006,1,10
105,36,0,0,-0.0023823375813663006,1,10
105,37,0,0,-0.0023823375813663006,1,10
105,38,0,0,-0.0023823375813663006,1,10
105,39,0,0,-0.0023823375813663006,1,10
105,40,0,0,-0.0023823375813663006,1,10
105,41,0,0,-0.0023823375813663006,1,10
105,42,0,0,-0.0023823375813663006,1,10
105,43,0,0,-0.0023823375813663006,1,10
105,44,0,0,-0.0023823375813663006,1,10
105,45,0,0,-0.0023823375813663006,1,10
105,46,0,0,-0.0023823375813663006,1,10
105,47,0,0,-0.0023823375813663006,1,10
105,48,0,0,-0.0023823375813663006,1,10
105,49,0,0,-0.0023823375813663006,1,10
105,50,0,0,-0.0023823375813663006,1,10
105,51,0,0,-0.0023823375813663006,1,10
105,52,0,0,-0.0023823375813663006,1,10
105,53,0,0,-0.0023823375813663006,1,10
105,54,0,0,-0.0023823375813663006,1,10
105,55,0,0,-0.0023823375813663006,1,10
105,56,0,0,-0.0023823375813663006,1,10
105,57,0,0,-0.0023823375813663006,1,10
105,58,0,0,-0.0023823375813663006,1,10
105,59,0,0,-0.0023823375813663006,1,10
105,60,0,0,-0.0023823375813663006,1,10
105,61,0,0,-0.0023823375813663006,1,10
105,62,0,0,-0.0023823375813663006,1,10
105,63,0,0,-0.0023823375813663006,1,10
105,64,0,0,-0.0023823375813663006,1,10
105,65,0,0,-0.0023823375813663006,1,10
105,66,0,0,-0.0023823375813663006,1,10
105,67,0,0,-0.0023823375813663006,1,10
105,68,0,0,-0.0023823375813663006,1,10
105,69,0,0,-0.0023823375813663006,1,10
105,70,0,0,-0.0023823375813663006,1,10
105,71,0,0,-0.0023823375813663006,1,10
105,72,0,0,-0.0023823375813663006,1,10
105,73,0,0,-0.0023823375813663006,1,10
105,74,0,0,-0.0023823375813663006,1,10
105,75,0,0,-0.0023823375813663006,1,10
105,76,0,0,-0.0023823375813663006,1,10
105,77,0,0,-0.0023823375813663006,1,10
105,78,0,0,-0.0023823375813663006,1,10
105,79,0,0,-0.0023823375813663006,1,10
105,80,0,0,-0.0023823375813663006,1,10
105,81,0,0,-0.0023823375813663006,1,10
105,82,0,0,-0.0023823375813663006,1,10
105,83,0,0,-0.0023823375813663006,1,10
105,84,0,0,-0.0023823375813663006,1,10
105,85,0,0,-0.0023823375813663006,1,10
105,86,0,0,-0.0023823375813663006,1,10
105,87,0,0,-0.0023823375813663006,1,10
105,88,0,0,-0.0023823375813663006,1,10
105,89,0,0,-0.0023823375813663006,1,10
105,90,0,0,-0.0023823375813663006,1,10
105,91,0,0,-0.0023823375813663006,1,10
105,92,0,0,-0.0023823375813663006,1,10
105,93,0,0,-0.0023823375813663006,1,10
105,94,0,0,-0.0023823375813663006,1,10
105,95,0,0,-0.0023823375813663006,1,10
105,96,0,0,-0.0023823375813663006,1,10
105,97,0,0,-0.0023823375813663006,1,10
105,98,0,0,-0.0023823375813663006,1,10
105,99,0,0,-0.0023823375813663006,1,10
105,100,0,0,-0.0023823375813663006,1,10
106,1,0,0,-0.0035374120343476534,1,5
106,2,0,0,-0.002706974744796753,1,5
106,3,0,0,-0.0017692354740574956,1,5
106,4,0,0,-0.0010216360678896308,1,5
106,5,0,0,-0.0012475744588300586,1,5
106,6,0,0,-0.0012475744588300586,1,5
106,7,0,0,-0.0012475744588300586,1,5
106,8,0,0,-0.0012475744588300586,1,5
106,9,0,0,-0.0012475744588300586,1,5
106,10,0,0,-0.0012475744588300586,1,5
106,11,0,0,-0.0012475744588300586,1,5
106,12,0,0,-0.0012475744588300586,1,5
106,13,0,0,-0.0012475744588300586,1,5
106,14,0,0,-0.0012475744588300586,1,5
106,15,0,0,-0.0012475744588300586,1,5
106,16,0,0,-0.0012475744588300586,1,5
106,17,0,0,-0.0012475744588300586,1,5
106,18,0,0,-0.0012475744588300586,1,5
106,19,0,0,-0.0012475744588300586,1,5
106,20,0,0,-0.0012475744588300586,1,5
106,21,0,0,-0.0012475744588300586,1,5
106,22,0,0,-0.0012475744588300586,1,5
106,23,0,0,-0.0012475744588300586,1,5
106,24,0,0,-0.0012475744588300586,1,5
106,25,0,0,-0.0012475744588300586,1,5
106,26,0,0,-0.0012475744588300586,1,5
106,27,0,0,-0.0012475744588300586,1,5
106,28,0,0,-0.0012475744588300586,1,5
106,29,0,0,-0.0012475744588300586,1,5
106,30,0,0,-0.0012475744588300586,1,5
106,31,0,0,-0.0012475744588300586,1,5
106,32,0,0,-0.0012475744588300586,1,5
106,33,0,0,-0.0012475744588300586,1,5
106,34,0,0,-0.0012475744588300586,1,5
106,35,0,0,-0.0012475744588300586,1,5
106,36,0,0,-0.0012475744588300586,1,5
106,37,0,0,-0.0012475744588300586,1,5
106,38,0,0,-0.0012475744588300586,1,5
106,39,0,0,-0.0012475744588300586,1,5
106,40,0,0,-0.0012475744588300586,1,5
106,41,0,0,-0.0012475744588300586,1,5
106,42,0,0,-0.0012475744588300586,1,5
106,43,0,0,-0.0012475744588300586,1,5
106,44,0,0,-0.0012475744588300586,1,5
106,45,0,0,-0.0012475744588300586,1,5
106,46,0,0,-0.0012475744588300586,1,5
106,47,0,0,-0.0012475744588300586,1,5
106,48,0,0,-0.0012475744588300586,1,5
106,49,0,0,-0.0012475744588300586,1,5
106,50,0,0,-0.0012475744588300586,1,5
106,51,0,0,-0.0012475744588300586,1,5
106,52,0,0,-0.0012475744588300586,1,5
106,53,0,0,-0.0012475744588300586,1,5
106,54,0,0,-0.0012475744588300586,1,5
106,55,0,0,-0.0012475744588300586,1,5
106,56,0,0,-0.0012475744588300586,1,5
106,57,0,0,-0.0012475744588300586,1,5
106,58,0,0,-0.0012475744588300586,1,5
106,59,0,0,-0.0012475744588300586,1,5
106,60,0,0,-0.0012475744588300586,1,5
106,61,0,0,-0.0012475744588300586,1,5
106,62,0,0,-0.0012475744588300586,1,5
106,63,0,0,-0.0012475744588300586,1,5
106,64,0,0,-0.0012475744588300586,1,5
106,65,0,0,-0.0012475744588300586,1,5
106,66,0,0,-0.0012475744588300586,1,5
106,67,0,0,-0.0012475744588300586,1,5
106,68,0,0,-0.0012475744588300586,1,5
106,69,0,0,-0.0012475744588300586,1,5
106,70,0,0,-0.0012475744588300586,1,5
106,71,0,0,-0.0012475744588300586,1,5
106,72,0,0,-0.0012475744588300586,1,5
106,73,0,0,-0.0012475744588300586,1,5
106,74,0,0,-0.0012475744588300586,1,5
106,75,0,0,-0.0012475744588300586,1,5
106,76,0,0,-0.0012475744588300586,1,5
106,77,0,0,-0.0012475744588300586,1,5
106,78,0,0,-0.0012475744588300586,1,5
106,79,0,0,-0.0012475744588300586,1,5
106,80,0,0,-0.0012475744588300586,1,5
106,81,0,0,-0.0012475744588300586,1,5
106,82,0,0,-0.0012475744588300586,1,5
106,83,0,0,-0.0012475744588300586,1,5
106,84,0,0,-0.0012475744588300586,1,5
106,85,0,0,-0.0012475744588300586,1,5
106,86,0,0,-0.0012475744588300586,1,5
106,87,0,0,-0.0012475744588300586,1,5
106,88,0,0,-0.0012475744588300586,1,5
106,89,0,0,-0.0012475744588300586,1,5
106,90,0,0,-0.0012475744588300586,1,5
106,91,0,0,-0.0012475744588300586,1,5
106,92,0,0,-0.0012475744588300586,1,5
106,93,0,0,-0.0012475744588300586,1,5
106,94,0,0,-0.0012475744588300586,1,5
106,95,0,0,-0.0012475744588300586,1,5
106,96,0,0,-0.0012475744588300586,1,5
106,97,0,0,-0.0012475744588300586,1,5
106,98,0,0,-0.0012475744588300586,1,5
106,99,0,0,-0.0012475744588300586,1,5
106,100,0,0,-0.0012475744588300586,1,5
107,1,1,0,-0.0024832093622535467,0,6
107,2,1,0,-0.003619780298322439,0,6
107,3,1,0,-0.003794541349634528,0,6
107,4,1,0,-0.00415318226441741,0,6
107,5,1,0,-0.004456768743693829,0,6
107,6,1,0,-0.003919633105397224,0,6
107,7,1,0,-0.003919633105397224,0,6
107,8,1,0,-0.003919633105397224,0,6
107,9,1,0,-0.003919633105397224,0,6
107,10,1,0,-0.003919633105397224,0,6
107,11,1,0,-0.003919633105397224,0,6
107,12,1,0,-0.003919633105397224,0,6
107,13,1,0,-0.003919633105397224,0,6
107,14,1,0,-0.003919633105397224,0,6
107,15,1,0,-0.003919633105397224,0,6
107,16,1,0,-0.003919633105397224,0,6
107,17,1,0,-0.003919633105397224,0,6
107,18,1,0,-0.003919633105397224,0,6
107,19,1,0,-0.003919633105397224,0,6
107,20,1,0,-0.003919633105397224,0,6
107,21,1,0,-0.003919633105397224,0,6
107,22,1,0,-0.003919633105397224,0,6
107,23,1,0,-0.003919633105397224,0,6
107,24,1,0,-0.003919633105397224,0,6
107,25,1,0,-0.003919633105397224,0,6
107,26,1,0,-0.003919633105397224,0,6
107,27,1,0,-0.003919633105397224,0,6
107,28,1,0,-0.003919633105397224,0,6
107,29,1,0,-0.003919633105397224,0,6
107,30,1,0,-0.003919633105397224,0,6
107,31,1,0,-0.003919633105397224,0,6
107,32,1,0,-0.003919633105397224,0,6
107,33,1,0,-0.003919633105397224,0,6
107,34,1,0,-0.003919633105397224,0,6
107,35,1,0,-0.003919633105397224,0,6
107,36,1,0,-0.003919633105397224,0,6
107,37,1,0,-0.003919633105397224,0,6
107,38,1,0,-0.003919633105397224,0,6
107,39,1,0,-0.003919633105397224,0,6
107,40,1,0,-0.003919633105397224,0,6
107,41,1,0,-0.003919633105397224,0,6
107,42,1,0,-0.003919633105397224,0,6
107,43,1,0,-0.003919633105397224,0,6
107,44,1,0,-0.003919633105397224,0,6
107,45,1,0,-0.003919633105397224,0,6
107,46,1,0,-0.003919633105397224,0,6
107,47,1,0,-0.003919633105397224,0,6
107,48,1,0,-0.003919633105397224,0,6
107,49,1,0,-0.003919633105397224,0,6
107,50,1,0,-0.003919633105397224,0,6
107,51,1,0,-0.003919633105397224,0,6
107,52,1,0,-0.003919633105397224,0,6
107,53,1,0,-0.003919633105397224,0,6
107,54,1,0,-0.003919633105397224,0,6
107,55,1,0,-0.003919633105397224,0,6
107,56,1,0,-0.003919633105397224,0,6
107,57,1,0,-0.003919633105397224,0,6
107,58,1,0,-0.003919633105397224,0,6
107,59,1,0,-0.003919633105397224,0,6
107,60,1,0,-0.003919633105397224,0,6
107,61,1,0,-0.003919633105397224,0,6
107,62,1,0,-0.003919633105397224,0,6
107,63,1,0,-0.003919633105397224,0,6
107,64,1,0,-0.003919633105397224,0,6
107,65,1,0,-0.003919633105397224,0,6
107,66,1,0,-0.003919633105397224,0,6
107,67,1,0,-0.003919633105397224,0,6
107,68,1,0,-0.003919633105397224,0,6
107,69,1,0,-0.003919633105397224,0,6
107,70,1,0,-0.003919633105397224,0,6
107,71,1,0,-0.003919633105397224,0,6
107,72,1,0,-0.003919633105397224,0,6
107,73,1,0,-0.003919633105397224,0,6
107,74,1,0,-0.003919633105397224,0,6
107,75,1,0,-0.003919633105397224,0,6
107,76,1,0,-0.003919633105397224,0,6
107,77,1,0,-0.003919633105397224,0,6
107,78,1,0,-0.003919633105397224,0,6
107,79,1,0,-0.003919633105397224,0,6
107,80,1,0,-0.003919633105397224,0,6
107,81,1,0,-0.003919633105397224,0,6
107,82,1,0,-0.003919633105397224,0,6
107,83,1,0,-0.003919633105397224,0,6
107,84,1,0,-0.003919633105397224,0,6
107,85,1,0,-0.003919633105397224,0,6
107,86,1,0,-0.003919633105397224,0,6
107,87,1,0,-0.003919633105397224,0,6
107,88,1,0,-0.003919633105397224,0,6
107,89,1,0,-0.003919633105397224,0,6
107,90,1,0,-0.003919633105397224,0,6
107,91,1,0,-0.003919633105397224,0,6
107,92,1,0,-0.003919633105397224,0,6
107,93,1,0,-0.003919633105397224,0,6
107,94,1,0,-0.003919633105397224,0,6
107,95,1,0,-0.003919633105397224,0,6
107,96,1,0,-0.003919633105397224,0,6
107,97,1,0,-0.003919633105397224,0,6
107,98,1,0,-0.003919633105397224,0,6
107,99,1,0,-0.003919633105397224,0,6
107,100,1,0,-0.003919633105397224,0,6
108,1,0,0,-0.001246485742740333,1,6
108,2,0,0,-0.0017102670390158892,1,6
108,3,0,0,-0.002126453211531043,1,6
108,4,0,0,-0.0026952610351145267,1,6
108,5,0,0,-0.0019876593723893166,1,6
108,6,0,0,-0.001862101606093347,1,6
108,7,0,0,-0.001862101606093347,1,6
108,8,0,0,-0.001862101606093347,1,6
108,9,0,0,-0.001862101606093347,1,6
108,10,0,0,-0.001862101606093347,1,6
108,11,0,0,-0.001862101606093347,1,6
108,12,0,0,-0.001862101606093347,1,6
108,13,0,0,-0.001862101606093347,1,6
108,14,0,0,-0.001862101606093347,1,6
108,15,0,0,-0.001862101606093347,1,6
108,16,0,0,-0.001862101606093347,1,6
108,17,0,0,-0.001862101606093347,1,6
108,18,0,0,-0.001862101606093347,1,6
108,19,0,0,-0.001862101606093347,1,6
108,20,0,0,-0.001862101606093347,1,6
108,21,0,0,-0.001862101606093347,1,6
108,22,0,0,-0.001862101606093347,1,6
108,23,0,0,-0.001862101606093347,1,6
108,24,0,0,-0.001862101606093347,1,6
108,25,0,0,-0.001862101606093347,1,6
108,26,0,0,-0.001862101606093347,1,6
108,27,0,0,-0.001862101606093347,1,6
108,28,0,0,-0.001862101606093347,1,6
108,29,0,0,-0.001862101606093347,1,6
108,30,0,0,-0.001862101606093347,1,6
108,31,0,0,-0.001862101606093347,1,6
108,32,0,0,-0.001862101606093347,1,6
108,33,0,0,-0.001862101606093347,1,6
108,34,0,0,-0.001862101606093347,1,6
108,35,0,0,-0.001862101606093347,1,6
108,36,0,0,-0.001862101606093347,1,6
108,37,0,0,-0.001862101606093347,1,6
108,38,0,0,-0.001862101606093347,1,6
108,39,0,0,-0.001862101606093347,1,6
108,40,0,0,-0.001862101606093347,1,6
108,41,0,0,-0.001862101606093347,1,6
108,42,0,0,-0.001862101606093347,1,6
108,43,0,0,-0.001862101606093347,1,6
108,44,0,0,-0.001862101606093347,1,6
108,45,0,0,-0.001862101606093347,1,6
108,46,0,0,-0.001862101606093347,1,6
108,47,0,0,-0.001862101606093347,1,6
108,48,0,0,-0.001862101606093347,1,6
108,49,0,0,-0.001862101606093347,1,6
108,50,0,0,-0.001862101606093347,1,6
108,51,0,0,-0.001862101606093347,1,6
108,52,0,0,-0.001862101606093347,1,6
108,53,0,0,-0.001862101606093347,1,6
108,54,0,0,-0.001862101606093347,1,6
108,55,0,0,-0.001862101606093347,1,6
108,56,0,0,-0.001862101606093347,1,6
108,57,0,0,-0.001862101606093347,1,6
108,58,0,0,-0.001862101606093347,1,6
108,59,0,0,-0.001862101606093347,1,6
108,60,0,0,-0.001862101606093347,1,6
108,61,0,0,-0.001862101606093347,1,6
108,62,0,0,-0.001862101606093347,1,6
108,63,0,0,-0.001862101606093347,1,6
108,64,0,0,-0.001862101606093347,1,6
108,65,0,0,-0.001862101606093347,1,6
108,66,0,0,-0.001862101606093347,1,6
108,67,0,0,-0.001862101606093347,1,6
108,68,0,0,-0.001862101606093347,1,6
108,69,0,0,-0.001862101606093347,1,6
108,70,0,0,-0.001862101606093347,1,6
108,71,0,0,-0.001862101606093347,1,6
108,72,0,0,-0.001862101606093347,1,6
108,73,0,0,-0.001862101606093347,1,6
108,74,0,0,-0.001862101606093347,1,6
108,75,0,0,-0.001862101606093347,1,6
108,76,0,0,-0.001862101606093347,1,6
108,77,0,0,-0.001862101606093347,1,6
108,78,0,0,-0.001862101606093347,1,6
108,79,0,0,-0.001862101606093347,1,6
108,80,0,0,-0.001862101606093347,1,6
108,81,0,0,-0.001862101606093347,1,6
108,82,0,0,-0.001862101606093347,1,6
108,83,0,0,-0.001862101606093347,1,6
108,84,0,0,-0.001862101606093347,1,6
108,85,0,0,-0.001862101606093347,1,6
108,86,0,0,-0.001862101606093347,1,6
108,87,0,0,-0.001862101606093347,1,6
108,88,0,0,-0.001862101606093347,1,6
108,89,0,0,-0.001862101606093347,1,6
108,90,0,0,-0.001862101606093347,1,6
108,91,0,0,-0.001862101606093347,1,6
108,92,0,0,-0.001862101606093347,1,6
108,93,0,0,-0.001862101606093347,1,6
108,94,0,0,-0.001862101606093347,1,6
108,95,0,0,-0.001862101606093347,1,6
108,96,0,0,-0.001862101606093347,1,6
108,97,0,0,-0.001862101606093347,1,6
108,98,0,0,-0.001862101606093347,1,6
108,99,0,0,-0.001862101606093347,1,6
108,100,0,0,-0.001862101606093347,1,6
109,1,1,1,0.0056038061156868935,1,6
109,2,1,1,0.004467234946787357,1,6
109,3,1,1,0.005262739025056362,1,6
109,4,1,1,0.004667140543460846,1,6
109,5,1,1,0.005324287340044975,1,6
109,6,1,1,0.005667129065841436,1,6
109,7,1,1,0.005667129065841436,1,6
109,8,1,1,0.005667129065841436,1,6
109,9,1,1,0.005667129065841436,1,6
109,10,1,1,0.005667129065841436,1,6
109,11,1,1,0.005667129065841436,1,6
109,12,1,1,0.005667129065841436,1,6
109,13,1,1,0.005667129065841436,1,6
109,14,1,1,0.005667129065841436,1,6
109,15,1,1,0.005667129065841436,1,6
109,16,1,1,0.005667129065841436,1,6
109,17,1,1,0.005667129065841436,1,6
109,18,1,1,0.005667129065841436,1,6
109,19,1,1,0.005667129065841436,1,6
109,20,1,1,0.005667129065841436,1,6
109,21,1,1,0.005667129065841436,1,6
109,22,1,1,0.005667129065841436,1,6
109,23,1,1,0.005667129065841436,1,6
109,24,1,1,0.005667129065841436,1,6
109,25,1,1,0.005667129065841436,1,6
109,26,1,1,0.005667129065841436,1,6
109,27,1,1,0.005667129065841436,1,6
109,28,1,1,0.005667129065841436,1,6
109,29,1,1,0.005667129065841436,1,6
109,30,1,1,0.005667129065841436,1,6
109,31,1,1,0.005667129065841436,1,6
109,32,1,1,0.005667129065841436,1,6
109,33,1,1,0.005667129065841436,1,6
109,34,1,1,0.005667129065841436,1,6
109,35,1,1,0.005667129065841436,1,6
109,36,1,1,0.005667129065841436,1,6
109,37,1,1,0.005667129065841436,1,6
109,38,1,1,0.005667129065841436,1,6
109,39,1,1,0.005667129065841436,1,6
109,40,1,1,0.005667129065841436,1,6
109,41,1,1,0.005667129065841436,1,6
109,42,1,1,0.005667129065841436,1,6
109,43,1,1,0.005667129065841436,1,6
109,44,1,1,0.005667129065841436,1,6
109,45,1,1,0.005667129065841436,1,6
109,46,1,1,0.005667129065841436,1,6
109,47,1,1,0.005667129065841436,1,6
109,48,1,1,0.005667129065841436,1,6
109,49,1,1,0.005667129065841436,1,6
109,50,1,1,0.005667129065841436,1,6
109,51,1,1,0.005667129065841436,1,6
109,52,1,1,0.005667129065841436,1,6
109,53,1,1,0.005667129065841436,1,6
109,54,1,1,0.005667129065841436,1,6
109,55,1,1,0.005667129065841436,1,6
109,56,1,1,0.005667129065841436,1,6
109,57,1,1,0.005667129065841436,1,6
109,58,1,1,0.005667129065841436,1,6
109,59,1,1,0.005667129065841436,1,6
109,60,1,1,0.005667129065841436,1,6
109,61,1,1,0.005667129065841436,1,6
109,62,1,1,0.005667129065841436,1,6
109,63,1,1,0.005667129065841436,1,6
109,64,1,1,0.005667129065841436,1,6
109,65,1,1,0.005667129065841436,1,6
109,66,1,1,0.005667129065841436,1,6
109,67,1,1,0.005667129065841436,1,6
109,68,1,1,0.005667129065841436,1,6
109,69,1,1,0.005667129065841436,1,6
109,70,1,1,0.005667129065841436,1,6
109,71,1,1,0.005667129065841436,1,6
109,72,1,1,0.005667129065841436,1,6
109,73,1,1,0.005667129065841436,1,6
109,74,1,1,0.005667129065841436,1,6
109,75,1,1,0.005667129065841436,1,6
109,76,1,1,0.005667129065841436,1,6
109,77,1,1,0.005667129065841436,1,6
109,78,1,1,0.005667129065841436,1,6
109,79,1,1,0.005667129065841436,1,6
109,80,1,1,0.005667129065841436,1,6
109,81,1,1,0.005667129065841436,1,6
109,82,1,1,0.005667129065841436,1,6
109,83,1,1,0.005667129065841436,1,6
109,84,1,1,0.005667129065841436,1,6
109,85,1,1,0.005667129065841436,1,6
109,86,1,1,0.005667129065841436,1,6
109,87,1,1,0.005667129065841436,1,6
109,88,1,1,0.005667129065841436,1,6
109,89,1,1,0.005667129065841436,1,6
109,90,1,1,0.005667129065841436,1,6
109,91,1,1,0.005667129065841436,1,6
109,92,1,1,0.005667129065841436,1,6
109,93,1,1,0.005667129065841436,1,6
109,94,1,1,0.005667129065841436,1,6
109,95,1,1,0.005667129065841436,1,6
109,96,1,1,0.005667129065841436,1,6
109,97,1,1,0.005667129065841436,1,6
109,98,1,1,0.005667129065841436,1,6
109,99,1,1,0.005667129065841436,1,6
109,100,1,1,0.005667129065841436,1,6
110,1,1,1,0.0033582663163542747,1,8
110,2,1,1,0.005379952490329742,1,8
110,3,1,1,0.009539177641272545,1,8
110,4,1,1,0.00984068214893341,1,8
110,5,1,1,0.009383097290992737,1,8
110,6,1,1,0.009244791232049465,1,8
110,7,1,1,0.009365738369524479,1,8
110,8,1,1,0.00966595858335495,1,8
110,9,1,1,0.00966595858335495,1,8
110,10,1,1,0.00966595858335495,1,8
110,11,1,1,0.00966595858335495,1,8
110,12,1,1,0.00966595858335495,1,8
110,13,1,1,0.00966595858335495,1,8
110,14,1,1,0.00966595858335495,1,8
110,15,1,1,0.00966595858335495,1,8
110,16,1,1,0.00966595858335495,1,8
110,17,1,1,0.00966595858335495,1,8
110,18,1,1,0.00966595858335495,1,8
110,19,1,1,0.00966595858335495,1,8
110,20,1,1,0.00966595858335495,1,8
110,21,1,1,0.00966595858335495,1,8
110,22,1,1,0.00966595858335495,1,8
110,23,1,1,0.00966595858335495,1,8
110,24,1,1,0.00966595858335495,1,8
110,25,1,1,0.00966595858335495,1,8
110,26,1,1,0.00966595858335495,1,8
110,27,1,1,0.00966595858335495,1,8
110,28,1,1,0.00966595858335495,1,8
110,29,1,1,0.00966595858335495,1,8
110,30,1,1,0.00966595858335495,1,8
110,31,1,1,0.00966595858335495,1,8
110,32,1,1,0.00966595858335495,1,8
110,33,1,1,0.00966595858335495,1,8
110,34,1,1,0.00966595858335495,1,8
110,35,1,1,0.00966595858335495,1,8
110,36,1,1,0.00966595858335495,1,8
110,37,1,1,0.00966595858335495,1,8
110,38,1,1,0.00966595858335495,1,8
110,39,1,1,0.00966595858335495,1,8
110,40,1,1,0.00966595858335495,1,8
110,41,1,1,0.00966595858335495,1,8
110,42,1,1,0.00966595858335495,1,8
110,43,1,1,0.00966595858335495,1,8
110,44,1,1,0.00966595858335495,1,8
110,45,1,1,0.00966595858335495,1,8
110,46,1,1,0.00966595858335495,1,8
110,47,1,1,0.00966595858335495,1,8
110,48,1,1,0.00966595858335495,1,8
110,49,1,1,0.00966595858335495,1,8
110,50,1,1,0.00966595858335495,1,8
110,51,1,1,0.00966595858335495,1,8
110,52,1,1,0.00966595858335495,1,8
110,53,1,1,0.00966595858335495,1,8
110,54,1,1,0.00966595858335495,1,8
110,55,1,1,0.00966595858335495,1,8
110,56,1,1,0.00966595858335495,1,8
110,57,1,1,0.00966595858335495,1,8
110,58,1,1,0.00966595858335495,1,8
110,59,1,1,0.00966595858335495,1,8
110,60,1,1,0.00966595858335495,1,8
110,61,1,1,0.00966595858335495,1,8
110,62,1,1,0.00966595858335495,1,8
110,63,1,1,0.00966595858335495,1,8
110,64,1,1,0.00966595858335495,1,8
110,65,1,1,0.00966595858335495,1,8
110,66,1,1,0.00966595858335495,1,8
110,67,1,1,0.00966595858335495,1,8
110,68,1,1,0.00966595858335495,1,8
110,69,1,1,0.00966595858335495,1,8
110,70,1,1,0.00966595858335495,1,8
110,71,1,1,0.00966595858335495,1,8
110,72,1,1,0.00966595858335495,1,8
110,73,1,1,0.00966595858335495,1,8
110,74,1,1,0.00966595858335495,1,8
110,75,1,1,0.00966595858335495,1,8
110,76,1,1,0.00966595858335495,1,8
110,77,1,1,0.00966595858335495,1,8
110,78,1,1,0.00966595858335495,1,8
110,79,1,1,0.00966595858335495,1,8
110,80,1,1,0.00966595858335495,1,8
110,81,1,1,0.00966595858335495,1,8
110,82,1,1,0.00966595858335495,1,8
110,83,1,1,0.00966595858335495,1,8
110,84,1,1,0.00966595858335495,1,8
110,85,1,1,0.00966595858335495,1,8
110,86,1,1,0.00966595858335495,1,8
110,87,1,1,0.00966595858335495,1,8
110,88,1,1,0.00966595858335495,1,8
110,89,1,1,0.00966595858335495,1,8
110,90,1,1,0.00966595858335495,1,8
110,91,1,1,0.00966595858335495,1,8
110,92,1,1,0.00966595858335495,1,8
110,93,1,1,0.00966595858335495,1,8
110,94,1,1,0.00966595858335495,1,8
110,95,1,1,0.00966595858335495,1,8
110,96,1,1,0.00966595858335495,1,8
110,97,1,1,0.00966595858335495,1,8
110,98,1,1,0.00966595858335495,1,8
110,99,1,1,0.00966595858335495,1,8
110,100,1,1,0.00966595858335495,1,8
111,1,0,0,-7.859426114009693e-05,1,13
111,2,0,0,-0.0011641219025477767,1,13
111,3,0,0,-0.000711727247107774,1,13
111,4,0,0,-0.00013485661474987864,1,13
111,5,0,1,0.0007737847045063972,0,13
111,6,0,1,0.0007125113625079393,0,13
111,7,0,1,0.0002387580752838403,0,13
111,8,0,1,0.0007547566201537848,0,13
111,9,0,1,0.000640342477709055,0,13
111,10,0,1,0.00032943455153144896,0,13
111,11,0,0,-0.0003420186403673142,1,13
111,12,0,0,-0.0001353488623863086,1,13
111,13,0,1,6.349233444780111e-06,0,13
111,14,0,1,6.349233444780111e-06,0,13
111,15,0,1,6.349233444780111e-06,0,13
111,16,0,1,6.349233444780111e-06,0,13
111,17,0,1,6.349233444780111e-06,0,13
111,18,0,1,6.349233444780111e-06,0,13
111,19,0,1,6.349233444780111e-06,0,13
111,20,0,1,6.349233444780111e-06,0,13
111,21,0,1,6.349233444780111e-06,0,13
111,22,0,1,6.349233444780111e-06,0,13
111,23,0,1,6.349233444780111e-06,0,13
111,24,0,1,6.349233444780111e-06,0,13
111,25,0,1,6.349233444780111e-06,0,13
111,26,0,1,6.349233444780111e-06,0,13
111,27,0,1,6.349233444780111e-06,0,13
111,28,0,1,6.349233444780111e-06,0,13
111,29,0,1,6.349233444780111e-06,0,13
111,30,0,1,6.349233444780111e-06,0,13
111,31,0,1,6.349233444780111e-06,0,13
111,32,0,1,6.349233444780111e-06,0,13
111,33,0,1,6.349233444780111e-06,0,13
111,34,0,1,6.349233444780111e-06,0,13
111,35,0,1,6.349233444780111e-06,0,13
111,36,0,1,6.349233444780111e-06,0,13
111,37,0,1,6.349233444780111e-06,0,13
111,38,0,1,6.349233444780111e-06,0,13
111,39,0,1,6.349233444780111e-06,0,13
111,40,0,1,6.349233444780111e-06,0,13
111,41,0,1,6.349233444780111e-06,0,13
111,42,0,1,6.349233444780111e-06,0,13
111,43,0,1,6.349233444780111e-06,0,13
111,44,0,1,6.349233444780111e-06,0,13
111,45,0,1,6.349233444780111e-06,0,13
111,46,0,1,6.349233444780111e-06,0,13
111,47,0,1,6.349233444780111e-06,0,13
111,48,0,1,6.349233444780111e-06,0,13
111,49,0,1,6.349233444780111e-06,0,13
111,50,0,1,6.349233444780111e-06,0,13
111,51,0,1,6.349233444780111e-06,0,13
111,52,0,1,6.349233444780111e-06,0,13
111,53,0,1,6.349233444780111e-06,0,13
111,54,0,1,6.349233444780111e-06,0,13
111,55,0,1,6.349233444780111e-06,0,13
111,56,0,1,6.349233444780111e-06,0,13
111,57,0,1,6.349233444780111e-06,0,13
111,58,0,1,6.349233444780111e-06,0,13
111,59,0,1,6.349233444780111e-06,0,13
111,60,0,1,6.349233444780111e-06,0,13
111,61,0,1,6.349233444780111e-06,0,13
111,62,0,1,6.349233444780111e-06,0,13
111,63,0,1,6.349233444780111e-06,0,13
111,64,0,1,6.349233444780111e-06,0,13
111,65,0,1,6.349233444780111e-06,0,13
111,66,0,1,6.349233444780111e-06,0,13
111,67,0,1,6.349233444780111e-06,0,13
111,68,0,1,6.349233444780111e-06,0,13
111,69,0,1,6.349233444780111e-06,0,13
111,70,0,1,6.349233444780111e-06,0,13
111,71,0,1,6.349233444780111e-06,0,13
111,72,0,1,6.349233444780111e-06,0,13
111,73,0,1,6.349233444780111e-06,0,13
111,74,0,1,6.349233444780111e-06,0,13
111,75,0,1,6.349233444780111e-06,0,13
111,76,0,1,6.349233444780111e-06,0,13
111,77,0,1,6.349233444780111e-06,0,13
111,78,0,1,6.349233444780111e-06,0,13
111,79,0,1,6.349233444780111e-06,0,13
111,80,0,1,6.349233444780111e-06,0,13
111,81,0,1,6.349233444780111e-06,0,13
111,82,0,1,6.349233444780111e-06,0,13
111,83,0,1,6.349233444780111e-06,0,13
111,84,0,1,6.349233444780111e-06,0,13
111,85,0,1,6.349233444780111e-06,0,13
111,86,0,1,6.349233444780111e-06,0,13
111,87,0,1,6.349233444780111e-06,0,13
111,88,0,1,6.349233444780111e-06,0,13
111,89,0,1,6.349233444780111e-06,0,13
111,90,0,1,6.349233444780111e-06,0,13
111,91,0,1,6.349233444780111e-06,0,13
111,92,0,1,6.349233444780111e-06,0,13
111,93,0,1,6.349233444780111e-06,0,13
111,94,0,1,6.349233444780111e-06,0,13
111,95,0,1,6.349233444780111e-06,0,13
111,96,0,1,6.349233444780111e-06,0,13
111,97,0,1,6.349233444780111e-06,0,13
111,98,0,1,6.349233444780111e-06,0,13
111,99,0,1,6.349233444780111e-06,0,13
111,100,0,1,6.349233444780111e-06,0,13
112,1,1,1,0.008874557912349701,1,7
112,2,1,1,0.00904031191021204,1,7
112,3,1,1,0.008610516786575317,1,7
112,4,1,1,0.008014918304979801,1,7
112,5,1,1,0.007901043631136417,1,7
112,6,1,1,0.008021990768611431,1,7
112,7,1,1,0.007403315510600805,1,7
112,8,1,1,0.007403315510600805,1,7
112,9,1,1,0.007403315510600805,1,7
112,10,1,1,0.007403315510600805,1,7
112,11,1,1,0.007403315510600805,1,7
112,12,1,1,0.007403315510600805,1,7
112,13,1,1,0.007403315510600805,1,7
112,14,1,1,0.007403315510600805,1,7
112,15,1,1,0.007403315510600805,1,7
112,16,1,1,0.007403315510600805,1,7
112,17,1,1,0.007403315510600805,1,7
112,18,1,1,0.007403315510600805,1,7
112,19,1,1,0.007403315510600805,1,7
112,20,1,1,0.007403315510600805,1,7
112,21,1,1,0.007403315510600805,1,7
112,22,1,1,0.007403315510600805,1,7
112,23,1,1,0.007403315510600805,1,7
112,24,1,1,0.007403315510600805,1,7
112,25,1,1,0.007403315510600805,1,7
112,26,1,1,0.007403315510600805,1,7
112,27,1,1,0.007403315510600805,1,7
112,28,1,1,0.007403315510600805,1,7
112,29,1,1,0.007403315510600805,1,7
112,30,1,1,0.007403315510600805,1,7
112,31,1,1,0.007403315510600805,1,7
112,32,1,1,0.007403315510600805,1,7
112,33,1,1,0.007403315510600805,1,7
112,34,1,1,0.007403315510600805,1,7
112,35,1,1,0.007403315510600805,1,7
112,36,1,1,0.007403315510600805,1,7
112,37,1,1,0.007403315510600805,1,7
112,38,1,1,0.007403315510600805,1,7
112,39,1,1,0.007403315510600805,1,7
112,40,1,1,0.007403315510600805,1,7
112,41,1,1,0.007403315510600805,1,7
112,42,1,1,0.007403315510600805,1,7
112,43,1,1,0.007403315510600805,1,7
112,44,1,1,0.007403315510600805,1,7
112,45,1,1,0.007403315510600805,1,7
112,46,1,1,0.007403315510600805,1,7
112,47,1,1,0.007403315510600805,1,7
112,48,1,1,0.007403315510600805,1,7
112,49,1,1,0.007403315510600805,1,7
112,50,1,1,0.007403315510600805,1,7
112,51,1,1,0.007403315510600805,1,7
112,52,1,1,0.007403315510600805,1,7
112,53,1,1,0.007403315510600805,1,7
112,54,1,1,0.007403315510600805,1,7
112,55,1,1,0.007403315510600805,1,7
112,56,1,1,0.007403315510600805,1,7
112,57,1,1,0.007403315510600805,1,7
112,58,1,1,0.007403315510600805,1,7
112,59,1,1,0.007403315510600805,1,7
112,60,1,1,0.007403315510600805,1,7
112,61,1,1,0.007403315510600805,1,7
112,62,1,1,0.007403315510600805,1,7
112,63,1,1,0.007403315510600805,1,7
112,64,1,1,0.007403315510600805,1,7
112,65,1,1,0.007403315510600805,1,7
112,66,1,1,0.007403315510600805,1,7
112,67,1,1,0.007403315510600805,1,7
112,68,1,1,0.007403315510600805,1,7
112,69,1,1,0.007403315510600805,1,7
112,70,1,1,0.007403315510600805,1,7
112,71,1,1,0.007403315510600805,1,7
112,72,1,1,0.007403315510600805,1,7
112,73,1,1,0.007403315510600805,1,7
112,74,1,1,0.007403315510600805,1,7
112,75,1,1,0.007403315510600805,1,7
112,76,1,1,0.007403315510600805,1,7
112,77,1,1,0.007403315510600805,1,7
112,78,1,1,0.007403315510600805,1,7
112,79,1,1,0.007403315510600805,1,7
112,80,1,1,0.007403315510600805,1,7
112,81,1,1,0.007403315510600805,1,7
112,82,1,1,0.007403315510600805,1,7
112,83,1,1,0.007403315510600805,1,7
112,84,1,1,0.007403315510600805,1,7
112,85,1,1,0.007403315510600805,1,7
112,86,1,1,0.007403315510600805,1,7
112,87,1,1,0.007403315510600805,1,7
112,88,1,1,0.007403315510600805,1,7
112,89,1,1,0.007403315510600805,1,7
112,90,1,1,0.007403315510600805,1,7
112,91,1,1,0.007403315510600805,1,7
112,92,1,1,0.007403315510600805,1,7
112,93,1,1,0.007403315510600805,1,7
112,94,1,1,0.007403315510600805,1,7
112,95,1,1,0.007403315510600805,1,7
112,96,1,1,0.007403315510600805,1,7
112,97,1,1,0.007403315510600805,1,7
112,98,1,1,0.007403315510600805,1,7
112,99,1,1,0.007403315510600805,1,7
112,100,1,1,0.007403315510600805,1,7
113,1,0,0,-0.002399425022304058,1,9
113,2,0,0,-0.0034878875594586134,1,9
113,3,0,0,-0.002550148405134678,1,9
113,4,0,0,-0.002520764945074916,1,9
113,5,0,0,-0.0025207647122442722,1,9
113,6,0,0,-0.0026999979745596647,1,9
113,7,0,0,-0.002536126645281911,1,9
113,8,0,0,-0.0032870331779122353,1,9
113,9,0,0,-0.0034711752086877823,1,9
113,10,0,0,-0.0034711752086877823,1,9
113,11,0,0,-0.0034711752086877823,1,9
113,12,0,0,-0.0034711752086877823,1,9
113,13,0,0,-0.0034711752086877823,1,9
113,14,0,0,-0.0034711752086877823,1,9
113,15,0,0,-0.0034711752086877823,1,9
113,16,0,0,-0.0034711752086877823,1,9
113,17,0,0,-0.0034711752086877823,1,9
113,18,0,0,-0.0034711752086877823,1,9
113,19,0,0,-0.0034711752086877823,1,9
113,20,0,0,-0.0034711752086877823,1,9
113,21,0,0,-0.0034711752086877823,1,9
113,22,0,0,-0.0034711752086877823,1,9
113,23,0,0,-0.0034711752086877823,1,9
113,24,0,0,-0.0034711752086877823,1,9
113,25,0,0,-0.0034711752086877823,1,9
113,26,0,0,-0.0034711752086877823,1,9
113,27,0,0,-0.0034711752086877823,1,9
113,28,0,0,-0.0034711752086877823,1,9
113,29,0,0,-0.0034711752086877823,1,9
113,30,0,0,-0.0034711752086877823,1,9
113,31,0,0,-0.0034711752086877823,1,9
113,32,0,0,-0.0034711752086877823,1,9
113,33,0,0,-0.0034711752086877823,1,9
113,34,0,0,-0.0034711752086877823,1,9
113,35,0,0,-0.0034711752086877823,1,9
113,36,0,0,-0.0034711752086877823,1,9
113,37,0,0,-0.0034711752086877823,1,9
113,38,0,0,-0.0034711752086877823,1,9
113,39,0,0,-0.0034711752086877823,1,9
113,40,0,0,-0.0034711752086877823,1,9
113,41,0,0,-0.0034711752086877823,1,9
113,42,0,0,-0.0034711752086877823,1,9
113,43,0,0,-0.0034711752086877823,1,9
113,44,0,0,-0.0034711752086877823,1,9
113,45,0,0,-0.0034711752086877823,1,9
113,46,0,0,-0.0034711752086877823,1,9
113,47,0,0,-0.0034711752086877823,1,9
113,48,0,0,-0.0034711752086877823,1,9
113,49,0,0,-0.0034711752086877823,1,9
113,50,0,0,-0.0034711752086877823,1,9
113,51,0,0,-0.0034711752086877823,1,9
113,52,0,0,-0.0034711752086877823,1,9
113,53,0,0,-0.0034711752086877823,1,9
113,54,0,0,-0.0034711752086877823,1,9
113,55,0,0,-0.0034711752086877823,1,9
113,56,0,0,-0.0034711752086877823,1,9
113,57,0,0,-0.0034711752086877823,1,9
113,58,0,0,-0.0034711752086877823,1,9
113,59,0,0,-0.0034711752086877823,1,9
113,60,0,0,-0.0034711752086877823,1,9
113,61,0,0,-0.0034711752086877823,1,9
113,62,0,0,-0.0034711752086877823,1,9
113,63,0,0,-0.0034711752086877823,1,9
113,64,0,0,-0.0034711752086877823,1,9
113,65,0,0,-0.0034711752086877823,1,9
113,66,0,0,-0.0034711752086877823,1,9
113,67,0,0,-0.0034711752086877823,1,9
113,68,0,0,-0.0034711752086877823,1,9
113,69,0,0,-0.0034711752086877823,1,9
113,70,0,0,-0.0034711752086877823,1,9
113,71,0,0,-0.0034711752086877823,1,9
113,72,0,0,-0.0034711752086877823,1,9
113,73,0,0,-0.0034711752086877823,1,9
113,74,0,0,-0.0034711752086877823,1,9
113,75,0,0,-0.0034711752086877823,1,9
113,76,0,0,-0.0034711752086877823,1,9
113,77,0,0,-0.0034711752086877823,1,9
113,78,0,0,-0.0034711752086877823,1,9
113,79,0,0,-0.0034711752086877823,1,9
113,80,0,0,-0.0034711752086877823,1,9
113,81,0,0,-0.0034711752086877823,1,9
113,82,0,0,-0.0034711752086877823,1,9
113,83,0,0,-0.0034711752086877823,1,9
113,84,0,0,-0.0034711752086877823,1,9
113,85,0,0,-0.0034711752086877823,1,9
113,86,0,0,-0.0034711752086877823,1,9
113,87,0,0,-0.0034711752086877823,1,9
113,88,0,0,-0.0034711752086877823,1,9
113,89,0,0,-0.0034711752086877823,1,9
113,90,0,0,-0.0034711752086877823,1,9
113,91,0,0,-0.0034711752086877823,1,9
113,92,0,0,-0.0034711752086877823,1,9
113,93,0,0,-0.0034711752086877823,1,9
113,94,0,0,-0.0034711752086877823,1,9
113,95,0,0,-0.0034711752086877823,1,9
113,96,0,0,-0.0034711752086877823,1,9
113,97,0,0,-0.0034711752086877823,1,9
113,98,0,0,-0.0034711752086877823,1,9
113,99,0,0,-0.0034711752086877823,1,9
113,100,0,0,-0.0034711752086877823,1,9
114,1,0,0,-0.001246485742740333,1,7
114,2,0,0,-0.0023349481634795666,1,7
114,3,0,0,-0.001864238060079515,1,7
114,4,0,0,-0.0021576397120952606,1,7
114,5,0,0,-0.0009028937201946974,1,7
114,6,0,0,-0.0007028936524875462,1,7
114,7,0,0,-0.0012577754678204656,1,7
114,8,0,0,-0.0012577754678204656,1,7
114,9,0,0,-0.0012577754678204656,1,7
114,10,0,0,-0.0012577754678204656,1,7
114,11,0,0,-0.0012577754678204656,1,7
114,12,0,0,-0.0012577754678204656,1,7
114,13,0,0,-0.0012577754678204656,1,7
114,14,0,0,-0.0012577754678204656,1,7
114,15,0,0,-0.0012577754678204656,1,7
114,16,0,0,-0.0012577754678204656,1,7
114,17,0,0,-0.0012577754678204656,1,7
114,18,0,0,-0.0012577754678204656,1,7
114,19,0,0,-0.0012577754678204656,1,7
114,20,0,0,-0.0012577754678204656,1,7
114,21,0,0,-0.0012577754678204656,1,7
114,22,0,0,-0.0012577754678204656,1,7
114,23,0,0,-0.0012577754678204656,1,7
114,24,0,0,-0.0012577754678204656,1,7
114,25,0,0,-0.0012577754678204656,1,7
114,26,0,0,-0.0012577754678204656,1,7
114,27,0,0,-0.0012577754678204656,1,7
114,28,0,0,-0.0012577754678204656,1,7
114,29,0,0,-0.0012577754678204656,1,7
114,30,0,0,-0.0012577754678204656,1,7
114,31,0,0,-0.0012577754678204656,1,7
114,32,0,0,-0.0012577754678204656,1,7
114,33,0,0,-0.0012577754678204656,1,7
114,34,0,0,-0.0012577754678204656,1,7
114,35,0,0,-0.0012577754678204656,1,7
114,36,0,0,-0.0012577754678204656,1,7
114,37,0,0,-0.0012577754678204656,1,7
114,38,0,0,-0.0012577754678204656,1,7
114,39,0,0,-0.0012577754678204656,1,7
114,40,0,0,-0.0012577754678204656,1,7
114,41,0,0,-0.0012577754678204656,1,7
114,42,0,0,-0.0012577754678204656,1,7
114,43,0,0,-0.0012577754678204656,1,7
114,44,0,0,-0.0012577754678204656,1,7
114,45,0,0,-0.0012577754678204656,1,7
114,46,0,0,-0.0012577754678204656,1,7
114,47,0,0,-0.0012577754678204656,1,7
114,48,0,0,-0.0012577754678204656,1,7
114,49,0,0,-0.0012577754678204656,1,7
114,50,0,0,-0.0012577754678204656,1,7
114,51,0,0,-0.0012577754678204656,1,7
114,52,0,0,-0.0012577754678204656,1,7
114,53,0,0,-0.0012577754678204656,1,7
114,54,0,0,-0.0012577754678204656,1,7
114,55,0,0,-0.0012577754678204656,1,7
114,56,0,0,-0.0012577754678204656,1,7
114,57,0,0,-0.0012577754678204656,1,7
114,58,0,0,-0.0012577754678204656,1,7
114,59,0,0,-0.0012577754678204656,1,7
114,60,0,0,-0.0012577754678204656,1,7
114,61,0,0,-0.0012577754678204656,1,7
114,62,0,0,-0.0012577754678204656,1,7
114,63,0,0,-0.0012577754678204656,1,7
114,64,0,0,-0.0012577754678204656,1,7
114,65,0,0,-0.0012577754678204656,1,7
114,66,0,0,-0.0012577754678204656,1,7
114,67,0,0,-0.0012577754678204656,1,7
114,68,0,0,-0.0012577754678204656,1,7
114,69,0,0,-0.0012577754678204656,1,7
114,70,0,0,-0.0012577754678204656,1,7
114,71,0,0,-0.0012577754678204656,1,7
114,72,0,0,-0.0012577754678204656,1,7
114,73,0,0,-0.0012577754678204656,1,7
114,74,0,0,-0.0012577754678204656,1,7
114,75,0,0,-0.0012577754678204656,1,7
114,76,0,0,-0.0012577754678204656,1,7
114,77,0,0,-0.0012577754678204656,1,7
114,78,0,0,-0.0012577754678204656,1,7
114,79,0,0,-0.0012577754678204656,1,7
114,80,0,0,-0.0012577754678204656,1,7
114,81,0,0,-0.0012577754678204656,1,7
114,82,0,0,-0.0012577754678204656,1,7
114,83,0,0,-0.0012577754678204656,1,7
114,84,0,0,-0.0012577754678204656,1,7
114,85,0,0,-0.0012577754678204656,1,7
114,86,0,0,-0.0012577754678204656,1,7
114,87,0,0,-0.0012577754678204656,1,7
114,88,0,0,-0.0012577754678204656,1,7
114,89,0,0,-0.0012577754678204656,1,7
114,90,0,0,-0.0012577754678204656,1,7
114,91,0,0,-0.0012577754678204656,1,7
114,92,0,0,-0.0012577754678204656,1,7
114,93,0,0,-0.0012577754678204656,1,7
114,94,0,0,-0.0012577754678204656,1,7
114,95,0,0,-0.0012577754678204656,1,7
114,96,0,0,-0.0012577754678204656,1,7
114,97,0,0,-0.0012577754678204656,1,7
114,98,0,0,-0.0012577754678204656,1,7
114,99,0,0,-0.0012577754678204656,1,7
114,100,0,0,-0.0012577754678204656,1,7
115,1,0,0,-0.004660448059439659,1,4
115,2,0,0,-0.004484596196562052,1,4
115,3,0,0,-0.004013886209577322,1,4
115,4,0,0,-0.003617327893152833,1,4
115,5,0,0,-0.003617327893152833,1,4
115,6,0,0,-0.003617327893152833,1,4
115,7,0,0,-0.003617327893152833,1,4
115,8,0,0,-0.003617327893152833,1,4
115,9,0,0,-0.003617327893152833,1,4
115,10,0,0,-0.003617327893152833,1,4
115,11,0,0,-0.003617327893152833,1,4
115,12,0,0,-0.003617327893152833,1,4
115,13,0,0,-0.003617327893152833,1,4
115,14,0,0,-0.003617327893152833,1,4
115,15,0,0,-0.003617327893152833,1,4
115,16,0,0,-0.003617327893152833,1,4
115,17,0,0,-0.003617327893152833,1,4
115,18,0,0,-0.003617327893152833,1,4
115,19,0,0,-0.003617327893152833,1,4
115,20,0,0,-0.003617327893152833,1,4
115,21,0,0,-0.003617327893152833,1,4
115,22,0,0,-0.003617327893152833,1,4
115,23,0,0,-0.003617327893152833,1,4
115,24,0,0,-0.003617327893152833,1,4
115,25,0,0,-0.003617327893152833,1,4
115,26,0,0,-0.003617327893152833,1,4
115,27,0,0,-0.003617327893152833,1,4
115,28,0,0,-0.003617327893152833,1,4
115,29,0,0,-0.003617327893152833,1,4
115,30,0,0,-0.003617327893152833,1,4
115,31,0,0,-0.003617327893152833,1,4
115,32,0,0,-0.003617327893152833,1,4
115,33,0,0,-0.003617327893152833,1,4
115,34,0,0,-0.003617327893152833,1,4
115,35,0,0,-0.003617327893152833,1,4
115,36,0,0,-0.003617327893152833,1,4
115,37,0,0,-0.003617327893152833,1,4
115,38,0,0,-0.003617327893152833,1,4
115,39,0,0,-0.003617327893152833,1,4
115,40,0,0,-0.003617327893152833,1,4
115,41,0,0,-0.003617327893152833,1,4
115,42,0,0,-0.003617327893152833,1,4
115,43,0,0,-0.003617327893152833,1,4
115,44,0,0,-0.003617327893152833,1,4
115,45,0,0,-0.003617327893152833,1,4
115,46,0,0,-0.003617327893152833,1,4
115,47,0,0,-0.003617327893152833,1,4
115,48,0,0,-0.003617327893152833,1,4
115,49,0,0,-0.003617327893152833,1,4
115,50,0,0,-0.003617327893152833,1,4
115,51,0,0,-0.003617327893152833,1,4
115,52,0,0,-0.003617327893152833,1,4
115,53,0,0,-0.003617327893152833,1,4
115,54,0,0,-0.003617327893152833,1,4
115,55,0,0,-0.003617327893152833,1,4
115,56,0,0,-0.003617327893152833,1,4
115,57,0,0,-0.003617327893152833,1,4
115,58,0,0,-0.003617327893152833,1,4
115,59,0,0,-0.003617327893152833,1,4
115,60,0,0,-0.003617327893152833,1,4
115,61,0,0,-0.003617327893152833,1,4
115,62,0,0,-0.003617327893152833,1,4
115,63,0,0,-0.003617327893152833,1,4
115,64,0,0,-0.003617327893152833,1,4
115,65,0,0,-0.003617327893152833,1,4
115,66,0,0,-0.003617327893152833,1,4
115,67,0,0,-0.003617327893152833,1,4
115,68,0,0,-0.003617327893152833,1,4
115,69,0,0,-0.003617327893152833,1,4
115,70,0,0,-0.003617327893152833,1,4
115,71,0,0,-0.003617327893152833,1,4
115,72,0,0,-0.003617327893152833,1,4
115,73,0,0,-0.003617327893152833,1,4
115,74,0,0,-0.003617327893152833,1,4
115,75,0,0,-0.003617327893152833,1,4
115,76,0,0,-0.003617327893152833,1,4
115,77,0,0,-0.003617327893152833,1,4
115,78,0,0,-0.003617327893152833,1,4
115,79,0,0,-0.003617327893152833,1,4
115,80,0,0,-0.003617327893152833,1,4
115,81,0,0,-0.003617327893152833,1,4
115,82,0,0,-0.003617327893152833,1,4
115,83,0,0,-0.003617327893152833,1,4
115,84,0,0,-0.003617327893152833,1,4
115,85,0,0,-0.003617327893152833,1,4
115,86,0,0,-0.003617327893152833,1,4
115,87,0,0,-0.003617327893152833,1,4
115,88,0,0,-0.003617327893152833,1,4
115,89,0,0,-0.003617327893152833,1,4
115,90,0,0,-0.003617327893152833,1,4
115,91,0,0,-0.003617327893152833,1,4
115,92,0,0,-0.003617327893152833,1,4
115,93,0,0,-0.003617327893152833,1,4
115,94,0,0,-0.003617327893152833,1,4
115,95,0,0,-0.003617327893152833,1,4
115,96,0,0,-0.003617327893152833,1,4
115,97,0,0,-0.003617327893152833,1,4
115,98,0,0,-0.003617327893152833,1,4
115,99,0,0,-0.003617327893152833,1,4
115,100,0,0,-0.003617327893152833,1,4
116,1,0,0,-0.001246485742740333,1,8
116,2,0,0,-0.0023349481634795666,1,8
116,3,0,0,-0.0013972088927403092,1,8
116,4,0,0,-0.002630201168358326,1,8
116,5,0,0,-0.003350180573761463,1,8
116,6,0,0,-0.0030675388406962156,1,8
116,7,0,0,-0.0031922035850584507,1,8
116,8,0,0,-0.0032853696029633284,1,8
116,9,0,0,-0.0032853696029633284,1,8
116,10,0,0,-0.0032853696029633284,1,8
116,11,0,0,-0.0032853696029633284,1,8
116,12,0,0,-0.0032853696029633284,1,8
116,13,0,0,-0.0032853696029633284,1,8
116,14,0,0,-0.0032853696029633284,1,8
116,15,0,0,-0.0032853696029633284,1,8
116,16,0,0,-0.0032853696029633284,1,8
116,17,0,0,-0.0032853696029633284,1,8
116,18,0,0,-0.0032853696029633284,1,8
116,19,0,0,-0.0032853696029633284,1,8
116,20,0,0,-0.0032853696029633284,1,8
116,21,0,0,-0.0032853696029633284,1,8
116,22,0,0,-0.0032853696029633284,1,8
116,23,0,0,-0.0032853696029633284,1,8
116,24,0,0,-0.0032853696029633284,1,8
116,25,0,0,-0.0032853696029633284,1,8
116,26,0,0,-0.0032853696029633284,1,8
116,27,0,0,-0.0032853696029633284,1,8
116,28,0,0,-0.0032853696029633284,1,8
116,29,0,0,-0.0032853696029633284,1,8
116,30,0,0,-0.0032853696029633284,1,8
116,31,0,0,-0.0032853696029633284,1,8
116,32,0,0,-0.0032853696029633284,1,8
116,33,0,0,-0.0032853696029633284,1,8
116,34,0,0,-0.0032853696029633284,1,8
116,35,0,0,-0.0032853696029633284,1,8
116,36,0,0,-0.0032853696029633284,1,8
116,37,0,0,-0.0032853696029633284,1,8
116,38,0,0,-0.0032853696029633284,1,8
116,39,0,0,-0.0032853696029633284,1,8
116,40,0,0,-0.0032853696029633284,1,8
116,41,0,0,-0.0032853696029633284,1,8
116,42,0,0,-0.0032853696029633284,1,8
116,43,0,0,-0.0032853696029633284,1,8
116,44,0,0,-0.0032853696029633284,1,8
116,45,0,0,-0.0032853696029633284,1,8
116,46,0,0,-0.0032853696029633284,1,8
116,47,0,0,-0.0032853696029633284,1,8
116,48,0,0,-0.0032853696029633284,1,8
116,49,0,0,-0.0032853696029633284,1,8
116,50,0,0,-0.0032853696029633284,1,8
116,51,0,0,-0.0032853696029633284,1,8
116,52,0,0,-0.0032853696029633284,1,8
116,53,0,0,-0.0032853696029633284,1,8
116,54,0,0,-0.0032853696029633284,1,8
116,55,0,0,-0.0032853696029633284,1,8
116,56,0,0,-0.0032853696029633284,1,8
116,57,0,0,-0.0032853696029633284,1,8
116,58,0,0,-0.0032853696029633284,1,8
116,59,0,0,-0.0032853696029633284,1,8
116,60,0,0,-0.0032853696029633284,1,8
116,61,0,0,-0.0032853696029633284,1,8
116,62,0,0,-0.0032853696029633284,1,8
116,63,0,0,-0.0032853696029633284,1,8
116,64,0,0,-0.0032853696029633284,1,8
116,65,0,0,-0.0032853696029633284,1,8
116,66,0,0,-0.0032853696029633284,1,8
116,67,0,0,-0.0032853696029633284,1,8
116,68,0,0,-0.0032853696029633284,1,8
116,69,0,0,-0.0032853696029633284,1,8
116,70,0,0,-0.0032853696029633284,1,8
116,71,0,0,-0.0032853696029633284,1,8
116,72,0,0,-0.0032853696029633284,1,8
116,73,0,0,-0.0032853696029633284,1,8
116,74,0,0,-0.0032853696029633284,1,8
116,75,0,0,-0.0032853696029633284,1,8
116,76,0,0,-0.0032853696029633284,1,8
116,77,0,0,-0.0032853696029633284,1,8
116,78,0,0,-0.0032853696029633284,1,8
116,79,0,0,-0.0032853696029633284,1,8
116,80,0,0,-0.0032853696029633284,1,8
116,81,0,0,-0.0032853696029633284,1,8
116,82,0,0,-0.0032853696029633284,1,8
116,83,0,0,-0.0032853696029633284,1,8
116,84,0,0,-0.0032853696029633284,1,8
116,85,0,0,-0.0032853696029633284,1,8
116,86,0,0,-0.0032853696029633284,1,8
116,87,0,0,-0.0032853696029633284,1,8
116,88,0,0,-0.0032853696029633284,1,8
116,89,0,0,-0.0032853696029633284,1,8
116,90,0,0,-0.0032853696029633284,1,8
116,91,0,0,-0.0032853696029633284,1,8
116,92,0,0,-0.0032853696029633284,1,8
116,93,0,0,-0.0032853696029633284,1,8
116,94,0,0,-0.0032853696029633284,1,8
116,95,0,0,-0.0032853696029633284,1,8
116,96,0,0,-0.0032853696029633284,1,8
116,97,0,0,-0.0032853696029633284,1,8
116,98,0,0,-0.0032853696029633284,1,8
116,99,0,0,-0.0032853696029633284,1,8
116,100,0,0,-0.0032853696029633284,1,8
117,1,0,0,-7.859426114009693e-05,1,7
117,2,0,0,-0.0011641219025477767,1,7
117,3,0,0,-0.001560443313792348,1,7
117,4,0,0,-0.0019917732570320368,1,7
117,5,0,0,-0.002274529542773962,1,7
117,6,0,0,-0.0022709392942488194,1,7
117,7,0,0,-0.0020847113337367773,1,7
117,8,0,0,-0.0020847113337367773,1,7
117,9,0,0,-0.0020847113337367773,1,7
117,10,0,0,-0.0020847113337367773,1,7
117,11,0,0,-0.0020847113337367773,1,7
117,12,0,0,-0.0020847113337367773,1,7
117,13,0,0,-0.0020847113337367773,1,7
117,14,0,0,-0.0020847113337367773,1,7
117,15,0,0,-0.0020847113337367773,1,7
117,16,0,0,-0.0020847113337367773,1,7
117,17,0,0,-0.0020847113337367773,1,7
117,18,0,0,-0.0020847113337367773,1,7
117,19,0,0,-0.0020847113337367773,1,7
117,20,0,0,-0.0020847113337367773,1,7
117,21,0,0,-0.0020847113337367773,1,7
117,22,0,0,-0.0020847113337367773,1,7
117,23,0,0,-0.0020847113337367773,1,7
117,24,0,0,-0.0020847113337367773,1,7
117,25,0,0,-0.0020847113337367773,1,7
117,26,0,0,-0.0020847113337367773,1,7
117,27,0,0,-0.0020847113337367773,1,7
117,28,0,0,-0.0020847113337367773,1,7
117,29,0,0,-0.0020847113337367773,1,7
117,30,0,0,-0.0020847113337367773,1,7
117,31,0,0,-0.0020847113337367773,1,7
117,32,0,0,-0.0020847113337367773,1,7
117,33,0,0,-0.0020847113337367773,1,7
117,34,0,0,-0.0020847113337367773,1,7
117,35,0,0,-0.0020847113337367773,1,7
117,36,0,0,-0.0020847113337367773,1,7
117,37,0,0,-0.0020847113337367773,1,7
117,38,0,0,-0.0020847113337367773,1,7
117,39,0,0,-0.0020847113337367773,1,7
117,40,0,0,-0.0020847113337367773,1,7
117,41,0,0,-0.0020847113337367773,1,7
117,42,0,0,-0.0020847113337367773,1,7
117,43,0,0,-0.0020847113337367773,1,7
117,44,0,0,-0.0020847113337367773,1,7
117,45,0,0,-0.0020847113337367773,1,7
117,46,0,0,-0.0020847113337367773,1,7
117,47,0,0,-0.0020847113337367773,1,7
117,48,0,0,-0.0020847113337367773,1,7
117,49,0,0,-0.0020847113337367773,1,7
117,50,0,0,-0.0020847113337367773,1,7
117,51,0,0,-0.0020847113337367773,1,7
117,52,0,0,-0.0020847113337367773,1,7
117,53,0,0,-0.0020847113337367773,1,7
117,54,0,0,-0.0020847113337367773,1,7
117,55,0,0,-0.0020847113337367773,1,7
117,56,0,0,-0.0020847113337367773,1,7
117,57,0,0,-0.0020847113337367773,1,7
117,58,0,0,-0.0020847113337367773,1,7
117,59,0,0,-0.0020847113337367773,1,7
117,60,0,0,-0.0020847113337367773,1,7
117,61,0,0,-0.0020847113337367773,1,7
117,62,0,0,-0.0020847113337367773,1,7
117,63,0,0,-0.0020847113337367773,1,7
117,64,0,0,-0.0020847113337367773,1,7
117,65,0,0,-0.0020847113337367773,1,7
117,66,0,0,-0.0020847113337367773,1,7
117,67,0,0,-0.0020847113337367773,1,7
117,68,0,0,-0.0020847113337367773,1,7
117,69,0,0,-0.0020847113337367773,1,7
117,70,0,0,-0.0020847113337367773,1,7
117,71,0,0,-0.0020847113337367773,1,7
117,72,0,0,-0.0020847113337367773,1,7
117,73,0,0,-0.0020847113337367773,1,7
117,74,0,0,-0.0020847113337367773,1,7
117,75,0,0,-0.0020847113337367773,1,7
117,76,0,0,-0.0020847113337367773,1,7
117,77,0,0,-0.0020847113337367773,1,7
117,78,0,0,-0.0020847113337367773,1,7
117,79,0,0,-0.0020847113337367773,1,7
117,80,0,0,-0.0020847113337367773,1,7
117,81,0,0,-0.0020847113337367773,1,7
117,82,0,0,-0.0020847113337367773,1,7
117,83,0,0,-0.0020847113337367773,1,7
117,84,0,0,-0.0020847113337367773,1,7
117,85,0,0,-0.0020847113337367773,1,7
117,86,0,0,-0.0020847113337367773,1,7
117,87,0,0,-0.0020847113337367773,1,7
117,88,0,0,-0.0020847113337367773,1,7
117,89,0,0,-0.0020847113337367773,1,7
117,90,0,0,-0.0020847113337367773,1,7
117,91,0,0,-0.0020847113337367773,1,7
117,92,0,0,-0.0020847113337367773,1,7
117,93,0,0,-0.0020847113337367773,1,7
117,94,0,0,-0.0020847113337367773,1,7
117,95,0,0,-0.0020847113337367773,1,7
117,96,0,0,-0.0020847113337367773,1,7
117,97,0,0,-0.0020847113337367773,1,7
117,98,0,0,-0.0020847113337367773,1,7
117,99,0,0,-0.0020847113337367773,1,7
117,100,0,0,-0.0020847113337367773,1,7
